Date,Adj Close,Close,High,Low,Open,Volume,SMA_20,SMA_50,EMA_20,EMA_50,RSI_14,MACD,MACD_Signal,MACD_Hist,BB_upper,BB_middle,BB_lower,ATR_14,STOCH_K,STOCH_D,OBV,CCI_20,Williams_%R,VWAP,CMF_20
2025-01-20,550.5499877929688,550.5499877929688,584.0,525.0,542.0,23912071,,,,,,,,,,,,,,,23912071.0,,,553.1833292643229,
2025-01-21,535.7000122070312,535.7000122070312,580.9500122070312,529.2000122070312,554.0,6872833,,,,,,,,,,,,,,,17039238.0,,,552.1638092585385,
2025-01-22,491.29998779296875,491.29998779296875,548.6500244140625,487.8500061035156,539.4000244140625,3225442,,,,,,,,,,,,,,,13813796.0,,,548.0955699730789,
2025-01-23,529.7000122070312,529.7000122070312,580.0,476.25,492.0,11881704,,,,,,,,,,,,,,,25695500.0,,,543.061006074002,
2025-01-24,514.0999755859375,514.0999755859375,536.8499755859375,496.04998779296875,534.5999755859375,6084006,,,,,,,,,,,,,,,19611494.0,,,539.8543862970092,
2025-01-27,497.70001220703125,497.70001220703125,514.2999877929688,480.04998779296875,495.04998779296875,2151636,,,,,,,,,,,,,,,17459858.0,,,538.1647894734539,
2025-01-28,478.8999938964844,478.8999938964844,504.79998779296875,451.29998779296875,496.04998779296875,2106730,,,,,,,,,,,,,,,15353128.0,,,535.9233021327492,
2025-01-29,490.6000061035156,490.6000061035156,494.70001220703125,468.6000061035156,478.70001220703125,2116975,,,,,,,,,,,,,,,17470103.0,,,534.0625143872364,
2025-01-30,488.3500061035156,488.3500061035156,522.2000122070312,480.0,497.29998779296875,2188561,,,,,,,,,,,,,31.763133539024988,27.201978768605844,15281542.0,,,532.7172566924437,
2025-01-31,494.04998779296875,494.04998779296875,498.95001220703125,477.0,483.0,1108795,,,,,,,,,,,,,44.71344917341556,33.544247716188465,16390337.0,,,531.9489576056106,
2025-02-01,500.04998779296875,500.04998779296875,508.75,483.29998779296875,488.0,652021,,,,,,,,,,,,,57.45433240303178,44.6436383718241,17042358.0,,,531.5870297549797,
2025-02-03,483.70001220703125,483.70001220703125,499.1499938964844,475.20001220703125,492.79998779296875,678604,,,,,,,,,,,,,52.40887086100084,51.52555081248272,16363754.0,,,531.0960082886942,
2025-02-04,494.6499938964844,494.6499938964844,503.75,481.3500061035156,489.8999938964844,891250,,,,,,,,,,,,,46.10446043033969,51.98922123145743,17255004.0,,,530.5679055293585,
2025-02-05,485.6499938964844,485.6499938964844,532.3499755859375,483.0,507.8500061035156,1452006,,,,,,,,,,,,,29.27992792025043,42.59775307053031,15802998.0,,-74.1145418661118,529.8958445251034,
2025-02-06,481.75,481.75,489.8999938964844,478.04998779296875,487.0,404860,,,,,33.94773875128841,,,,,,,40.642857142857146,23.709729047187356,33.03137246592581,15398138.0,,-76.51368571302136,529.6084185850217,
2025-02-07,471.79998779296875,471.79998779296875,484.1499938964844,466.20001220703125,481.0,199615,,,,,32.33112252336011,,,,,,,39.021937467614,12.737274540617923,21.90897716935189,15198523.0,,-84.0714855822834,529.4401980411484,
2025-02-10,450.6499938964844,450.6499938964844,470.0,448.04998779296875,470.0,485790,,,,,29.153131867527122,,,,,,,37.931084791355865,7.670286765346348,14.70576345105053,14712733.0,,-98.02955220690986,528.9047122197655,
2025-02-11,435.54998779296875,435.54998779296875,454.0,430.1000061035156,451.95001220703125,390841,,,,,27.104671611339842,,,,,,,36.92886401315076,5.626621325932073,8.678060877298769,14321892.0,,-94.89462927635725,528.3838850094847,
2025-02-12,428.70001220703125,428.70001220703125,439.79998779296875,411.3999938964844,435.95001220703125,586267,,,,,26.205122049954106,,,,,,,36.319659004817446,10.15084253958587,7.815916876954752,13735625.0,,-85.6965515257656,527.4986945409294,
2025-02-13,419.8999938964844,419.8999938964844,436.1499938964844,415.1000061035156,428.70001220703125,272194,486.167497253418,,486.167497253418,,25.054719775942054,,,,551.8745315408719,486.167497253418,420.46046296596415,35.228968203971114,13.017381905372284,9.598281923630063,13463431.0,-174.70847101676114,-92.97230154046298,527.0811963597959,-0.18653953915677804
2025-02-14,383.1499938964844,383.1499938964844,432.79998779296875,378.04998779296875,426.0,1114658,477.79749755859376,,476.35630645751957,,20.923674530277715,,,,550.8090511460322,477.79749755859376,404.7859439711553,36.62332761797318,13.089529081292433,12.085917842083518,12348773.0,-203.68872737809895,-96.69474626896373,524.9891932994219,-0.230177741156285
2025-02-17,371.8500061035156,371.8500061035156,379.8999938964844,358.20001220703125,369.0,1280732,469.604997253418,,466.40332547142395,,19.840429309984234,,,,551.0706505120294,469.604997253418,388.1393439948066,35.78951719450746,10.492925680096064,12.199945555586917,11068041.0,-213.26249977321902,-92.16193122775142,522.1555109389369,-0.12349649539526314
2025-02-18,351.04998779296875,351.04998779296875,374.54998779296875,344.29998779296875,372.04998779296875,572231,462.59249725341795,,455.4172933115711,,17.993790681764573,,,,558.2840620153332,462.59249725341795,366.90093249150266,35.39383739489978,8.954330356754154,10.845595039380875,10495810.0,-188.44792787579584,-96.41052888159113,520.8144778523935,-0.06301279584282071
2025-02-19,366.3500061035156,366.3500061035156,374.0,344.6499938964844,348.95001220703125,612403,454.4249969482422,,446.9346945298515,,23.624919330291537,,,,553.6312620202696,454.4249969482422,355.21873187621486,34.962135159800916,15.107681079821136,11.518312372223775,11108213.0,-150.80910656337,-88.27438460946748,519.4464324690049,-0.09369099824654191
2025-02-20,377.1000061035156,377.1000061035156,384.75,362.1499938964844,367.8999938964844,426047,447.5749984741211,,440.28377182258146,,27.39719406206495,,,,548.2616576693938,447.5749984741211,346.88833927884843,34.07912594149482,22.71226037984813,15.591423938807798,11534260.0,-112.1863347543414,-82.55781949496448,518.585758935802,-0.07803135410460252
2025-02-21,360.45001220703125,360.45001220703125,388.70001220703125,354.3500061035156,371.0,287488,440.7124984741211,,432.6805566211005,,25.311902795555742,,,,545.4267618815878,440.7124984741211,335.9982350666544,34.098474524496304,32.48087572401156,23.433605727893603,11246772.0,-107.10052134537428,-91.41184500801847,517.9834512066205,-0.10028890751573025
2025-02-24,349.04998779296875,349.04998779296875,360.0,343.75,354.3500061035156,220299,434.2199981689453,,424.7157405422308,,23.966824630929978,,,,544.6066501322391,434.2199981689453,323.83334620565154,32.85572721610594,28.408974945828334,27.867370349896003,11026473.0,-114.37775147574825,-97.18982583295524,517.4735733423586,-0.12116054108034843
2025-02-25,349.79998779296875,349.79998779296875,354.54998779296875,345.20001220703125,352.95001220703125,240130,427.179997253418,,417.58090694706294,,24.252014426403157,,,,540.213501364095,427.179997253418,314.14649314274095,31.176744956808193,20.541375258492938,27.143741976110935,11266603.0,-102.83963977810014,-95.8604255589269,516.9177383805962,-0.2408298155674909
2025-02-27,328.8999938964844,328.8999938964844,352.95001220703125,325.5,351.0,196549,419.2074966430664,,409.1351057041507,,21.798304866555142,,,,536.2791319909755,419.2074966430664,302.13586129515727,30.910549760395554,10.20998435155103,19.72011151862409,11070054.0,-108.02189663723581,-97.8569215081705,516.4274416811693,-0.18327256245739026
2025-02-28,339.25,339.25,350.0,313.20001220703125,323.0,391842,411.46749725341795,,402.47938135137446,,25.801874623911665,,,,528.191522194333,411.46749725341795,294.74347231250294,31.331223905579353,17.780799916482408,16.177386508842115,11461896.0,-98.48267079505044,-83.38648608355511,515.44909271034,-0.2345445004127224
2025-03-03,324.20001220703125,324.20001220703125,342.1499938964844,316.04998779296875,339.25,354378,402.6749984741211,,395.0242033376275,,23.886866419728968,,,,517.8662182892524,402.6749984741211,287.48377865898976,30.95756549114623,21.129103621301123,16.373295963111513,11107518.0,-97.4930625613787,-92.18749932267444,514.5409986109461,-0.2715405792144983
2025-03-04,337.95001220703125,337.95001220703125,342.0,321.6499938964844,328.3999938964844,262948,395.3874984741211,,389.58856608709453,,29.066755245667714,,,,507.5545199058644,395.3874984741211,283.2204770423778,30.199882677744046,39.2875024279031,26.065801988562203,11370466.0,-83.03754081611866,-80.45023319676756,513.8957021729386,-0.2487695963629222
2025-03-05,347.1000061035156,347.1000061035156,348.79998779296875,338.04998779296875,339.0,115896,388.00999908447267,,385.5420365648489,,32.365378309806175,,,,492.21872468979547,388.00999908447267,283.80127347914987,28.81774645690072,56.21407190228424,38.87689265049615,11486362.0,-63.88248876498659,-72.42781704343078,513.6296934220078,-0.2772227560892763
2025-03-06,373.04998779296875,373.04998779296875,378.0,348.1499938964844,354.0,499049,382.3799987792969,,384.35231763419364,,40.77690622131282,-43.98565546611093,-50.68435347972764,6.698698013616713,476.5644855524953,382.3799987792969,288.1955120060985,28.966478416870984,79.16634230198177,58.2226388773897,11985411.0,-27.9036490151407,-49.95820417794916,512.6399580907164,-0.12404946572386069
2025-03-07,434.0,434.0,442.0,371.0,371.0,3011607,379.99249877929685,,389.080668335699,,54.94894210622502,-35.01704070124208,-47.550890924030526,12.533850222788445,466.0504002202189,379.99249877929685,293.93459733837483,31.968872815665915,90.43078936237083,75.27040118887895,14997018.0,63.30485470626395,-6.211180712888797,508.85935908813553,0.1197092946096808
2025-03-10,444.25,444.25,461.8999938964844,422.6000061035156,425.0,1729729,378.61499938964846,,394.33489039896574,,56.82029451303167,-26.77362980909419,-43.39543870104326,16.621808891949073,459.4757109062309,378.61499938964846,297.754287873066,32.49252388547326,91.14156623136599,86.91289929857287,16726747.0,121.64767100655536,-11.869533335481398,507.41512503121174,0.12491572903202383
2025-03-11,434.1000061035156,434.1000061035156,437.8999938964844,414.0,435.3999938964844,413099,377.7875,,398.12204427558953,,54.4100754678777,-20.819690534235292,-38.880289067681666,18.060598533446374,455.97717165358955,377.7875,299.5978283464105,32.33234360793946,86.20570365003022,89.25935308125567,16313648.0,102.43610935525894,-18.695353877733883,507.0053708750449,0.17588683657468604
2025-03-12,435.3999938964844,435.3999938964844,440.20001220703125,426.29998779296875,437.0,171357,377.7800003051758,,401.67232519186524,,54.6752589939905,-15.813959135584923,-34.267023081262316,18.453063945677393,455.9475346125999,377.7800003051758,299.6124659977517,31.01574937980539,80.55737797117484,85.96821595085702,16485005.0,114.95893215639103,-17.821118536075495,506.8480647183645,0.19972945960688104
2025-03-13,430.1000061035156,430.1000061035156,441.3999938964844,425.70001220703125,441.3999938964844,87321,377.85,,404.37972337392716,,53.313699062202545,-12.134664796644586,-29.84055142433877,17.705886627694184,456.20209568865323,377.85,299.4979043113468,29.921765973351654,73.09110417454444,79.95139526524984,16397684.0,109.95283752849913,-21.385334034122636,506.7664466136286,0.19428806068864443
2025-03-17,430.29998779296875,430.29998779296875,437.0,422.1499938964844,430.1000061035156,136361,378.36999969482423,,406.8483199852645,,53.360894082460106,-9.097787048211956,-25.691998549113407,16.59421150090145,457.95975498173993,378.36999969482423,298.7802444079085,28.845211696934793,58.58300528087792,70.74382914219908,16534045.0,102.94685232793096,-21.250847340055135,506.63493347806775,0.20977483150066473
2025-03-18,430.29998779296875,430.29998779296875,430.29998779296875,430.29998779296875,430.29998779296875,0,380.7274993896484,,409.0818121574268,,53.360894082460106,-6.614788390058607,-21.876556517302447,15.26176812724384,463.4745415799768,380.7274993896484,297.98045719932,26.784839432868022,52.84491297818579,61.506340811202726,16534045.0,94.80364601771825,-21.250847340055135,506.63493347806775,
2025-03-19,432.3500061035156,432.3500061035156,464.25,427.3500061035156,444.95001220703125,393275,383.75249938964845,,411.29783062848287,,53.91476100524291,-4.430502642914121,-18.38734574242478,13.95684309951066,469.35439863098225,383.75249938964845,298.15060014831465,27.507350465983475,39.24876006356003,50.225559440874584,16927320.0,99.40169494668916,-21.118832488889016,506.3145522367044,
2025-03-20,443.3999938964844,443.3999938964844,449.95001220703125,430.0,440.0,475269,388.36999969482423,,414.3551795111497,,56.88679814520107,-1.7871970895251934,-15.067316011844863,13.28011892231967,476.3476888250388,388.36999969482423,300.39231056460966,26.967540590344033,44.73070861544201,45.60812721906262,17402589.0,87.36987968701136,-13.803381521680716,505.9303654753317,
2025-03-21,442.95001220703125,442.95001220703125,460.0,435.8999938964844,447.0,357088,392.2,,417.07849691075745,,56.72636464170788,0.2682397430542096,-12.000204860865049,12.268444603919258,482.6445559719125,392.2,301.7554440280875,26.762716698427717,41.36977271777237,41.783080465591475,17045501.0,85.39936782215207,-14.372460214924454,505.6674507220562,
2025-03-24,437.1499938964844,437.1499938964844,457.8500061035156,434.6499938964844,448.45001220703125,135512,395.20249938964844,,418.99006805225525,,54.58933480565334,1.4128883393271963,-9.3175862208266,10.730474560153796,487.41234768006177,395.20249938964844,302.9926510992351,26.508237806185114,42.14650035370619,42.748993895640204,16909989.0,72.89289113528432,-19.00421104038614,505.5631611979477,
2025-03-25,414.5,414.5,443.0,410.54998779296875,439.8999938964844,125714,397.9049987792969,,418.56244252346903,,47.12337824800794,0.4867543835328547,-7.356718099954709,7.843472483487564,489.04430831597574,397.9049987792969,306.765689242618,26.93265026338841,27.77338325275254,37.09655210807704,16784275.0,38.26587200174805,-39.421549277178414,505.43496202071475,
2025-03-26,428.54998779296875,428.54998779296875,435.3999938964844,417.5,422.0,395170,401.8799987792969,,419.51363731104044,,51.54992122168526,0.8764005454290213,-5.710094370877963,6.586494916306984,491.0631356015531,401.8799987792969,312.6968619570407,26.501746237180978,23.438111039775674,31.119331548744814,17179445.0,41.14272822708761,-30.749362902876037,505.0561632606412,
2025-03-27,449.29998779296875,449.29998779296875,455.1499938964844,421.54998779296875,433.0,692616,406.85499877929686,,422.3504325950336,,57.24285949141621,2.8269620620664,-4.002683084289091,6.829645146355491,494.95661599601675,406.85499877929686,318.753381562577,27.008764799062025,40.706019560271415,30.639171284266556,17872061.0,60.986732445370095,-16.03218467241957,504.5258912744217,
2025-03-28,445.1499938964844,445.1499938964844,467.6000061035156,441.0,456.0,496978,412.66749877929686,,424.521819385648,,55.8299216842703,3.9919100384922217,-2.403764459732828,6.39567449822505,494.5494815603136,412.66749877929686,330.7855159982801,26.97956774938014,58.470301017352625,40.87147720579992,17375083.0,74.72274858298043,-39.35145486689686,504.20634502867927,
2025-04-01,421.75,421.75,451.0,418.0,442.8500061035156,222547,416.79249877929686,432.722998046875,424.2578365870148,432.722998046875,48.552663914524466,2.992460534963925,-1.3245194607934774,4.316979995757403,491.4588844185779,416.79249877929686,342.12611314001583,27.409598624424415,52.880808175119626,50.68570958424791,17152536.0,30.93855442043457,-80.36808306341823,504.0082388075355,
2025-04-02,419.04998779296875,419.04998779296875,426.45001220703125,412.45001220703125,426.45001220703125,162870,421.5349975585938,430.092998046875,423.76185098758185,432.1868015663296,47.778789393500084,1.959928348619144,-0.667629898910953,2.627558247530097,482.94712586522064,421.5349975585938,360.1228692519669,26.451770151251242,30.749260288785692,47.366789827085995,16989666.0,-5.444668928720762,-85.10079356376193,503.84253532044596,
2025-04-03,417.25,417.25,433.1499938964844,400.0,400.0,282546,425.4999969482422,427.7239978027344,423.1416747030502,431.6010446421598,47.23823467822327,0.9850402493530055,-0.3370958692581613,1.3221361186111669,473.6138921146211,425.4999969482422,377.3861017818633,26.930214704482182,19.038994969526556,34.22302114447731,16707120.0,-34.10153598903314,-74.48225082467428,503.54809350281727,
2025-04-04,389.8500061035156,389.8500061035156,420.3999938964844,380.0,417.25,255695,427.6374969482422,425.6949981689453,419.97103959833265,429.96374901319336,39.84773577122485,-1.9757409967927515,-0.6648248947650794,-1.310916102027672,463.9905427578637,427.6374969482422,391.2844511386207,27.892341789625196,16.243122131159925,22.01045912982407,16451425.0,-159.04527454510566,-88.75570157851813,503.22215395417527,
2025-04-07,370.04998779296875,370.04998779296875,373.95001220703125,325.0,326.0,229696,427.4874969482422,422.5019976806641,415.21665371210753,427.61418974965517,35.5227339910529,-5.8524144765597725,-1.7023428111240182,-4.150071665435754,464.75355322768553,427.4874969482422,390.2214406687989,30.53217495490308,24.172002054218623,19.818039718301716,16221729.0,-345.4432027960496,-68.40814455487033,502.8205440024222,
2025-04-08,385.3500061035156,385.3500061035156,391.45001220703125,365.04998779296875,377.95001220703125,205021,425.054997253418,419.92699829101565,412.3722110827178,425.9567707831399,40.86401603288233,-7.602485805147751,-2.8823714099287647,-4.720114395218986,466.4279572550846,425.054997253418,383.68203725175135,30.23702134484304,34.26679748534604,24.89397389024154,16426750.0,-185.99040825061488,-57.67881941063411,502.52304394396396,
2025-04-09,382.04998779296875,382.04998779296875,389.8999938964844,370.29998779296875,379.25,125777,421.9449966430664,417.6139978027344,409.4843802932179,424.23493615607435,40.09255897579169,-9.15023561949647,-4.1359442518423055,-5.014291367654165,466.3210030628007,421.9449966430664,377.56899022333215,29.477234541891082,48.10229826198019,35.51369926718163,16300973.0,-150.84917893118913,-59.99299764997538,502.3414472133963,
2025-04-11,407.1499938964844,407.1499938964844,411.0,380.0,400.0,291974,420.59749603271484,416.1789978027344,409.26205777924326,423.56493842040413,48.11577051036724,-8.256304239352573,-4.960016249344359,-3.2962879900082145,465.0519275828127,420.59749603271484,376.143064482617,29.586003503184575,64.88801548087265,49.08570374273297,16592947.0,-73.20083098612346,-42.391311093738395,501.98625819943925,
2025-04-15,413.04998779296875,413.04998779296875,419.20001220703125,407.20001220703125,410.0,176200,419.47999572753906,414.62799743652346,409.6228130186457,423.1525874154067,49.81708945748551,-6.991186929955006,-5.366250385466488,-1.6249365444885182,463.51147814908023,419.47999572753906,375.4485133059979,28.33343313228188,77.44440782743085,63.47824052342791,16769147.0,-23.300531576738504,-38.25386814566343,501.80169390759,
2025-04-16,424.54998779296875,424.54998779296875,439.0,396.54998779296875,405.0,436526,419.2024948120117,413.3519970703125,411.04444871143835,423.20738743021303,53.04876915843168,-5.002947591481643,-5.293589826669519,0.29064223518787635,463.03225019619936,419.2024948120117,375.37273942782406,29.34176020904969,86.68072652141491,76.33771660990614,17205673.0,2.105990929897662,-30.189352361805778,501.3829800164034,
2025-04-17,406.29998779296875,406.29998779296875,431.70001220703125,403.20001220703125,424.0,428389,418.0024948120117,411.5969970703125,410.5925952906317,422.5443521503211,47.789180729973005,-4.84403702610814,-5.203679266557243,0.3596422404491033,461.8653666334099,418.0024948120117,374.13962299061353,29.281634479831855,75.44426891851751,79.85646775578776,16777284.0,-17.0215289250217,-42.987388279666845,500.9447184423547,
2025-04-21,411.3500061035156,411.3500061035156,415.6499938964844,406.1499938964844,410.0,205826,417.05499572753905,409.82299743652345,410.6647296537635,422.1053581877013,49.287506274541904,-4.261481281727924,-5.015239669591379,0.7537583878634546,460.63212230605626,417.05499572753905,373.47786914902184,27.868660588415292,61.99903260415021,74.70800934802755,16983110.0,-23.14549669711862,-39.446001116695065,500.729273026947,-0.03355992211735368
2025-04-22,411.54998779296875,411.54998779296875,434.0,409.0,411.0,502182,416.0149948120117,408.3799969482422,410.7490399527354,421.6914220937902,49.34949481639437,-3.7405461189468383,-4.760300959462471,1.019754840515633,459.0720860655394,416.0149948120117,372.957903558484,27.66375626067134,46.95767328794392,61.466991603537224,17485292.0,6.2165506894046265,-39.305761508775305,500.24939859476456,-0.05119260812540817
2025-04-23,409.5,409.5,416.95001220703125,404.0,414.79998779296875,150995,414.3199951171875,406.6769970703125,410.6300837667606,421.21332710972,48.69243684479422,-3.4533105177004586,-4.498902871110069,1.04559235340961,455.56223569479874,414.3199951171875,373.07775453957623,26.612774542554195,39.65926021446234,49.53865536885217,17334297.0,-18.54843832480236,-32.93650793650794,500.0921826097395,-0.0856394663830511
2025-04-24,398.54998779296875,398.54998779296875,413.8999938964844,390.70001220703125,409.04998779296875,103674,412.09999389648436,404.9349969482422,409.47959843592326,420.32456870514153,45.228416959686975,-4.0624196612427,-4.411606229136595,0.349186567893895,451.68549423019374,412.09999389648436,372.514493562775,26.369003624475546,27.990485353198054,38.20247295186811,17230623.0,-46.91057301151628,-35.48246684827303,499.9736651526114,-0.0691174932864706
2025-04-25,396.45001220703125,396.45001220703125,410.75,385.3999938964844,399.79998779296875,269201,410.0649948120117,403.2289971923828,408.23868546174305,419.3883115875686,44.57350937381066,-4.660865963907668,-4.46145817609081,-0.19940778781685786,448.4568017107615,410.0649948120117,371.6731879132619,26.296218087264123,23.79081250329304,30.480186023651154,16961422.0,-53.41214241285503,-37.32455069558662,499.65634873074083,-0.0550480236374684
2025-04-28,393.8500061035156,393.8500061035156,405.0,388.04998779296875,393.0,67056,409.0324951171875,401.66999755859376,406.8683350466738,418.3868094117234,43.7292317362019,-5.284026762413873,-4.625971893355422,-0.6580548690584509,447.99809445854845,409.0324951171875,370.0668957758266,25.628631952961776,19.417597842000173,23.732965232830427,16894366.0,-54.431357261530174,-39.60525780393367,499.5761482378067,-0.04264399750647911
2025-04-29,400.1499938964844,400.1499938964844,402.75,392.04998779296875,392.79998779296875,89743,407.6124954223633,400.6599975585938,406.22849303237,417.67164017583167,46.37949712160288,-5.209478199269768,-4.742673154538291,-0.4668050447314762,445.6893334871986,407.6124954223633,369.53565735752795,24.562301971109598,28.95822533375637,24.055545226349867,16984109.0,-38.22338671755289,-34.07895272238213,499.47177278649417,-0.05369321420920642
2025-04-30,391.6499938964844,391.6499938964844,400.0,390.0,400.0,31346,404.72999572753906,399.78199768066406,404.84006454323804,416.6511834589945,43.40886513631677,-5.769766610489967,-4.9480918457286265,-0.8216747647613403,438.19641570362745,404.72999572753906,371.2635757514507,23.53285139435065,28.689280075890007,25.68836775054886,16952763.0,-49.725577424810055,-64.02974751505658,499.43377098078207,-0.16098485170686555
2025-05-02,390.29998779296875,390.29998779296875,396.0,388.54998779296875,394.70001220703125,24454,401.9874954223633,399.0139971923828,403.4552953289267,415.61780323679744,42.938461375406995,-6.250679480980068,-5.2086093727789144,-1.0420701082011536,430.3565949802134,401.9874954223633,373.61839586451316,22.384077166684982,29.336781949135343,28.994762452927247,16928309.0,-53.33269170849969,-70.88792365898145,499.4035073236858,-0.10164929444387026
2025-05-05,389.1499938964844,389.1499938964844,395.0,385.0,395.0,46992,400.3574951171875,398.3989971923828,402.09288566869407,414.57984992933416,42.51580517129208,-6.647967659220569,-5.496481030067246,-1.1514866291533234,427.72585599965066,400.3574951171875,372.98913423472436,21.499500226207484,20.669717957690477,26.231926660905284,16881317.0,-57.44291963821298,-84.49153576867056,499.3443745739721,-0.06588606201426297
2025-05-06,378.1000061035156,378.1000061035156,392.79998779296875,374.3500061035156,390.0,73065,398.3099960327148,398.2979974365234,399.8078495196294,413.1492678185177,38.58558561506574,-7.76495351842965,-5.950175527739726,-1.8147779906899233,425.9044787120689,398.3099960327148,370.71551335336073,21.28167747358217,17.76118583384486,22.589228580223566,16808252.0,-93.12146945234112,-94.19953541526333,499.2458869495131,-0.07588847511686905
2025-05-07,386.20001220703125,386.20001220703125,391.0,368.29998779296875,372.8999938964844,94628,396.7574966430664,398.5849975585937,398.5118650136677,412.0924342651261,42.762497475200504,-7.905441057775363,-6.341228633746853,-1.5642124240285096,423.3920615638072,396.7574966430664,370.12293172232563,21.382987097399962,30.140376638529858,22.857093476688405,16902880.0,-83.96945082960592,-74.68172372920424,499.11866879166803,-0.06831530325954789
2025-05-08,378.25,378.25,395.0,376.0,381.6000061035156,59592,396.1774963378906,399.1289978027344,396.5821635837946,410.7652799802192,39.894583845698406,-8.559608154316209,-6.784904537860724,-1.7747036164554846,423.87257258600874,396.1774963378906,368.48242008977246,21.212773733299965,35.19725542981843,27.69960596739772,16843288.0,-69.02931899787178,-84.85538758246014,499.0395468576714,-0.04834568115483891
2025-05-09,370.29998779296875,370.29998779296875,376.45001220703125,359.95001220703125,360.0,60477,396.18999633789065,399.20799743652344,394.0790992227636,409.1784057767976,37.20728670216828,-9.608775848698997,-7.349678800028379,-2.2590970486706183,423.83807714894067,396.18999633789065,368.5419155268406,21.00471759470488,40.63890755537813,35.32551320790881,16782811.0,-156.8332020609614,-86.022988126785,498.94955198698074,-0.10233210279676817
2025-05-12,393.75,393.75,395.54998779296875,378.25,378.25,63898,396.60999603271483,399.54099731445314,394.04775643964325,408.5733702561389,48.27509050294633,-8.450615366544014,-7.569866113331505,-0.8807492532125085,423.83866497428215,396.60999603271483,369.3813270911475,21.30795205222596,53.464547156506136,43.100236713900905,16846709.0,-45.75414872142188,-54.35517438913318,498.8694105681331,-0.12477806833602169
2025-05-13,405.29998779296875,405.29998779296875,409.5,388.1000061035156,393.75,74313,397.77249603271486,400.43799682617185,395.11939752091234,408.4450023164067,52.69750445268975,-6.52555481878926,-7.361003854423056,0.835449035633796,424.3939011552805,397.77249603271486,371.1510909101492,21.31452646967299,71.99890743667568,55.367454049519985,16921022.0,18.84704287699451,-20.438639322916668,498.7863505349004,-0.12056499347362173
2025-05-14,399.70001220703125,399.70001220703125,408.3999938964844,395.8999938964844,405.0,55391,397.3999969482422,401.4509973144531,395.555646538638,408.10206152780376,50.44548942852346,-5.389672899981576,-6.96673766353476,1.5770647635531834,423.6925768694192,397.3999969482422,371.10741702706514,20.68491743612492,88.89651849621374,71.45332436313186,16865631.0,20.34652942768944,-26.320642277862216,498.72476306248257,-0.21004498729135862
2025-05-15,404.0,404.0,407.8500061035156,397.54998779296875,400.0,59267,396.94749755859374,402.5349975585938,396.3598706778153,407.9411963698507,52.13689544731363,-4.095297180679211,-6.39244956696365,2.2971523862844396,422.4466799276343,396.94749755859374,371.44831518955317,19.943138927155058,86.88193420519394,82.59245337936112,16924898.0,36.31974171567392,-13.287404767711914,498.6601684601921,-0.21183816512208295
2025-05-16,401.75,401.75,408.5,400.45001220703125,407.8500061035156,44892,395.8074981689453,403.99199768066404,396.8732163275472,407.6984043553467,51.153029301122444,-3.2140022760328293,-5.7567601087774865,2.542757832744657,418.10644925567044,395.8074981689453,373.50854708222016,19.093628131856036,81.44070530626186,85.73971933588984,16880006.0,47.982156376705525,-15.640770755345658,498.61152081064256,-0.31269882659007553
2025-05-19,403.6499938964844,403.6499938964844,413.54998779296875,401.1000061035156,401.75,91417,395.6749984741211,405.2799975585938,397.518623715065,407.53964316088155,51.9771543460374,-2.3353357889004656,-5.0724752448020825,2.737139455901617,417.753392325053,395.6749984741211,373.59660462318914,18.619081957398684,75.06676354412029,81.12980101852537,16971423.0,71.01131778525861,-18.47014627947282,498.51524599541705,-0.23159955427545892
2025-05-20,394.1000061035156,394.1000061035156,408.45001220703125,393.0,408.45001220703125,104819,394.81249847412107,406.6779974365234,397.19304108539365,407.0125985703966,47.62755680498334,-2.3821307492597725,-4.53440634569362,2.1522755964338476,415.6891552321901,394.81249847412107,373.93584171605204,18.392719832372443,47.217674464245675,67.90838110487594,16866604.0,21.68484417789848,-36.28729579973172,498.396065333347,-0.2958281157849753
2025-05-21,395.95001220703125,395.95001220703125,400.95001220703125,394.0,394.5,26646,394.0324996948242,407.83799743652344,397.07465738269246,406.5787716541862,48.526180770448875,-2.2440678438562145,-4.076338645326139,1.8322708014699245,413.4652370925814,394.0324996948242,374.599762297067,17.5753835734195,26.936107488393436,49.74018183225314,16893250.0,19.872473076092874,-32.835790303149004,498.36534426900687,-0.14043379079867377
2025-05-22,393.70001220703125,393.70001220703125,398.95001220703125,390.3999938964844,398.95001220703125,29380,393.2425003051758,408.76999755859373,396.7532626040581,406.0737222641017,47.45960113699182,-2.2898126576413915,-3.7190334477891893,1.4292207901477978,411.33416366361865,393.2425003051758,375.1508369467329,16.930714626071456,11.32102415707925,28.491602036572797,16863870.0,4.49029200324225,-37.03355340920219,498.33061908280206,-0.14114296236953183
2025-05-23,393.79998779296875,393.79998779296875,395.75,391.29998779296875,392.95001220703125,87775,393.00500030517577,409.18499755859375,396.4719983363353,405.59239934366514,47.514802542238435,-2.2915826199038065,-3.4335432822121126,1.141960662308306,410.9357262204429,393.00500030517577,375.0742743899086,16.0392358818543,14.43234803278011,17.563159892750942,16951645.0,1.1367505578335237,-36.84703170868909,498.22628219356653,-0.11218177721058849
2025-05-26,397.6499938964844,397.6499938964844,403.20001220703125,395.95001220703125,399.0,71399,393.06499938964845,408.45799743652344,396.5841883896828,405.2809324633835,49.70621067780077,-1.9597314468101104,-3.1387809151317123,1.179049468321602,411.0493843938626,393.06499938964845,375.0806143854343,15.565006491297742,23.035969755364885,16.263113981741423,17023044.0,51.88989083321459,-29.664181228947985,498.1458701467207,-0.1325493354048034
2025-05-27,381.1499938964844,381.1499938964844,395.0,379.1000061035156,391.70001220703125,344191,392.42999877929685,407.1959973144531,395.1142651046163,404.3346211470345,41.67518243147349,-2.9936402833115494,-3.10975278876768,0.1161125054561305,411.1408358784658,392.42999877929685,373.7191616801279,15.778219441417098,21.119712687284956,19.529343491809993,16678853.0,-72.51426324501647,-60.44777734000469,497.70619020291264,-0.2613493979714386
2025-05-28,373.1499938964844,373.1499938964844,387.04998779296875,371.0,382.6000061035156,115812,391.0799987792969,405.9769970703125,393.0224297514609,403.1116945881894,38.43287565409805,-4.407743898424485,-3.3693510106990407,-1.0383928877254442,411.2103111883421,391.0799987792969,370.9496863702517,15.79763146652793,18.449777549340478,20.86848666399678,16563041.0,-124.92324113441491,-75.37315727263825,497.54854029689113,-0.3409138419941586
2025-05-29,373.3500061035156,373.3500061035156,380.79998779296875,371.29998779296875,375.8999938964844,119313,390.1649993896484,404.73599731445313,391.1488655945137,401.94456954957474,38.56157249441468,-5.449473746759168,-3.785375557911066,-1.6640981888481017,411.7215791583309,390.1649993896484,368.60841962096595,15.34780064749022,7.493773747357248,15.687754661327567,16682354.0,-120.92165032925166,-94.47706985264057,497.3839780333108,-0.3511270606858047
2025-05-30,383.75,383.75,386.95001220703125,373.95001220703125,377.1000061035156,383105,389.8375,403.80899719238283,390.44421172836957,401.23105701821885,44.99951110252341,-5.373912448193494,-4.103082935967551,-1.2708295122259425,411.57419494156596,389.8375,368.100805058434,15.222958180063463,17.857136087496308,14.600229128064683,17065459.0,-65.08590968867317,-70.03524404745681,496.8860699636775,-0.18495828642273762
2025-06-02,390.45001220703125,390.45001220703125,392.0,378.0,383.75,78905,389.90250091552736,403.0119976806641,390.4447641549088,400.8082709471919,48.72705042898106,-4.718996924845271,-4.226265733743095,-0.4927311911021759,411.6383585663957,389.90250091552736,368.166643264659,15.135604024344644,42.64537621483828,22.665428683230616,17144364.0,-25.504844647031764,-54.289029877829236,496.7887095960637,-0.1480034016403256
2025-06-03,401.1499938964844,401.1499938964844,406.0,384.79998779296875,390.45001220703125,98618,391.0550003051758,402.4289978027344,391.46430984458266,400.82167184716417,54.07952022142529,-3.298548936455461,-4.0407223742855685,0.7421734378301075,412.60902385903063,391.0550003051758,369.50097675132093,15.568776037393688,68.926938504836,43.14315026905687,17242982.0,44.568532922913924,-29.14217968009249,496.67886252466445,-0.09923927173391961
2025-06-04,395.8999938964844,395.8999938964844,406.04998779296875,393.0,403.0,50024,391.5399993896484,401.69999755859374,391.88675594476376,400.62866486870615,51.25241970818825,-2.5668754533984384,-3.7459529901081425,1.1790775367097042,413.07173516746536,391.5399993896484,370.00826361183147,15.388862591363335,79.32531390136215,63.63254287367882,17192958.0,47.256658717764616,-41.480608601727916,496.6237951107942,-0.14223916130057132
2025-06-05,399.25,399.25,404.04998779296875,395.8500061035156,399.70001220703125,72268,392.5899993896484,400.8169976806641,392.5880172833577,400.5745995797373,52.94287912726294,-1.6971379019662436,-3.3361899724797626,1.639052070513519,413.46509581415944,392.5899993896484,371.7149029651374,14.87537109836975,78.58348182275984,75.61191140965268,17265226.0,53.35784992394161,-33.60750151691413,496.5454812412721,-0.1250421810764752
2025-06-06,397.95001220703125,397.95001220703125,401.1000061035156,393.1000061035156,398.8999938964844,45430,393.9725006103516,399.91699768066405,393.0986834665647,400.4716745847292,52.1865880967896,-1.100081719491584,-2.888968321882127,1.788886602390543,412.26188103496344,393.9725006103516,375.6831201857397,14.38427316277191,73.57689162906631,77.16189578439611,17219796.0,29.263344579555568,-28.037374038635484,496.4951306046315,-0.1288210851786029
2025-06-09,403.6499938964844,403.6499938964844,405.79998779296875,396.6499938964844,398.20001220703125,67293,394.4675003051758,399.24699768066404,394.10357017417607,400.5963145577392,55.207939927856444,-0.1650667213058341,-2.3441880017668684,2.1791212804610343,413.2356171920896,394.4675003051758,375.699383418262,14.0103960723228,79.54840049733934,77.23625798305517,17287089.0,67.3626299194691,-6.8473458840000765,496.4241375352041,-0.13599591318172755
2025-06-10,402.79998779296875,402.79998779296875,419.54998779296875,401.0,401.8999938964844,137308,394.3425003051758,399.01299743652345,394.9318004235849,400.6827331159835,54.653312526411156,0.5015692345000389,-1.7750365545134867,2.2766057890135256,412.85188235842224,394.3425003051758,375.83311825192936,14.334652623797512,65.58014631697584,72.90181281446051,17149781.0,114.54474689642372,-34.50052360759979,496.2884143925531,-0.2066724196264679
2025-06-11,420.20001220703125,420.20001220703125,422.25,404.0,404.0,371358,395.3675003051758,398.8459979248047,397.3382967839131,401.4481166097501,62.875275498889835,2.406182609150619,-0.9387927217806655,3.344975330931285,416.9632480715396,395.3675003051758,373.77175253881194,14.700035451171349,72.86160672680683,72.66338451370734,17521139.0,167.0532152571072,-3.9999761814024395,495.9551714031212,-0.05039458836557304
2025-06-12,429.45001220703125,429.45001220703125,437.79998779296875,420.3500061035156,423.3999938964844,384970,396.64000091552737,398.4489984130859,400.39655539563864,402.54623016258466,66.36650578345275,4.60887191853044,0.17074020628155573,4.438131712248884,422.66535016749253,396.64000091552737,370.6146516635622,14.907174032226076,70.39962219508067,69.61379174628779,17906109.0,243.78197808106492,-12.499965736245844,495.67099458970864,-0.043788993525733205
2025-06-13,429.20001220703125,429.20001220703125,430.8999938964844,414.6499938964844,420.1000061035156,226477,398.0125015258789,398.1299987792969,403.1397417586284,403.59147651726886,66.18534672103806,6.262159874101201,1.3890241398454848,4.873135734255716,427.6198016546815,398.0125015258789,368.4052013970763,15.003090172781356,84.4627715364097,75.90800015276574,17679632.0,181.24114636252966,-12.874217301642558,495.4942412274161,0.031020988939510327
2025-06-16,427.6499938964844,427.6499938964844,429.95001220703125,416.79998779296875,427.0,75217,399.2125015258789,398.24799865722656,405.47405148604327,404.53494778704203,65.00064161932751,7.362459120796984,2.5837111360357845,4.7787479847612,431.4638913823631,399.2125015258789,366.9611116693947,14.870728332872867,77.61311665131467,77.49183679426835,17604415.0,156.00672445829886,-15.194604418105516,495.4356367961902,0.06678773964236027
2025-06-17,422.45001220703125,422.45001220703125,436.79998779296875,420.0,431.0,108436,400.6300018310547,398.3159991455078,407.0908096499469,405.23749933292396,61.0524247776217,7.725800912972147,3.612129091423057,4.11367182154909,434.318037954532,400.6300018310547,366.9419657075774,15.008532580022573,68.70174903991393,76.92587907587944,17495979.0,136.2300962311143,-23.08267005404135,495.35325075282555,0.07122566464102918
2025-06-18,406.8999938964844,406.8999938964844,427.0,405.0,420.3500061035156,79004,401.17750091552733,398.1089990234375,407.0726367210457,405.30269519816164,51.06371231526411,6.681969791892243,4.226097231516894,2.455872560375349,434.89940561248613,401.17750091552733,367.45559621856853,15.50792311002096,44.265668939245415,63.52684487682467,17416975.0,58.17260487010275,-48.39468396490644,495.2816628341704,0.05174565178220095
2025-06-19,394.25,394.25,410.04998779296875,392.0,406.8500061035156,57340,401.20500030517576,398.1969989013672,405.8514332238032,404.86925617078276,44.66209408133812,4.778889260364906,4.336655637286496,0.4422336230784101,434.90335809654016,401.20500030517576,367.50664251381136,15.689499158802944,21.80028130580456,44.922566428321296,17359635.0,-14.83634151142308,-72.82608140948373,495.22083352988267,0.03903960072562758
2025-06-20,405.04998779296875,405.04998779296875,407.0,391.54998779296875,394.0,48315,401.76750030517576,398.89699890136717,405.7751050875333,404.8763436853783,50.38135510246002,4.094948961195769,4.2883143020683505,-0.19336534087258173,435.327947807108,401.76750030517576,368.2070528032435,15.67239294796211,13.549747805024387,26.538566016691448,17407950.0,-4.426958623473181,-61.79245283018868,495.1709294688328,0.048175230702105554
2025-06-23,412.0,412.0,414.8999938964844,402.8999938964844,405.0,95210,402.48500061035156,399.42999877929685,406.36795222205393,405.15570275653994,53.69775028837345,4.0668491426219475,4.24402127017907,-0.17717212755712275,436.27544967475365,402.48500061035156,368.6945515459495,15.410079165964817,26.6833246944342,20.67778460175438,17503160.0,37.41946277164981,-55.7837573902027,495.0818680653016,0.0772297483046462
2025-06-24,428.20001220703125,428.20001220703125,439.8999938964844,412.1000061035156,412.1000061035156,478943,404.8375015258789,400.3529992675781,408.447196030147,406.0594011663631,60.35013750050702,5.290796422162089,4.453376300575674,0.8374201215864145,438.90909185757675,404.8375015258789,370.76591119418106,16.3022159324305,50.27637999614751,30.169817498535362,17982103.0,108.00897459304957,-24.198511297814285,494.7245030185831,0.18094765094102186
2025-06-25,428.6000061035156,428.6000061035156,442.8999938964844,424.3500061035156,428.45001220703125,244007,407.6100021362305,400.78199951171877,410.3665112752297,406.94334645801615,60.50103562509621,6.22134384463061,4.806969809386661,1.4143740352439487,439.8937120531715,407.6100021362305,375.3262922192895,16.462771065326088,64.38227055374595,47.11399174810922,18226110.0,120.26641392716684,-27.84807418355831,494.55772865985125,0.1590296239460145
2025-06-26,436.8500061035156,436.8500061035156,439.0,429.0,429.0,124438,410.78500213623045,401.2579998779297,412.8887488779236,408.1161566401926,63.5797561917165,7.537626368278211,5.353101121164971,2.18452524711324,441.4144247029445,410.78500213623045,380.1555795695164,16.029715553265966,78.72385023138871,64.46083359376073,18350548.0,122.34451229982164,-11.781863824461249,494.47707737456676,0.20177788056687648
2025-06-27,432.0,432.0,439.8999938964844,428.8999938964844,439.0,76015,413.19750213623047,401.4070001220703,414.70886803240705,409.0527779484204,60.58985066492419,8.096107899992035,5.901702476930383,2.194405423061651,442.5013902833872,413.19750213623047,383.89361398907374,15.67045015660411,77.70669241692315,73.6042710673526,18274533.0,104.82449486536999,-21.22685998227782,494.42680261192345,0.14502139600055766
2025-06-30,434.45001220703125,434.45001220703125,448.79998779296875,428.8500061035156,432.0,113915,415.39750213623046,401.9700006103516,416.58897700141887,410.0487479193463,61.57292549441805,8.636843886938493,6.4487307589320055,2.1881131280064876,444.14123254456786,415.39750213623046,386.65377172789306,15.97613098037904,73.95579367020517,76.79544543950568,18388448.0,111.87287874234369,-25.06545953875546,494.3562726808843,0.10560027028491495
2025-07-01,429.95001220703125,429.95001220703125,440.20001220703125,427.1000061035156,439.0,85054,416.83750305175784,402.34200073242187,417.86145654481055,410.8291896561182,58.677711860733176,8.603097507629457,6.879604108671495,1.7234933989579613,445.4672854278785,416.83750305175784,388.2077206756372,15.770693489174509,52.18439081053344,67.94895896588726,18303394.0,77.90806724411945,-32.92572154748908,494.29916135498854,0.07156144659798366
2025-07-02,423.29998779296875,423.29998779296875,432.1000061035156,422.1499938964844,429.95001220703125,29090,418.207502746582,402.5770007324219,418.379411901778,411.31824056344567,54.59245943948699,7.9481307613780245,7.093309439212801,0.8548213221652237,445.2784045810169,418.207502746582,391.1366009121471,15.35493054044999,29.372777418906768,51.837653966548466,18274304.0,38.963364472419954,-44.54148471615721,494.27758221785194,0.07393243065733442
2025-07-03,440.95001220703125,440.95001220703125,448.0,426.0,426.0,335054,420.2925033569336,403.2060009765625,420.52899288323067,412.48027082397846,62.128814920608754,8.752382343512181,7.425124020072677,1.3272583234395041,447.62401961899246,420.2925033569336,392.9609870948747,16.02243637377722,32.58775920019624,38.04830914321216,18609358.0,99.00419051828402,-13.711747748362445,494.07511828118413,0.10950569630844138
2025-07-04,436.29998779296875,436.29998779296875,444.0,432.79998779296875,442.0,71246,422.21000213623046,403.9610009765625,422.0309923984438,413.414377371782,59.334746154161266,8.911809614506751,7.722461138959492,1.1893484755472592,448.3579486014151,422.21000213623046,396.0620556710458,15.677977504723938,42.65167468826827,34.870737102457106,18538112.0,91.25996450240764,-21.83406113537118,494.03178095414154,0.09728942053577078
2025-07-07,420.95001220703125,420.95001220703125,435.95001220703125,418.29998779296875,435.95001220703125,45699,423.0750030517578,404.4510009765625,421.92804190402353,413.7098924633604,51.156145966892865,7.710658459689739,7.720100603105541,-0.009442143415801851,447.81656589170746,423.0750030517578,398.3334402118081,15.843836254386513,44.18749547946061,39.80897645597505,18492413.0,8.953019441449356,-48.64624556495633,493.99779212949477,0.07672386028541532
2025-07-08,427.6499938964844,427.6499938964844,430.8999938964844,419.04998779296875,422.1000061035156,62967,424.31750335693357,405.1270007324219,422.4729897128293,414.25656310779664,54.128261576491695,7.216186339721787,7.61931775042879,-0.40313141070700276,447.29446057991714,424.31750335693357,401.34054613395,15.55856267218145,31.16660020367389,39.335256790467604,18555380.0,9.343595987959855,-36.94322077988537,493.95155787946254,0.12323978397463348
2025-07-09,436.1000061035156,436.1000061035156,439.95001220703125,426.75,427.6499938964844,48058,425.1125030517578,405.8460009765625,423.7708007976566,415.1131687154719,57.629992107518305,7.420618714214129,7.579577943185858,-0.15895922897172898,448.56004434478734,425.1125030517578,401.6649617587283,15.390094781813579,33.445607833869325,36.26656783900129,18603438.0,70.64783341292467,-22.183374130049128,493.9206613015771,0.04148096231372258
2025-07-10,435.20001220703125,435.20001220703125,442.29998779296875,430.70001220703125,439.95001220703125,58159,425.40000305175784,406.7170013427734,424.85929712235895,415.90088806808205,57.129765399843166,7.42442668864993,7.548547692278673,-0.12412100362874234,449.191710404223,425.40000305175784,401.6082956992927,15.119371982108145,52.39100155668262,39.001069864741964,18545279.0,79.99262482277064,-29.62958037992063,493.8844404555753,0.034973408909283285
2025-07-11,429.1499938964844,429.1499938964844,438.29998779296875,426.70001220703125,435.20001220703125,43304,425.39750213623046,407.49400146484373,425.2679349103709,416.42046084566647,53.75210779587558,6.860178749960312,7.410873903815,-0.5506951538546883,449.1876216415672,425.39750213623046,401.6073826308937,14.867986525238814,56.966624780633424,47.601078057061805,18501975.0,39.647980667819546,-53.542244415155686,493.85531842367743,-0.051756038647521194
2025-07-14,445.8999938964844,445.8999938964844,469.70001220703125,427.20001220703125,436.04998779296875,915298,426.3100021362305,408.6290014648437,427.23289290904836,417.5765209653064,60.68282655564341,7.676107815089949,7.46392068606999,0.2121871290199593,451.72052851661135,426.3100021362305,400.8994757558496,16.841701773436043,54.65934090802275,54.672322415112944,19417273.0,143.13370015714193,-46.303515575831995,493.4042173538893,-0.088704444436046
2025-07-15,467.1499938964844,467.1499938964844,478.0,451.1000061035156,456.6000061035156,780356,428.5450012207031,410.4100012207031,431.03452157451846,419.52057872731336,67.3647574927221,9.923048161671943,7.9557461811903805,1.9673019804815626,459.46934516269437,428.5450012207031,397.62065727871186,17.931580654156015,59.02302990060449,56.882998529753564,20197629.0,221.30975228925223,-18.17421086261981,493.1734303612519,-0.012939693143467103
2025-07-16,480.29998779296875,480.29998779296875,489.0,470.0,472.8999938964844,732669,432.21500091552736,412.29200073242185,435.7264707381804,421.9040849651822,70.68493879628025,12.619390702312785,8.88847508541486,3.7309156168979243,468.8817967369289,432.21500091552736,395.5482050941258,18.211468186253132,72.63200720286044,62.1047926704959,20930298.0,265.98361174772367,-12.305531407201112,493.07043061831723,0.017546121705971172
2025-07-17,482.3999938964844,482.3999938964844,489.3500061035156,474.04998779296875,485.0,264649,436.62250061035155,414.37500061035155,440.17156818182843,424.2764735507235,71.18903388499321,14.75562092101768,10.061904252535424,4.693716668482256,475.12169731321245,436.62250061035155,398.12330390749065,18.003507480845542,84.59725993733639,72.08409901360044,21194947.0,231.0701330628304,-9.781858431976744,493.0396098729656,0.031221367875244054
2025-07-18,482.29998779296875,482.29998779296875,485.0,469.20001220703125,482.6000061035156,162397,440.48500061035156,416.61500061035156,444.18379862098465,426.55190548179195,71.12630861149779,16.253172646263636,11.300157931281067,4.953014714982569,480.9872767897015,440.48500061035156,399.9827244310016,17.84611321742577,87.86611329985497,81.69846014668394,21032550.0,169.4862478372381,-9.922612939707504,493.01552623454694,0.04532245446708906
2025-07-21,497.75,497.75,509.95001220703125,482.29998779296875,490.0,1054029,444.7725006103516,418.69500061035154,449.2853416094623,429.34398761976087,74.8178613638359,18.473726423056974,12.734871629636249,5.738854793420725,490.1650190442651,444.7725006103516,399.3799821764381,18.546392588614108,85.61078647920426,86.0247199054652,22086579.0,191.36174973061173,-13.31152095706296,493.0552629921662,0.050779455221800815
2025-07-22,479.8999938964844,479.8999938964844,507.25,478.0,504.0,254973,447.35749969482424,420.1870007324219,452.20102277965486,431.326576101201,64.5496482443201,18.579017625414508,13.903700828791902,4.675316796622607,494.53387652946674,447.35749969482424,400.18112286018174,19.310935975141668,64.72779322616334,79.40156433507418,21831606.0,132.73041345255183,-32.787790840933035,493.0429953773095,-0.001258373914429364
2025-07-23,473.54998779296875,473.54998779296875,487.70001220703125,471.0,482.29998779296875,123540,449.60499877929686,421.66400024414065,454.2342575428276,432.98239616754483,61.325245115019754,17.943230842645903,14.711606831562701,3.231624011083202,497.27308135132967,449.60499877929686,401.93691620726406,19.12444142027664,38.73390690040674,63.024162201924774,21708066.0,83.51653278996348,-39.71632811532278,493.02313983188935,0.0073338108041904075
2025-07-24,459.8999938964844,459.8999938964844,475.25,458.0,473.5,131294,450.7574981689453,422.7820001220703,454.7738514812711,434.0379882353464,54.96879466591208,16.15173762972995,14.999632991196151,1.1521046385337996,498.2505765486659,450.7574981689453,403.2644197892247,18.990552747399736,13.529920244143584,38.997206790237875,21576772.0,38.22062428342223,-54.60993450959447,492.9845168159505,-0.02484120369858631
2025-07-25,458.79998779296875,458.79998779296875,467.54998779296875,453.0,459.8999938964844,329703,452.0974975585938,423.92299987792967,455.1572930347661,435.00904704152765,54.478734162077146,14.476330920415876,14.894972577040097,-0.4186416566242208,498.9053781011271,452.0974975585938,405.28961701606045,18.67336953636895,8.172161864457047,20.145329669669113,21247069.0,20.475058430277166,-56.27063880760569,492.87245968477566,-0.029693732842381897
2025-07-28,436.5,436.5,472.20001220703125,427.04998779296875,458.79998779296875,286372,452.1999969482422,424.58,453.380407983836,435.06751578499717,45.60271208543121,11.219801498916866,14.15993836141545,-2.9401368624985853,498.8616010200694,452.1999969482422,405.538392876415,20.564559170489918,8.541584900232769,10.08122233627779,20960697.0,-26.563819321094968,-88.22824289132883,492.7332613554729,-0.048856698327092586
2025-07-29,425.79998779296875,425.79998779296875,450.29998779296875,423.1499938964844,445.0,239547,451.99249572753905,425.21399963378906,450.7537012989915,434.7040833147216,42.06158636958418,7.686966345911799,12.865343958314721,-5.178377612402922,499.082970348342,451.99249572753905,404.90202110673613,21.03494736520381,8.690912844678811,8.468219869789534,20721150.0,-65.38402403220078,-96.94701228402577,492.58777179928813,-0.07184290578350118
2025-07-30,431.25,431.25,434.79998779296875,421.0,428.95001220703125,108531,452.38999633789064,425.9199993896484,448.89620593718274,434.56862906708545,44.428595493069494,5.2662336089796895,11.345521888447715,-6.079288279468026,498.63152525463306,452.38999633789064,406.1484674211482,20.51816453861559,11.594133037295608,9.608876927402386,20829681.0,-79.35391394896676,-88.47667386920295,492.517599610501,-0.05848844246997557
2025-07-31,422.04998779296875,422.04998779296875,431.25,421.0,425.0,94889,451.4449951171875,426.4869989013672,446.3394232567814,434.0777019582966,41.357039830005874,2.575729965420976,9.591563503842368,-7.015833538421392,499.3264681902631,451.4449951171875,403.5635220441119,19.784724214428763,8.350033403268714,9.545026428414369,20734792.0,-88.205997870672,-98.81957543690393,492.45227697859946,-0.09461485558182389
2025-08-01,410.45001220703125,410.45001220703125,426.75,406.79998779296875,422.04998779296875,96062,450.1524963378906,426.81999938964844,442.92138410918614,433.1511258896195,37.807835703260686,-0.4869217104952668,7.57586646097484,-8.062788171470107,500.9087444917926,450.1524963378906,399.39624818398863,19.796530499614654,8.841947046026613,9.595371162196969,20638730.0,-110.68060226027046,-96.46144105656181,492.37642626193906,-0.10007495694146455
2025-08-04,424.6000061035156,424.6000061035156,428.95001220703125,406.3999938964844,409.0,84536,450.33499603271486,427.35899963378904,441.17649096578896,432.8157878587919,44.1088235705171,-1.7521117245505593,5.71027082386976,-7.46238254842032,500.6946270645138,450.33499603271486,399.97536500091593,19.993208200395525,16.36324142061829,11.185073956637865,20723266.0,-93.20784253410083,-82.42394110211613,492.31435721408207,-0.08512365671112167
2025-08-05,411.6499938964844,411.6499938964844,425.20001220703125,408.6499938964844,420.70001220703125,84675,449.53499603271484,427.96899963378905,438.3644436258552,431.98575672301513,40.10420218279579,-3.7564397837069237,3.8169287023544234,-7.573368486061347,501.7835984191018,449.53499603271484,397.2863936463279,19.747266065406336,21.841628936154887,15.682272467599923,20638591.0,-103.58336835383625,-94.92998641076507,492.24815971153345,-0.09879358391125363
2025-08-06,410.3500061035156,410.3500061035156,415.70001220703125,404.0,411.0,81806,448.2474960327148,428.7129998779297,435.69640195706097,431.13729591440733,39.71440577163146,-5.387676579536844,1.9760076459761695,-7.363684225513014,502.96749898046323,448.2474960327148,393.5274930849664,19.172462218379543,27.748862165992875,21.98457750758868,20556785.0,-109.73996662471309,-94.00660181982101,492.1800471999031,-0.10042990060179086
2025-08-07,400.6000061035156,400.6000061035156,411.95001220703125,399.0,408.0,70444,446.5174957275391,429.2579998779297,432.3538880662471,429.9397551375096,36.82356721996835,-7.382090860263531,0.10438794472822921,-7.48647880499176,504.8468743531693,446.5174957275391,388.18811710190886,18.728001503283235,15.710316473667412,21.766935858605052,20486341.0,-115.36159628150004,-98.5579036255264,492.1170898584521,-0.10695745256233617
2025-08-08,395.6000061035156,395.6000061035156,404.3999938964844,391.0,403.79998779296875,53618,444.8399963378906,429.495,428.8535183555108,428.5930983126471,35.40046905884448,-9.259400158721633,-1.768369675961743,-7.491030482759889,506.8823409099273,444.8399963378906,382.79765176585397,18.347429531369034,13.588751420174072,19.015976686611445,20432723.0,-120.93698373492268,-96.04300550235214,492.06551624500173,-0.10539267408396862
2025-08-11,391.54998779296875,391.54998779296875,393.29998779296875,388.1499938964844,390.20001220703125,66992,442.1224960327148,429.5169995117187,425.3008011590782,427.1404273118754,34.24597886142164,-10.947784686175737,-3.604252678004542,-7.343532008171195,508.3603520633845,442.1224960327148,375.88464000204516,17.569042579630622,8.880082227961802,12.72638337393442,20365731.0,-117.51631321601086,-96.58463759807852,491.9970951112752,-0.09717976685008513
2025-08-12,393.45001220703125,393.45001220703125,406.79998779296875,387.1499938964844,391.6499938964844,122842,438.4374969482422,429.36299987792967,422.2673926874547,425.8192345626658,35.311821363979405,-11.994263098459044,-5.282254762095443,-6.712008336363601,506.8601810889371,438.4374969482422,370.0148128075473,17.71768195940589,14.45486377184311,12.307899139992985,20488573.0,-95.97589593275158,-92.84901489888152,491.8778242576423,-0.1554255004188182
2025-08-13,379.79998779296875,379.79998779296875,399.0,376.1000061035156,394.0,323909,433.41249694824216,429.0409997558594,418.2228779355989,424.0145582187561,31.37687082678191,-13.766357669905801,-6.979075343657515,-6.787282326248286,503.53980313534373,433.41249694824216,363.2851907611406,18.087847097768638,13.854698403236767,12.396548134347219,20164664.0,-109.64100436107846,-96.14986321076023,491.52944359977425,-0.24079993074111747
2025-08-14,346.54998779296875,346.54998779296875,382.75,343.0,379.79998779296875,394985,426.61999664306643,427.98699951171875,411.39688839820553,420.97673192754877,24.279445554256107,-17.650290936197052,-9.113318462165422,-8.53697247403163,502.53014721184843,426.61999664306643,350.7098460742844,19.635143733642305,12.650524449591785,13.65336220822388,19769679.0,-155.30418509904524,-97.25233168919503,490.99870281089426,-0.3169715293122911
2025-08-18,348.8999938964844,348.8999938964844,353.45001220703125,345.04998779296875,348.0,133120,419.9499969482422,427.0059991455078,405.4448032075654,418.1501931812325,25.561048422034936,-20.304650803965956,-11.35158493052553,-8.953065873440426,498.5147655035853,419.9499969482422,341.3852283928991,18.832635210815177,8.377538186434068,11.627587013087533,19902799.0,-157.21572014642024,-94.50140301239531,490.8097181957499,-0.34774316777131786
2025-08-19,346.95001220703125,346.95001220703125,351.5,345.0,350.5,102823,412.4099975585938,425.87199951171874,399.8738707313241,415.3580292214599,25.180206110611426,-22.308439543923953,-13.542955853205214,-8.765483690718739,488.5693565005103,412.4099975585938,336.25063861667724,17.95173269575695,7.001043082728789,9.343035239584873,19799976.0,-148.7724447706249,-95.69715388640412,490.6627358093453,-0.5034254790108903
2025-08-20,348.95001220703125,348.95001220703125,358.8999938964844,345.54998779296875,350.0,217390,405.8624984741211,424.795,395.0239794432962,412.7537932601098,26.391579896635747,-23.46458810606856,-15.527282303777884,-7.937305802290677,480.18088788364423,405.8624984741211,331.54410906459793,17.62303793916828,8.687968597409254,8.022183288857363,20017366.0,-128.0436859680059,-93.25777653594193,490.3601680701623,-0.47283538859259105
2025-08-21,349.3500061035156,349.3500061035156,353.3500061035156,345.54998779296875,348.95001220703125,94091,399.6524993896484,423.3779998779297,390.67407722045994,410.267370234361,26.64737097921885,-24.07109144813103,-17.236044132648512,-6.835047315482516,471.0064044449334,399.6524993896484,328.29859433436343,16.921393679981037,10.930374269573461,8.873128649903828,20111457.0,-118.86391693329738,-92.6119776595027,490.22800715599715,-0.4505506551647947
2025-08-22,349.8500061035156,349.8500061035156,358.0,345.70001220703125,351.0,95170,394.15,421.7859997558594,386.7860704474176,407.89806183707293,26.9889160508963,-24.232071656890753,-18.635249637496962,-5.596822019393791,463.0003835656642,394.15,325.29961643433575,16.59129325948016,20.497341827548997,13.371894898177231,20206627.0,-103.93359720444569,-92.03024417609653,490.0962565582596,-0.43265484107394075
2025-08-25,352.70001220703125,352.70001220703125,360.04998779296875,349.0,353.3500061035156,203564,388.8450012207031,420.25599975585936,383.53977918642846,405.7334324398164,29.017732134304204,-23.854695873081425,-19.679138884613856,-4.175556988467569,453.15284974813375,388.8450012207031,324.5371526932725,16.195485726157916,34.009972330017256,21.812562809046568,20410191.0,-87.26121567474962,-88.19950028401392,489.8208134751548,-0.451253997060988
2025-08-26,343.3500061035156,343.3500061035156,354.0,340.0,353.54998779296875,69089,384.18750152587893,418.57,379.71218174996056,403.28702356388305,26.423575178152703,-24.033052131937666,-20.549921534078617,-3.4831305978590485,447.5001329907719,384.18750152587893,320.874870060986,16.038665317146634,34.254442969465245,29.587252375677163,20341102.0,-94.49982898391684,-95.5746293747566,489.72200248384684,-0.439413407044599
2025-08-27,343.3500061035156,343.3500061035156,343.3500061035156,343.3500061035156,343.3500061035156,0,380.06500244140625,416.98799987792967,376.2491174026801,400.93655229092747,26.423575178152703,-23.898909005606356,-21.219719028384166,-2.6791899772221903,442.73660455920754,380.06500244140625,317.39340032360496,14.893046365921874,28.193151128822183,32.15252214276823,20341102.0,-89.31870698836222,-95.34398118811124,489.72200248384684,
2025-08-28,334.5,334.5,343.25,330.20001220703125,342.0,82171,375.2275024414063,415.54,372.2730109833772,398.3311972991264,24.06217938922068,-24.227442268099026,-21.82126367632714,-2.406178591771887,436.2633704330583,375.2275024414063,314.19163444975425,14.768542618104911,15.940623700738795,26.129405933008737,20258931.0,-95.874601355752,-94.38643712341057,489.5966686512189,
2025-08-29,341.25,341.25,347.29998779296875,330.0,330.0,472119,371.1875030517578,414.48,369.3184385087699,396.09271897367046,29.255161778313592,-23.670282376683247,-22.19106741639836,-1.4792149602848852,429.9456166085483,371.1875030517578,312.4293894949673,14.949360130595185,22.85040675440814,22.328060527989702,20731050.0,-80.31188902684647,-85.3515601716932,488.8969693057182,
2025-09-01,339.95001220703125,339.95001220703125,346.3999938964844,337.3500061035156,343.5,56691,367.6625030517578,413.17800048828127,366.5214455276519,393.89104419850815,28.846028380983,-23.067717016446977,-22.366397336408085,-0.7013196800388926,425.0180664312061,367.6625030517578,310.30693967230957,14.527976392193297,31.100444806264036,23.29715842047032,20674359.0,-70.50012119973636,-87.04425287950085,488.8143499594883,
2025-09-02,336.5,336.5,345.0,335.6000061035156,345.0,104509,363.257502746582,411.6680004882812,363.6622602393041,391.64041501425294,27.737379808074703,-22.60795633173501,-22.41470913547347,-0.19324719626154163,415.7731100300937,363.257502746582,310.74189546307036,14.161691928214088,38.82276141465246,30.92453765844154,20569850.0,-71.95659109479837,-90.57971014492755,488.660017659391,
2025-09-03,333.20001220703125,333.20001220703125,343.8999938964844,330.0,339.0,114786,359.3350036621094,409.76800048828125,360.76109376004,389.34863451200897,26.681078912098343,-22.253351330539545,-22.382437574486683,0.12908624394713897,408.4131955568147,359.3350036621094,310.2568117674041,14.142999211661964,32.509286160599586,34.144164127172026,20455064.0,-78.71686944909922,-93.93362614780806,488.48710691032664,
2025-09-04,332.54998779296875,332.54998779296875,339.8999938964844,332.0,337.20001220703125,365709,355.445002746582,407.8470001220703,358.0743217631761,387.12123660145835,26.467266299457286,-21.77378125345365,-22.260706310280078,0.48692505682642917,399.8423203611083,355.445002746582,311.04768513205573,13.69707026057785,23.603099506191125,31.64504902714772,20089355.0,-81.11718510823619,-91.51418027009844,487.9356395364542,
2025-09-05,331.95001220703125,331.95001220703125,335.20001220703125,329.3500061035156,335.04998779296875,90562,352.0125030517578,405.74900024414063,355.5862922816385,384.9576591742259,26.258104724896743,-21.19777675258132,-22.048120398740327,0.8503436461590077,392.34365286431677,352.0125030517578,311.6813532391988,13.136565677930548,16.162110416573352,24.091498694454685,19998793.0,-91.82469690816554,-91.53091969299497,487.7973354593467,
2025-09-08,333.6000061035156,333.6000061035156,338.0,330.0,337.45001220703125,104635,348.9125030517578,403.78100036621095,353.49236026467446,382.9436335636098,27.944553186686015,-20.373297624798454,-21.713155843951952,1.3398582191534985,384.6335272464717,348.9125030517578,313.19147885704393,12.769668129506938,19.048565974109035,19.604591965624504,20103428.0,-85.60840543312658,-86.15634353469314,487.63958708750886,
2025-09-09,323.70001220703125,323.70001220703125,338.0,322.8500061035156,336.0,145658,345.52000427246094,401.5660003662109,350.65499378299415,380.6203542947244,24.34675256326832,-20.284906965146263,-21.427506068190816,1.142599103044553,377.0398122597715,345.52000427246094,314.00019628515037,12.939691398576755,15.481303259063225,16.897326549915203,19957770.0,-113.98453316263905,-97.7150362314382,487.412433540342,
2025-09-10,315.25,315.25,328.0,314.70001220703125,326.0,372233,341.61000366210936,399.2720001220703,347.2830896131852,378.0568109890489,21.77035687334924,-20.658563040735828,-21.273717462699818,0.6151544219639895,367.2252994065382,341.61000366210936,315.9947079176805,12.965426855319041,11.125696342403815,15.218521858525355,19585537.0,-166.69658427941042,-98.78723684883461,486.8027041767959,
2025-09-11,311.29998779296875,311.29998779296875,323.3999938964844,310.54998779296875,316.70001220703125,296420,338.18500366210935,397.0320001220703,343.85612753506933,375.43889635390855,20.66926793002498,-21.03098899635137,-21.225171769430126,0.19418277307875798,360.5739587714719,338.18500366210935,315.7960485527468,12.957182515904512,2.9842560458297283,9.863751882432252,19289117.0,-189.5134727640881,-98.48484848484848,486.3081206628769,
2025-09-12,305.95001220703125,305.95001220703125,313.8999938964844,302.0,313.6000061035156,269820,336.1550048828125,394.3320001220703,340.24602131335143,372.71384207363883,19.249204676509542,-21.509885002662315,-21.282114416076563,-0.227770586585752,362.20507347452883,336.1550048828125,310.1049362910961,12.881669043088788,5.295662726843608,6.46853837169238,19019297.0,-209.31732886700263,-92.40382267878606,485.8399943988209,
2025-09-15,303.3999938964844,303.3999938964844,308.3999938964844,302.0,308.3999938964844,1659954,333.8800048828125,391.67400024414064,336.7368758450784,369.99565194904454,18.59348301877628,-21.84338179588218,-21.394367892037685,-0.44901390384449513,362.8626682108133,333.8800048828125,304.8973415548117,12.41869224690276,5.864455762483741,4.714791511719022,17359343.0,-189.78309965762688,-96.90950491447666,482.97056879899003,
2025-09-16,362.3500061035156,362.3500061035156,364.04998779296875,313.0,316.70001220703125,16780179,334.6500045776367,390.5020001220703,339.17622158397717,369.69582270020027,55.95053793038773,-17.15317595301906,-20.54612950423396,3.3929535512149016,365.7235681176379,334.6500045776367,303.5764410376355,15.863785221872876,37.37381033609615,16.177976275141162,34139522.0,68.36786027233339,-2.739697057032717,464.13790377589885,
2025-09-17,353.95001220703125,353.95001220703125,377.04998779296875,350.0,369.0,6727866,334.9000045776367,389.02800048828124,340.58324926236327,369.07833993576224,52.26972752608403,-13.95312045017613,-19.227527693422395,5.274407243246266,366.5056427824453,334.9000045776367,303.2943663728281,16.662799691236867,56.789907351755915,33.34272448344527,27411656.0,146.00578361102714,-30.779452822378314,458.6968680286582,
2025-09-18,346.8500061035156,346.8500061035156,358.1000061035156,345.0,353.0,679235,334.7750045776367,387.24300048828127,341.1800832472349,368.2066405697918,49.31650669943286,-11.853326791532083,-17.752687513044332,5.899360721512249,366.1701294349675,334.7750045776367,303.3798797203059,16.408314434971064,75.41367595556791,56.52579788113999,26732421.0,83.89389328716842,-40.239822253885144,458.12460028923687,
2025-09-19,346.6000061035156,346.6000061035156,360.8500061035156,342.0,346.95001220703125,1116275,334.61250457763674,385.47100036621094,341.6962663764045,367.35932157111426,49.21107420020769,-10.09305168243452,-16.22076034692237,6.127708664487848,365.72621920356437,334.61250457763674,303.4987899517091,16.582720982724247,62.80259711883651,65.00206014205344,25616146.0,83.76854874828591,-40.57293356722692,457.1956635661622,
