Date,Close,High,Low,Open,Volume
,NAGREEKCAP.NS,NAGREEKCAP.NS,NAGREEKCAP.NS,NAGREEKCAP.NS,NAGREEKCAP.NS
2020-09-01,5.699999809265137,5.699999809265137,5.699999809265137,5.699999809265137,0
2020-09-02,5.699999809265137,5.699999809265137,5.699999809265137,5.699999809265137,0
2020-09-03,5.75,5.75,5.699999809265137,5.75,2000
2020-09-04,5.75,5.75,5.75,5.75,0
2020-09-07,5.5,5.849999904632568,5.5,5.5,1002
2020-09-08,5.400000095367432,5.400000095367432,5.25,5.400000095367432,780
2020-09-09,5.400000095367432,5.400000095367432,5.400000095367432,5.400000095367432,0
2020-09-10,5.300000190734863,5.300000190734863,5.300000190734863,5.300000190734863,100
2020-09-11,5.050000190734863,5.050000190734863,5.050000190734863,5.050000190734863,1000
2020-09-14,4.800000190734863,5.050000190734863,4.800000190734863,4.800000190734863,1188
2020-09-15,5.0,5.0,5.0,5.0,250
2020-09-16,4.849999904632568,4.849999904632568,4.849999904632568,4.849999904632568,279
2020-09-17,4.849999904632568,4.849999904632568,4.849999904632568,4.849999904632568,0
2020-09-18,4.849999904632568,4.849999904632568,4.849999904632568,4.849999904632568,0
2020-09-21,4.849999904632568,4.849999904632568,4.849999904632568,4.849999904632568,0
2020-09-22,4.699999809265137,4.699999809265137,4.699999809265137,4.699999809265137,150
2020-09-23,4.699999809265137,4.699999809265137,4.699999809265137,4.699999809265137,0
2020-09-24,4.699999809265137,4.699999809265137,4.699999809265137,4.699999809265137,0
2020-09-25,4.699999809265137,4.699999809265137,4.699999809265137,4.699999809265137,0
2020-09-28,4.900000095367432,4.900000095367432,4.900000095367432,4.900000095367432,100
2020-09-29,4.900000095367432,4.900000095367432,4.900000095367432,4.900000095367432,0
2020-09-30,4.900000095367432,4.900000095367432,4.900000095367432,4.900000095367432,0
2020-10-01,5.099999904632568,5.099999904632568,5.099999904632568,5.099999904632568,1050
2020-10-05,5.099999904632568,5.099999904632568,5.099999904632568,5.099999904632568,0
2020-10-06,5.199999809265137,5.199999809265137,5.199999809265137,5.199999809265137,96
2020-10-07,5.400000095367432,5.400000095367432,5.400000095367432,5.400000095367432,100
2020-10-08,5.400000095367432,5.400000095367432,5.400000095367432,5.400000095367432,100
2020-10-09,5.199999809265137,5.199999809265137,5.199999809265137,5.199999809265137,565
2020-10-12,5.199999809265137,5.199999809265137,5.199999809265137,5.199999809265137,2000
2020-10-13,5.099999904632568,5.099999904632568,5.099999904632568,5.099999904632568,200
2020-10-14,5.099999904632568,5.099999904632568,5.099999904632568,5.099999904632568,535
2020-10-15,5.0,5.0,5.0,5.0,500
2020-10-16,5.0,5.0,5.0,5.0,1150
2020-10-19,5.0,5.0,5.0,5.0,1
2020-10-20,5.0,5.0,5.0,5.0,1099
2020-10-21,4.900000095367432,4.900000095367432,4.900000095367432,4.900000095367432,300
2020-10-22,4.900000095367432,4.900000095367432,4.900000095367432,4.900000095367432,0
2020-10-23,4.900000095367432,4.900000095367432,4.900000095367432,4.900000095367432,0
2020-10-26,4.900000095367432,4.900000095367432,4.900000095367432,4.900000095367432,500
2020-10-27,4.900000095367432,4.900000095367432,4.900000095367432,4.900000095367432,0
2020-10-28,4.949999809265137,4.949999809265137,4.949999809265137,4.949999809265137,10
2020-10-29,5.150000095367432,5.150000095367432,5.150000095367432,5.150000095367432,586
2020-10-30,5.400000095367432,5.400000095367432,5.400000095367432,5.400000095367432,24
2020-11-02,5.400000095367432,5.400000095367432,5.400000095367432,5.400000095367432,0
2020-11-03,5.400000095367432,5.400000095367432,5.400000095367432,5.400000095367432,0
2020-11-04,5.150000095367432,5.599999904632568,5.150000095367432,5.150000095367432,1114
2020-11-05,5.150000095367432,5.150000095367432,5.150000095367432,5.150000095367432,0
2020-11-06,5.150000095367432,5.150000095367432,5.150000095367432,5.150000095367432,0
2020-11-09,5.150000095367432,5.150000095367432,5.150000095367432,5.150000095367432,0
2020-11-10,5.150000095367432,5.150000095367432,5.150000095367432,5.150000095367432,100
2020-11-11,5.150000095367432,5.150000095367432,5.150000095367432,5.150000095367432,25
2020-11-12,5.150000095367432,5.150000095367432,5.150000095367432,5.150000095367432,0
2020-11-13,5.150000095367432,5.150000095367432,5.150000095367432,5.150000095367432,0
2020-11-17,5.0,5.150000095367432,5.0,5.0,300
2020-11-18,5.25,5.25,5.25,5.25,1000
2020-11-19,5.199999809265137,5.199999809265137,5.199999809265137,5.199999809265137,50
2020-11-20,5.199999809265137,5.199999809265137,5.199999809265137,5.199999809265137,0
2020-11-23,5.449999809265137,5.449999809265137,5.0,5.449999809265137,301
2020-11-24,5.449999809265137,5.449999809265137,5.449999809265137,5.449999809265137,0
2020-11-25,5.400000095367432,5.400000095367432,5.400000095367432,5.400000095367432,200
2020-11-26,5.400000095367432,5.400000095367432,5.400000095367432,5.400000095367432,0
2020-11-27,5.400000095367432,5.400000095367432,5.400000095367432,5.400000095367432,0
2020-12-01,5.650000095367432,5.650000095367432,5.650000095367432,5.650000095367432,100
2020-12-02,5.400000095367432,5.400000095367432,5.400000095367432,5.400000095367432,100
2020-12-03,5.199999809265137,5.199999809265137,5.199999809265137,5.199999809265137,45
2020-12-04,5.050000190734863,5.050000190734863,5.050000190734863,5.050000190734863,100
2020-12-07,5.050000190734863,5.050000190734863,5.050000190734863,5.050000190734863,0
2020-12-08,5.050000190734863,5.050000190734863,5.050000190734863,5.050000190734863,0
2020-12-09,5.050000190734863,5.050000190734863,5.050000190734863,5.050000190734863,0
2020-12-10,5.050000190734863,5.050000190734863,5.050000190734863,5.050000190734863,0
2020-12-11,5.0,5.0,5.0,5.0,350
2020-12-14,5.25,5.25,5.25,5.25,25
2020-12-15,5.25,5.25,5.25,5.25,0
2020-12-16,5.449999809265137,5.5,5.449999809265137,5.449999809265137,766
2020-12-17,5.699999809265137,5.699999809265137,5.699999809265137,5.699999809265137,90
2020-12-18,5.900000095367432,5.900000095367432,5.449999809265137,5.900000095367432,500
2020-12-21,5.900000095367432,6.150000095367432,5.900000095367432,5.900000095367432,1960
2020-12-22,6.099999904632568,6.150000095367432,6.099999904632568,6.099999904632568,502
2020-12-23,5.800000190734863,6.050000190734863,5.800000190734863,5.800000190734863,295
2020-12-24,6.0,6.0,5.550000190734863,6.0,23
2020-12-28,5.699999809265137,6.25,5.699999809265137,5.699999809265137,2772
2020-12-29,5.949999809265137,5.949999809265137,5.699999809265137,5.949999809265137,1451
2020-12-30,6.099999904632568,6.099999904632568,5.75,6.099999904632568,2749
2020-12-31,6.25,6.349999904632568,5.800000190734863,6.25,1025
2021-01-01,6.25,6.25,6.25,6.25,0
2021-01-04,6.5,6.550000190734863,5.949999809265137,6.5,1461
2021-01-05,6.199999809265137,6.5,6.199999809265137,6.199999809265137,2821
2021-01-06,6.5,6.5,5.900000095367432,6.5,2024
2021-01-07,6.699999809265137,6.699999809265137,6.699999809265137,6.699999809265137,558
2021-01-08,6.800000190734863,6.800000190734863,6.449999809265137,6.800000190734863,192
2021-01-11,6.5,6.5,6.5,6.5,320
2021-01-12,6.800000190734863,6.800000190734863,6.800000190734863,6.800000190734863,45
2021-01-13,6.5,6.800000190734863,6.5,6.5,1251
2021-01-14,6.199999809265137,6.449999809265137,6.199999809265137,6.199999809265137,199
2021-01-15,6.199999809265137,6.199999809265137,6.199999809265137,6.199999809265137,68
2021-01-18,6.199999809265137,6.199999809265137,6.199999809265137,6.199999809265137,2400
2021-01-19,6.0,6.0,6.0,6.0,2000
2021-01-20,6.0,6.0,6.0,6.0,231
2021-01-21,6.300000190734863,6.300000190734863,6.25,6.300000190734863,4732
2021-01-22,6.199999809265137,6.199999809265137,6.199999809265137,6.199999809265137,702
2021-01-25,6.5,6.5,6.5,6.5,279
2021-01-27,6.599999904632568,6.599999904632568,6.550000190734863,6.599999904632568,136
2021-01-28,6.300000190734863,6.449999809265137,6.300000190734863,6.300000190734863,289
2021-01-29,6.599999904632568,6.599999904632568,6.599999904632568,6.599999904632568,18
2021-02-01,6.849999904632568,6.849999904632568,6.300000190734863,6.849999904632568,172
2021-02-02,7.050000190734863,7.150000095367432,7.050000190734863,7.050000190734863,467
2021-02-03,7.199999809265137,7.400000095367432,7.0,7.199999809265137,393
2021-02-04,6.900000095367432,7.550000190734863,6.900000095367432,6.900000095367432,290
2021-02-05,7.0,7.0,7.0,7.0,45
2021-02-08,7.050000190734863,7.349999904632568,7.050000190734863,7.050000190734863,199
2021-02-09,7.099999904632568,7.099999904632568,7.099999904632568,7.099999904632568,36
2021-02-10,6.75,6.75,6.75,6.75,634
2021-02-11,6.449999809265137,7.050000190734863,6.449999809265137,6.449999809265137,9185
2021-02-12,6.150000095367432,6.150000095367432,6.150000095367432,6.150000095367432,5
2021-02-15,6.0,6.0,5.849999904632568,6.0,11980
2021-02-16,6.0,6.0,6.0,6.0,0
2021-02-17,6.0,6.0,6.0,6.0,0
2021-02-18,6.300000190734863,6.300000190734863,6.300000190734863,6.300000190734863,45
2021-02-19,6.0,6.599999904632568,6.0,6.449999809265137,285
2021-02-22,5.849999904632568,6.300000190734863,5.849999904632568,5.849999904632568,150
2021-02-23,6.099999904632568,6.099999904632568,5.650000095367432,6.099999904632568,6677
2021-02-24,6.099999904632568,6.099999904632568,6.099999904632568,6.099999904632568,0
2021-02-25,5.650000095367432,6.050000190734863,5.550000190734863,5.650000095367432,2703
2021-02-26,5.550000190734863,5.550000190734863,5.5,5.550000190734863,33
2021-03-01,5.800000190734863,5.800000190734863,5.800000190734863,5.800000190734863,18
2021-03-02,6.050000190734863,6.050000190734863,5.550000190734863,6.050000190734863,189
2021-03-03,6.349999904632568,6.349999904632568,6.0,6.349999904632568,2523
2021-03-04,6.650000095367432,6.650000095367432,6.150000095367432,6.650000095367432,19
2021-03-05,6.5,6.800000190734863,6.349999904632568,6.5,556
2021-03-08,6.75,6.800000190734863,6.75,6.800000190734863,3095
2021-03-09,6.75,6.75,6.75,6.75,1000
2021-03-10,6.75,6.75,6.75,6.75,117
2021-03-12,6.5,6.949999809265137,6.449999809265137,6.5,4732
2021-03-15,6.199999809265137,6.199999809265137,6.199999809265137,6.400000095367432,50
2021-03-16,6.199999809265137,6.199999809265137,6.199999809265137,6.199999809265137,232
2021-03-17,5.900000095367432,6.150000095367432,5.900000095367432,5.900000095367432,110
2021-03-18,6.150000095367432,6.150000095367432,5.650000095367432,6.150000095367432,5501
2021-03-19,6.0,6.150000095367432,5.849999904632568,6.0,1168
2021-03-22,5.699999809265137,5.699999809265137,5.699999809265137,5.699999809265137,11
2021-03-23,5.699999809265137,5.699999809265137,5.699999809265137,5.699999809265137,6466
2021-03-24,5.75,5.75,5.449999809265137,5.75,1720
2021-03-25,5.800000190734863,5.800000190734863,5.75,5.800000190734863,4000
2021-03-26,5.699999809265137,6.050000190734863,5.599999904632568,5.699999809265137,2236
2021-03-30,5.949999809265137,5.949999809265137,5.949999809265137,5.949999809265137,1233
2021-03-31,6.199999809265137,6.199999809265137,5.699999809265137,6.199999809265137,819
2021-04-01,5.900000095367432,6.5,5.900000095367432,5.900000095367432,362
2021-04-05,5.699999809265137,6.150000095367432,5.699999809265137,5.699999809265137,2
2021-04-06,5.550000190734863,5.949999809265137,5.449999809265137,5.550000190734863,2102
2021-04-07,5.300000190734863,5.550000190734863,5.300000190734863,5.300000190734863,777
2021-04-08,5.349999904632568,5.349999904632568,5.050000190734863,5.349999904632568,35
2021-04-09,5.349999904632568,5.349999904632568,5.349999904632568,5.349999904632568,0
2021-04-12,5.599999904632568,5.599999904632568,5.150000095367432,5.599999904632568,5006
2021-04-13,5.849999904632568,5.849999904632568,5.349999904632568,5.849999904632568,27
2021-04-15,5.75,5.849999904632568,5.75,5.75,1499
2021-04-16,5.949999809265137,5.949999809265137,5.949999809265137,5.949999809265137,18
2021-04-19,5.949999809265137,5.949999809265137,5.949999809265137,5.949999809265137,0
2021-04-20,5.900000095367432,6.199999809265137,5.699999809265137,5.900000095367432,1110
2021-04-22,6.150000095367432,6.150000095367432,6.150000095367432,6.150000095367432,36
2021-04-23,5.849999904632568,6.449999809265137,5.849999904632568,5.849999904632568,554
2021-04-26,5.849999904632568,5.849999904632568,5.849999904632568,5.849999904632568,0
2021-04-27,6.099999904632568,6.099999904632568,5.75,6.099999904632568,78
2021-04-28,5.800000190734863,5.800000190734863,5.800000190734863,5.800000190734863,810
2021-04-29,6.050000190734863,6.050000190734863,6.050000190734863,6.050000190734863,45
2021-04-30,6.050000190734863,6.050000190734863,5.75,6.050000190734863,12510
2021-05-03,6.050000190734863,6.300000190734863,6.050000190734863,6.050000190734863,649
2021-05-04,6.199999809265137,6.199999809265137,6.050000190734863,6.199999809265137,338
2021-05-05,6.199999809265137,6.199999809265137,6.199999809265137,6.199999809265137,0
2021-05-06,5.900000095367432,5.900000095367432,5.900000095367432,5.900000095367432,720
2021-05-07,6.099999904632568,6.099999904632568,5.800000190734863,6.099999904632568,494
2021-05-10,6.400000095367432,6.400000095367432,6.400000095367432,6.400000095367432,204
2021-05-11,6.550000190734863,6.699999809265137,6.550000190734863,6.550000190734863,669
2021-05-12,6.550000190734863,6.550000190734863,6.550000190734863,6.550000190734863,172
2021-05-14,6.75,6.849999904632568,6.550000190734863,6.75,1673
2021-05-17,6.5,6.5,6.5,6.5,1966
2021-05-18,6.5,6.5,6.25,6.5,4797
2021-05-19,6.800000190734863,6.800000190734863,6.800000190734863,6.800000190734863,197
2021-05-20,6.800000190734863,6.800000190734863,6.800000190734863,6.800000190734863,180
2021-05-21,7.050000190734863,7.099999904632568,6.5,7.050000190734863,7186
2021-05-24,7.0,7.0,7.0,7.0,5075
2021-05-25,7.349999904632568,7.349999904632568,6.900000095367432,7.050000190734863,379
2021-05-26,7.300000190734863,7.349999904632568,7.0,7.300000190734863,931
2021-05-27,7.150000095367432,7.300000190734863,6.949999809265137,7.150000095367432,999
2021-05-28,7.150000095367432,7.150000095367432,7.150000095367432,7.150000095367432,7331
2021-05-31,7.400000095367432,7.449999809265137,7.0,6.800000190734863,483
2021-06-01,7.400000095367432,7.400000095367432,7.400000095367432,7.400000095367432,0
2021-06-02,7.400000095367432,7.400000095367432,7.400000095367432,7.400000095367432,214
2021-06-03,7.050000190734863,7.349999904632568,7.050000190734863,7.050000190734863,1840
2021-06-04,6.75,7.400000095367432,6.699999809265137,6.75,297
2021-06-07,7.050000190734863,7.050000190734863,6.949999809265137,7.050000190734863,500
2021-06-08,7.300000190734863,7.400000095367432,7.050000190734863,7.300000190734863,1039
2021-06-09,7.0,7.199999809265137,7.0,7.0,1023
2021-06-10,7.349999904632568,7.349999904632568,7.0,7.349999904632568,9519
2021-06-11,7.349999904632568,7.349999904632568,7.199999809265137,7.349999904632568,7634
2021-06-14,7.699999809265137,7.699999809265137,7.699999809265137,7.699999809265137,101
2021-06-15,8.050000190734863,8.050000190734863,7.349999904632568,8.050000190734863,8702
2021-06-16,8.449999809265137,8.449999809265137,8.100000381469727,8.449999809265137,3194
2021-06-17,8.149999618530273,8.449999809265137,8.149999618530273,8.149999618530273,2715
2021-06-18,8.149999618530273,8.149999618530273,8.149999618530273,8.149999618530273,2
2021-06-21,8.149999618530273,8.149999618530273,8.149999618530273,8.149999618530273,0
2021-06-22,8.0,8.0,8.0,8.0,2498
2021-06-23,7.849999904632568,7.849999904632568,7.849999904632568,7.849999904632568,355
2021-06-24,8.100000381469727,8.199999809265137,7.599999904632568,8.100000381469727,226
2021-06-25,8.149999618530273,8.149999618530273,7.699999809265137,8.149999618530273,309
2021-06-28,8.0,8.300000190734863,8.0,8.0,828
2021-06-29,7.650000095367432,7.650000095367432,7.599999904632568,7.650000095367432,2584
2021-06-30,7.650000095367432,7.650000095367432,7.650000095367432,7.650000095367432,0
2021-07-01,7.400000095367432,7.5,7.400000095367432,7.400000095367432,1999
2021-07-02,7.199999809265137,7.199999809265137,7.199999809265137,7.199999809265137,100
2021-07-05,7.550000190734863,7.550000190734863,7.550000190734863,7.550000190734863,63
2021-07-06,7.300000190734863,7.300000190734863,7.25,7.300000190734863,1151
2021-07-07,7.300000190734863,7.300000190734863,7.300000190734863,7.300000190734863,10
2021-07-08,7.300000190734863,7.300000190734863,7.300000190734863,7.300000190734863,945
2021-07-09,7.300000190734863,7.300000190734863,7.300000190734863,7.300000190734863,25
2021-07-12,7.5,7.5,7.199999809265137,7.5,4419
2021-07-13,7.5,7.5,7.5,7.5,0
2021-07-14,7.5,7.5,7.5,7.5,1010
2021-07-15,7.150000095367432,7.199999809265137,7.150000095367432,7.150000095367432,101
2021-07-16,7.0,7.0,7.0,7.0,1017
2021-07-19,7.150000095367432,7.150000095367432,7.0,7.150000095367432,940
2021-07-20,7.400000095367432,7.5,7.400000095367432,7.400000095367432,297
2021-07-22,7.300000190734863,7.300000190734863,7.300000190734863,7.300000190734863,10
2021-07-23,7.0,7.550000190734863,7.0,7.0,1470
2021-07-26,7.349999904632568,7.349999904632568,7.349999904632568,7.349999904632568,101
2021-07-27,7.25,7.25,7.0,7.25,3959
2021-07-28,7.599999904632568,7.599999904632568,7.199999809265137,7.599999904632568,1500
2021-07-29,7.550000190734863,7.949999809265137,7.550000190734863,7.550000190734863,625
2021-07-30,7.900000095367432,7.900000095367432,7.550000190734863,7.900000095367432,10316
2021-08-02,8.25,8.25,8.25,8.25,1050
2021-08-03,8.050000190734863,8.050000190734863,7.900000095367432,8.050000190734863,3238
2021-08-04,8.449999809265137,8.449999809265137,8.100000381469727,8.449999809265137,9600
2021-08-05,8.100000381469727,8.449999809265137,8.100000381469727,8.100000381469727,608
2021-08-06,8.399999618530273,8.449999809265137,7.949999809265137,8.399999618530273,1275
2021-08-09,8.5,8.5,8.0,8.5,400
2021-08-10,8.399999618530273,8.399999618530273,8.100000381469727,8.399999618530273,2150
2021-08-11,8.300000190734863,8.300000190734863,8.300000190734863,8.300000190734863,9
2021-08-12,8.600000381469727,8.600000381469727,8.600000381469727,8.600000381469727,9
2021-08-13,8.800000190734863,8.800000190734863,8.600000381469727,8.800000190734863,1847
2021-08-16,8.850000381469727,8.899999618530273,8.850000381469727,8.850000381469727,370
2021-08-17,8.850000381469727,8.850000381469727,8.850000381469727,8.850000381469727,0
2021-08-18,8.5,8.850000381469727,8.5,8.5,19
2021-08-20,8.5,8.5,8.5,8.5,10
2021-08-23,8.100000381469727,8.100000381469727,8.100000381469727,8.100000381469727,120
2021-08-24,7.900000095367432,7.900000095367432,7.900000095367432,7.900000095367432,201
2021-08-25,7.75,7.849999904632568,7.75,7.75,5600
2021-08-26,7.550000190734863,7.550000190734863,7.5,7.550000190734863,2001
2021-08-27,7.900000095367432,7.900000095367432,7.550000190734863,7.900000095367432,2943
2021-08-30,7.599999904632568,7.800000190734863,7.599999904632568,7.599999904632568,17315
2021-08-31,7.5,7.900000095367432,7.5,7.5,73
2021-09-01,7.5,7.5,7.5,7.5,820
2021-09-02,7.400000095367432,7.400000095367432,7.400000095367432,7.400000095367432,2800
2021-09-03,7.75,7.75,7.050000190734863,7.75,21
2021-09-06,7.5,7.75,7.5,7.5,2122
2021-09-07,7.150000095367432,7.5,7.150000095367432,7.150000095367432,105
2021-09-08,7.099999904632568,7.099999904632568,6.800000190734863,7.099999904632568,109
2021-09-09,7.0,7.0,7.0,7.0,557
2021-09-13,7.349999904632568,7.349999904632568,7.349999904632568,7.349999904632568,9
2021-09-14,7.699999809265137,7.699999809265137,7.699999809265137,7.699999809265137,7700
2021-09-15,7.400000095367432,7.650000095367432,7.400000095367432,7.400000095367432,454
2021-09-16,7.400000095367432,7.400000095367432,7.400000095367432,7.400000095367432,0
2021-09-17,7.75,7.75,7.75,7.75,901
2021-09-20,8.050000190734863,8.100000381469727,8.0,8.050000190734863,2509
2021-09-21,8.050000190734863,8.050000190734863,8.050000190734863,8.050000190734863,0
2021-09-22,7.650000095367432,8.0,7.650000095367432,7.650000095367432,2371
2021-09-23,8.0,8.0,7.5,8.0,2383
2021-09-24,8.0,8.0,8.0,8.0,500
2021-09-27,8.0,8.399999618530273,8.0,8.0,3281
2021-09-28,8.25,8.25,7.949999809265137,8.25,795
2021-09-29,7.949999809265137,8.600000381469727,7.849999904632568,7.949999809265137,553
2021-09-30,7.650000095367432,7.650000095367432,7.650000095367432,7.650000095367432,200
2021-10-01,7.699999809265137,7.699999809265137,7.650000095367432,7.699999809265137,64
2021-10-04,7.699999809265137,7.699999809265137,7.699999809265137,7.699999809265137,910
2021-10-05,8.0,8.050000190734863,7.699999809265137,8.0,1500
2021-10-06,8.0,8.0,8.0,8.0,0
2021-10-07,8.0,8.0,7.849999904632568,8.0,2302
2021-10-08,8.350000381469727,8.350000381469727,8.0,8.350000381469727,406
2021-10-11,7.949999809265137,7.949999809265137,7.949999809265137,7.949999809265137,525
2021-10-12,7.599999904632568,7.599999904632568,7.599999904632568,7.599999904632568,25
2021-10-13,7.949999809265137,7.949999809265137,7.949999809265137,7.949999809265137,1
2021-10-14,7.949999809265137,7.949999809265137,7.949999809265137,7.949999809265137,512
2021-10-18,7.650000095367432,7.849999904632568,7.599999904632568,7.650000095367432,3349
2021-10-19,7.300000190734863,7.650000095367432,7.300000190734863,7.300000190734863,162
2021-10-20,7.300000190734863,7.300000190734863,7.300000190734863,7.300000190734863,0
2021-10-21,7.0,7.300000190734863,7.0,7.0,409
2021-10-22,7.0,7.0,7.0,7.0,0
2021-10-25,7.0,7.0,7.0,7.0,0
2021-10-26,6.75,7.0,6.75,7.349999904632568,75
2021-10-27,7.050000190734863,7.050000190734863,6.800000190734863,7.050000190734863,4
2021-10-28,7.050000190734863,7.050000190734863,7.050000190734863,7.050000190734863,0
2021-10-29,7.050000190734863,7.050000190734863,7.050000190734863,7.050000190734863,0
2021-11-01,6.849999904632568,7.050000190734863,6.849999904632568,6.849999904632568,33
2021-11-02,7.150000095367432,7.150000095367432,7.150000095367432,7.150000095367432,200
2021-11-03,7.5,7.5,7.5,7.5,100
2021-11-04,7.5,7.5,7.5,7.5,0
2021-11-08,7.849999904632568,7.849999904632568,7.849999904632568,7.849999904632568,405
2021-11-09,7.849999904632568,7.849999904632568,7.849999904632568,7.849999904632568,100
2021-11-10,8.050000190734863,8.050000190734863,7.949999809265137,8.050000190734863,1420
2021-11-11,8.449999809265137,8.449999809265137,7.800000190734863,8.449999809265137,400
2021-11-12,8.449999809265137,8.449999809265137,8.449999809265137,8.449999809265137,600
2021-11-15,8.850000381469727,8.850000381469727,8.850000381469727,8.850000381469727,1050
2021-11-16,9.25,9.25,9.25,9.25,1225
2021-11-17,9.699999809265137,9.699999809265137,9.699999809265137,9.699999809265137,1720
2021-11-18,10.149999618530273,10.149999618530273,9.699999809265137,10.149999618530273,1058
2021-11-22,10.149999618530273,10.149999618530273,10.149999618530273,10.149999618530273,0
2021-11-23,10.600000381469727,10.649999618530273,10.0,10.600000381469727,1042
2021-11-24,11.100000381469727,11.100000381469727,11.100000381469727,11.100000381469727,1212
2021-11-25,11.649999618530273,11.649999618530273,11.100000381469727,11.649999618530273,3364
2021-11-26,12.199999809265137,12.199999809265137,12.199999809265137,12.199999809265137,2431
2021-11-29,12.800000190734863,12.800000190734863,12.5,12.800000190734863,5257
2021-11-30,13.399999618530273,13.399999618530273,13.399999618530273,13.399999618530273,2762
2021-12-01,14.0,14.0,13.449999809265137,14.0,4501
2021-12-02,13.850000381469727,14.0,13.850000381469727,13.850000381469727,7050
2021-12-03,13.649999618530273,13.800000190734863,13.649999618530273,13.649999618530273,2640
2021-12-06,13.0,13.0,13.0,13.0,3791
2021-12-07,12.5,13.050000190734863,12.350000381469727,12.5,9919
2021-12-08,12.449999809265137,12.5,12.449999809265137,12.449999809265137,105
2021-12-09,11.850000381469727,12.0,11.850000381469727,11.850000381469727,1398
2021-12-10,11.300000190734863,11.850000381469727,11.300000190734863,11.300000190734863,2904
2021-12-13,10.800000190734863,11.25,10.75,10.800000190734863,6158
2021-12-14,11.300000190734863,11.300000190734863,11.300000190734863,10.300000190734863,1000
2021-12-15,11.800000190734863,11.800000190734863,11.800000190734863,11.800000190734863,1150
2021-12-16,11.25,11.75,11.25,11.25,964
2021-12-17,11.25,11.25,11.25,11.25,258
2021-12-20,11.5,11.5,11.25,11.5,1030
2021-12-21,11.75,11.75,10.949999809265137,11.75,2329
2021-12-22,11.75,11.75,11.75,11.75,132
2021-12-23,11.649999618530273,11.649999618530273,11.649999618530273,11.649999618530273,10
2021-12-24,11.5,11.5,11.5,11.5,411
2021-12-27,11.5,11.5,11.5,11.5,508
2021-12-28,10.949999809265137,11.0,10.949999809265137,10.949999809265137,360
2021-12-29,10.5,10.800000190734863,10.5,10.5,5277
2021-12-30,10.5,10.5,10.5,10.5,1527
2021-12-31,10.5,10.5,10.5,10.5,108
2022-01-03,10.699999809265137,10.75,10.5,10.699999809265137,848
2022-01-04,10.399999618530273,10.399999618530273,10.399999618530273,10.399999618530273,269
2022-01-05,10.5,10.649999618530273,10.5,10.5,4289
2022-01-06,10.649999618530273,10.649999618530273,10.600000381469727,10.649999618530273,2018
2022-01-07,10.899999618530273,11.100000381469727,10.899999618530273,10.899999618530273,2272
2022-01-10,11.399999618530273,11.399999618530273,11.199999809265137,11.199999809265137,1981
2022-01-11,11.949999809265137,11.949999809265137,11.949999809265137,11.949999809265137,694
2022-01-12,12.5,12.5,12.5,12.5,1299
2022-01-13,13.100000381469727,13.100000381469727,13.100000381469727,13.100000381469727,252
2022-01-14,13.75,13.75,13.75,13.75,740
2022-01-17,14.399999618530273,14.399999618530273,14.399999618530273,14.399999618530273,5534
2022-01-18,15.100000381469727,15.100000381469727,15.100000381469727,15.100000381469727,1942
2022-01-19,15.850000381469727,15.850000381469727,15.850000381469727,15.850000381469727,767
2022-01-20,16.600000381469727,16.600000381469727,16.600000381469727,16.600000381469727,1794
2022-01-21,17.399999618530273,17.399999618530273,17.399999618530273,17.399999618530273,2451
2022-01-24,16.549999237060547,18.25,16.549999237060547,18.25,35372
2022-01-25,15.75,15.75,15.75,15.75,5460
2022-01-27,15.899999618530273,16.5,15.0,15.100000381469727,41346
2022-01-28,15.149999618530273,16.25,15.149999618530273,15.25,12026
2022-01-31,14.399999618530273,15.75,14.399999618530273,15.149999618530273,13958
2022-02-01,13.699999809265137,14.300000190734863,13.699999809265137,13.899999618530273,3215
2022-02-02,14.350000381469727,14.350000381469727,13.699999809265137,13.699999809265137,13435
2022-02-03,15.050000190734863,15.050000190734863,15.0,15.0,2700
2022-02-04,15.800000190734863,15.800000190734863,15.100000381469727,15.800000190734863,22069
2022-02-07,16.549999237060547,16.549999237060547,16.049999237060547,16.549999237060547,14576
2022-02-08,15.75,17.299999237060547,15.75,17.299999237060547,13938
2022-02-09,15.0,15.850000381469727,15.0,15.0,6498
2022-02-10,14.25,14.850000381469727,14.25,14.25,16798
2022-02-11,13.550000190734863,14.899999618530273,13.550000190734863,14.899999618530273,15100
2022-02-14,13.300000190734863,13.850000381469727,12.899999618530273,12.899999618530273,35505
2022-02-15,13.050000190734863,13.600000381469727,12.649999618530273,13.050000190734863,6813
2022-02-16,13.050000190734863,13.399999618530273,12.649999618530273,13.350000381469727,14892
2022-02-17,12.699999809265137,13.649999618530273,12.550000190734863,13.649999618530273,7257
2022-02-18,12.199999809265137,12.949999809265137,12.149999618530273,12.699999809265137,6367
2022-02-21,12.149999618530273,12.800000190734863,11.699999809265137,11.699999809265137,7770
2022-02-22,11.550000190734863,11.600000381469727,11.550000190734863,11.600000381469727,4476
2022-02-23,12.100000381469727,12.100000381469727,11.0,11.0,9029
2022-02-24,11.5,12.649999618530273,11.5,12.649999618530273,5900
2022-02-25,10.949999809265137,11.75,10.949999809265137,11.75,18598
2022-02-28,11.399999618530273,11.449999809265137,10.600000381469727,11.350000381469727,28153
2022-03-02,10.850000381469727,11.75,10.850000381469727,11.75,25172
2022-03-03,11.25,11.300000190734863,10.649999618530273,11.300000190734863,18719
2022-03-04,11.399999618530273,11.649999618530273,10.899999618530273,11.5,9222
2022-03-07,11.149999618530273,11.949999809265137,11.050000190734863,11.050000190734863,8709
2022-03-08,11.449999809265137,11.649999618530273,10.600000381469727,10.800000190734863,13772
2022-03-09,11.350000381469727,11.75,10.899999618530273,11.350000381469727,17080
2022-03-10,11.899999618530273,11.899999618530273,11.0,11.850000381469727,22542
2022-03-11,12.0,12.449999809265137,11.649999618530273,12.449999809265137,8699
2022-03-14,11.699999809265137,12.5,11.550000190734863,12.5,9340
2022-03-15,11.300000190734863,12.100000381469727,11.149999618530273,12.100000381469727,8550
2022-03-16,11.350000381469727,11.699999809265137,11.25,11.25,4970
2022-03-17,11.100000381469727,11.600000381469727,10.800000190734863,10.949999809265137,14024
2022-03-21,11.100000381469727,11.399999618530273,10.850000381469727,11.25,6464
2022-03-22,11.199999809265137,11.399999618530273,10.649999618530273,11.399999618530273,7626
2022-03-23,10.649999618530273,11.449999809265137,10.649999618530273,11.449999809265137,8963
2022-03-24,10.300000190734863,10.800000190734863,10.300000190734863,10.800000190734863,10642
2022-03-25,10.100000381469727,10.75,9.899999618530273,10.300000190734863,32306
2022-03-28,9.75,10.350000381469727,9.649999618530273,10.350000381469727,5656
2022-03-29,9.300000190734863,10.0,9.300000190734863,10.0,15540
2022-03-30,8.850000381469727,9.5,8.850000381469727,8.850000381469727,3357
2022-03-31,9.050000190734863,9.25,8.5,9.25,7146
2022-04-01,9.350000381469727,9.399999618530273,8.800000190734863,9.050000190734863,4995
2022-04-04,9.649999618530273,9.800000190734863,9.050000190734863,9.800000190734863,10831
2022-04-05,10.100000381469727,10.100000381469727,9.800000190734863,10.100000381469727,4627
2022-04-06,10.600000381469727,10.600000381469727,10.199999809265137,10.600000381469727,7550
2022-04-07,11.100000381469727,11.100000381469727,10.5,11.050000190734863,10127
2022-04-08,11.649999618530273,11.649999618530273,11.649999618530273,11.649999618530273,5767
2022-04-11,12.199999809265137,12.199999809265137,12.0,12.199999809265137,5914
2022-04-12,12.800000190734863,12.800000190734863,12.199999809265137,12.800000190734863,9321
2022-04-13,13.399999618530273,13.399999618530273,13.399999618530273,13.399999618530273,11853
2022-04-18,14.050000190734863,14.050000190734863,13.5,14.050000190734863,14513
2022-04-19,14.75,14.75,14.75,14.75,9368
2022-04-20,15.449999809265137,15.449999809265137,15.449999809265137,15.449999809265137,24751
2022-04-21,14.699999809265137,16.200000762939453,14.699999809265137,16.200000762939453,14042
2022-04-22,14.0,14.0,14.0,14.0,2456
2022-04-25,13.300000190734863,13.300000190734863,13.300000190734863,13.300000190734863,2471
2022-04-26,13.949999809265137,13.949999809265137,12.649999618530273,12.649999618530273,8778
2022-04-27,13.949999809265137,13.949999809265137,13.300000190734863,13.350000381469727,5926
2022-04-28,13.649999618530273,14.600000381469727,13.300000190734863,14.600000381469727,4204
2022-04-29,13.149999618530273,14.25,13.0,13.0,3901
2022-05-02,12.899999618530273,12.899999618530273,12.899999618530273,12.899999618530273,104
2022-05-04,12.800000190734863,13.5,12.350000381469727,13.5,1634
2022-05-05,12.199999809265137,12.899999618530273,12.199999809265137,12.5,3375
2022-05-06,11.600000381469727,12.199999809265137,11.600000381469727,12.199999809265137,1851
2022-05-09,11.649999618530273,11.949999809265137,11.050000190734863,11.399999618530273,1026
2022-05-10,11.550000190734863,12.199999809265137,11.449999809265137,11.449999809265137,382
2022-05-11,11.0,11.399999618530273,11.0,11.399999618530273,510
2022-05-12,10.449999809265137,10.800000190734863,10.449999809265137,10.449999809265137,1285
2022-05-13,10.100000381469727,10.949999809265137,9.949999809265137,10.699999809265137,5610
2022-05-16,10.600000381469727,10.600000381469727,9.600000381469727,10.399999618530273,5257
2022-05-17,11.100000381469727,11.100000381469727,11.050000190734863,11.050000190734863,1155
2022-05-18,10.899999618530273,11.649999618530273,10.550000190734863,10.699999809265137,2253
2022-05-19,11.0,11.0,10.399999618530273,10.899999618530273,1380
2022-05-20,11.449999809265137,11.5,10.449999809265137,10.5,5176
2022-05-23,11.649999618530273,12.0,10.899999618530273,11.449999809265137,3402
2022-05-24,11.100000381469727,11.149999618530273,11.100000381469727,11.149999618530273,198
2022-05-25,10.550000190734863,10.699999809265137,10.550000190734863,10.699999809265137,171
2022-05-26,10.550000190734863,10.550000190734863,10.550000190734863,10.550000190734863,1
2022-05-27,10.550000190734863,10.550000190734863,10.050000190734863,10.050000190734863,8695
2022-05-30,11.050000190734863,11.050000190734863,10.100000381469727,11.050000190734863,16908
2022-05-31,11.25,11.600000381469727,10.5,11.600000381469727,750
2022-06-01,10.699999809265137,11.550000190734863,10.699999809265137,10.949999809265137,6282
2022-06-02,11.0,11.0,10.600000381469727,11.0,2364
2022-06-03,11.550000190734863,11.550000190734863,11.0,11.0,6920
2022-06-06,11.5,12.0,11.0,12.0,3818
2022-06-07,11.0,11.449999809265137,11.0,11.449999809265137,12
2022-06-08,10.5,11.0,10.5,10.550000190734863,581
2022-06-09,10.25,10.850000381469727,10.149999618530273,10.850000381469727,325
2022-06-10,10.550000190734863,10.75,10.25,10.25,1156
2022-06-13,10.449999809265137,10.550000190734863,10.199999809265137,10.550000190734863,76
2022-06-14,10.050000190734863,10.300000190734863,10.050000190734863,10.100000381469727,371
2022-06-15,10.5,10.550000190734863,10.0,10.0,2102
2022-06-16,10.850000381469727,11.0,10.850000381469727,11.0,1741
2022-06-17,11.350000381469727,11.350000381469727,10.350000381469727,11.25,3218
2022-06-20,11.350000381469727,11.899999618530273,10.800000190734863,11.899999618530273,7105
2022-06-21,11.100000381469727,11.899999618530273,10.850000381469727,11.0,2693
2022-06-22,11.649999618530273,11.649999618530273,10.550000190734863,11.100000381469727,14184
2022-06-23,11.100000381469727,11.949999809265137,11.100000381469727,11.300000190734863,1215
2022-06-24,11.350000381469727,11.600000381469727,10.600000381469727,10.600000381469727,252
2022-06-27,11.350000381469727,11.5,10.800000190734863,10.800000190734863,1859
2022-06-28,11.350000381469727,11.350000381469727,11.350000381469727,11.350000381469727,0
2022-06-29,10.949999809265137,11.800000190734863,10.800000190734863,10.800000190734863,4959
2022-06-30,11.300000190734863,11.449999809265137,10.5,11.25,2477
2022-07-01,10.800000190734863,10.800000190734863,10.800000190734863,10.800000190734863,100
2022-07-04,10.649999618530273,11.300000190734863,10.300000190734863,10.350000381469727,1909
2022-07-05,10.75,11.149999618530273,10.5,11.149999618530273,244
2022-07-06,10.949999809265137,11.199999809265137,10.5,10.600000381469727,1342
2022-07-07,11.350000381469727,11.449999809265137,10.5,11.449999809265137,2316
2022-07-08,10.850000381469727,11.850000381469727,10.850000381469727,11.850000381469727,1452
2022-07-11,10.949999809265137,11.300000190734863,10.550000190734863,11.300000190734863,2731
2022-07-12,11.0,11.399999618530273,10.550000190734863,11.399999618530273,653
2022-07-13,10.699999809265137,11.449999809265137,10.550000190734863,11.449999809265137,611
2022-07-14,11.100000381469727,11.199999809265137,10.5,10.5,1961
2022-07-15,10.949999809265137,11.649999618530273,10.600000381469727,11.649999618530273,2463
2022-07-18,11.25,11.350000381469727,10.75,10.800000190734863,277
2022-07-19,10.850000381469727,11.550000190734863,10.75,11.550000190734863,778
2022-07-20,11.050000190734863,11.300000190734863,10.600000381469727,11.100000381469727,5282
2022-07-21,10.800000190734863,11.300000190734863,10.649999618530273,11.300000190734863,1393
2022-07-22,11.300000190734863,11.300000190734863,11.199999809265137,11.199999809265137,5235
2022-07-25,11.850000381469727,11.850000381469727,11.5,11.850000381469727,7026
2022-07-26,12.399999618530273,12.399999618530273,12.199999809265137,12.399999618530273,4103
2022-07-27,13.0,13.0,13.0,13.0,759
2022-07-28,13.649999618530273,13.649999618530273,13.649999618530273,13.649999618530273,2696
2022-07-29,14.300000190734863,14.300000190734863,14.300000190734863,14.300000190734863,4573
2022-08-01,15.0,15.0,15.0,15.0,2119
2022-08-02,14.300000190734863,15.75,14.25,15.75,21751
2022-08-03,13.600000381469727,14.100000381469727,13.600000381469727,14.0,5579
2022-08-04,12.949999809265137,13.800000190734863,12.949999809265137,13.600000381469727,5103
2022-08-05,12.949999809265137,13.5,12.949999809265137,13.399999618530273,1708
2022-08-08,13.199999809265137,13.399999618530273,12.550000190734863,13.399999618530273,620
2022-08-10,13.850000381469727,13.850000381469727,12.600000381469727,13.5,6870
2022-08-11,14.5,14.5,14.5,14.5,2809
2022-08-12,14.699999809265137,15.199999809265137,14.050000190734863,15.199999809265137,24175
2022-08-16,14.699999809265137,15.350000381469727,14.300000190734863,15.0,6285
2022-08-17,14.050000190734863,15.350000381469727,14.0,15.25,7044
2022-08-18,13.649999618530273,14.600000381469727,13.350000381469727,13.399999618530273,12896
2022-08-19,13.600000381469727,13.949999809265137,13.100000381469727,13.25,5281
2022-08-22,13.050000190734863,13.5,12.949999809265137,13.050000190734863,8813
2022-08-23,13.5,13.550000190734863,12.550000190734863,13.050000190734863,1456
2022-08-24,13.449999809265137,13.949999809265137,12.850000381469727,13.949999809265137,5284
2022-08-25,13.100000381469727,13.75,13.0,13.050000190734863,6298
2022-08-26,13.449999809265137,13.75,12.850000381469727,13.399999618530273,12953
2022-08-29,13.100000381469727,14.100000381469727,13.050000190734863,13.25,5676
2022-08-30,12.899999618530273,13.5,12.899999618530273,13.5,10066
2022-09-01,13.399999618530273,13.5,13.050000190734863,13.300000190734863,9285
2022-09-02,13.350000381469727,13.550000190734863,12.800000190734863,13.399999618530273,5012
2022-09-05,13.149999618530273,13.949999809265137,13.100000381469727,13.949999809265137,5369
2022-09-06,12.899999618530273,13.5,12.800000190734863,12.850000381469727,5859
2022-09-07,13.149999618530273,13.25,12.300000190734863,13.25,4678
2022-09-08,13.350000381469727,13.600000381469727,12.600000381469727,12.600000381469727,2645
2022-09-09,13.399999618530273,13.699999809265137,12.75,12.800000190734863,3587
2022-09-12,13.300000190734863,13.800000190734863,12.800000190734863,13.350000381469727,7350
2022-09-13,12.949999809265137,13.850000381469727,12.899999618530273,13.850000381469727,3554
2022-09-14,12.899999618530273,13.350000381469727,12.899999618530273,13.050000190734863,989
2022-09-15,12.800000190734863,13.199999809265137,12.600000381469727,13.199999809265137,2324
2022-09-16,12.800000190734863,12.899999618530273,12.5,12.899999618530273,2516
2022-09-19,13.0,13.050000190734863,12.800000190734863,12.800000190734863,1652
2022-09-20,13.199999809265137,13.199999809265137,12.699999809265137,13.0,777
2022-09-21,12.600000381469727,13.550000190734863,12.550000190734863,13.149999618530273,1790
2022-09-22,12.850000381469727,13.0,12.300000190734863,12.850000381469727,1918
2022-09-23,13.0,13.25,12.449999809265137,13.25,892
2022-09-26,12.949999809265137,13.300000190734863,12.550000190734863,13.300000190734863,2035
2022-09-27,12.949999809265137,12.949999809265137,12.550000190734863,12.949999809265137,272
2022-09-28,12.75,12.899999618530273,12.399999618530273,12.5,1486
2022-09-29,12.449999809265137,12.850000381469727,12.300000190734863,12.300000190734863,1706
2022-09-30,12.600000381469727,12.800000190734863,12.050000190734863,12.5,1230
2022-10-03,12.550000190734863,12.850000381469727,12.050000190734863,12.850000381469727,1966
2022-10-04,12.550000190734863,12.899999618530273,12.100000381469727,12.149999618530273,1075
2022-10-06,12.300000190734863,12.850000381469727,12.0,12.850000381469727,2846
2022-10-07,12.350000381469727,12.75,11.899999618530273,12.75,1565
2022-10-10,12.399999618530273,12.699999809265137,11.300000190734863,11.300000190734863,757
2022-10-11,12.0,12.899999618530273,12.0,12.899999618530273,175
2022-10-12,12.149999618530273,12.5,11.399999618530273,12.5,3236
2022-10-13,12.300000190734863,13.149999618530273,11.25,12.149999618530273,4181
2022-10-14,12.300000190734863,13.0,11.5,13.0,2051
2022-10-17,11.350000381469727,12.350000381469727,11.25,12.350000381469727,6003
2022-10-18,11.800000190734863,11.899999618530273,11.100000381469727,11.100000381469727,1123
2022-10-19,11.550000190734863,11.899999618530273,11.25,11.899999618530273,1004
2022-10-20,11.5,11.699999809265137,10.699999809265137,11.550000190734863,4427
2022-10-21,11.550000190734863,11.75,11.0,11.5,2159
2022-10-24,12.050000190734863,12.199999809265137,11.050000190734863,12.199999809265137,1358
2022-10-25,12.149999618530273,12.199999809265137,11.100000381469727,11.100000381469727,1511
2022-10-27,11.75,12.899999618530273,11.100000381469727,12.899999618530273,5351
2022-10-28,12.5,12.75,11.899999618530273,11.899999618530273,6608
2022-10-31,11.949999809265137,13.300000190734863,11.649999618530273,13.0,8520
2022-11-01,11.649999618530273,12.399999618530273,11.600000381469727,12.399999618530273,1567
2022-11-02,12.800000190734863,12.800000190734863,11.850000381469727,12.300000190734863,13952
2022-11-03,14.050000190734863,14.050000190734863,13.0,13.449999809265137,9159
2022-11-04,15.449999809265137,15.449999809265137,14.149999618530273,15.0,54714
2022-11-07,16.950000762939453,16.950000762939453,15.449999809265137,16.799999237060547,60733
2022-11-09,16.700000762939453,17.549999237060547,16.149999618530273,17.450000762939453,47728
2022-11-10,16.399999618530273,17.299999237060547,16.350000381469727,17.299999237060547,12570
2022-11-11,15.699999809265137,16.950000762939453,15.600000381469727,16.899999618530273,15867
2022-11-14,15.100000381469727,15.699999809265137,15.050000190734863,15.699999809265137,9148
2022-11-15,14.649999618530273,15.449999809265137,14.649999618530273,15.0,3767
2022-11-16,14.199999809265137,14.949999809265137,13.949999809265137,14.949999809265137,4416
2022-11-17,13.5,14.0,13.5,14.0,6332
2022-11-18,12.850000381469727,13.5,12.850000381469727,13.5,7904
2022-11-21,12.5,13.199999809265137,12.25,12.5,9325
2022-11-22,13.100000381469727,13.100000381469727,12.649999618530273,12.699999809265137,5232
2022-11-23,13.75,13.75,13.199999809265137,13.75,2850
2022-11-24,14.399999618530273,14.399999618530273,13.550000190734863,14.0,8219
2022-11-25,14.350000381469727,15.100000381469727,14.149999618530273,14.699999809265137,12984
2022-11-28,14.600000381469727,15.050000190734863,14.199999809265137,14.800000190734863,6597
2022-11-29,14.5,15.100000381469727,14.5,14.899999618530273,8106
2022-11-30,15.100000381469727,15.199999809265137,14.5,15.199999809265137,7822
2022-12-01,14.649999618530273,15.5,14.600000381469727,15.5,2653
2022-12-02,14.449999809265137,15.149999618530273,14.199999809265137,14.199999809265137,6438
2022-12-05,14.350000381469727,14.75,14.0,14.449999809265137,5637
2022-12-06,14.699999809265137,14.75,14.0,14.350000381469727,3332
2022-12-07,14.850000381469727,16.100000381469727,14.050000190734863,15.0,25747
2022-12-08,14.699999809265137,15.350000381469727,14.399999618530273,14.399999618530273,4165
2022-12-09,14.850000381469727,15.100000381469727,14.399999618530273,15.100000381469727,4584
2022-12-12,14.699999809265137,15.149999618530273,14.399999618530273,14.850000381469727,2977
2022-12-13,16.149999618530273,16.149999618530273,15.199999809265137,15.199999809265137,33400
2022-12-14,17.75,17.75,16.549999237060547,17.0,44148
2022-12-15,19.5,19.5,18.649999618530273,18.649999618530273,38841
2022-12-16,20.450000762939453,20.450000762939453,20.100000381469727,20.450000762939453,84903
2022-12-19,19.450000762939453,21.450000762939453,19.450000762939453,21.450000762939453,27453
2022-12-20,18.5,18.549999237060547,18.5,18.549999237060547,5174
2022-12-21,17.600000381469727,17.600000381469727,17.600000381469727,17.600000381469727,11704
2022-12-22,16.75,16.75,16.75,16.75,3762
2022-12-23,15.949999809265137,15.949999809265137,15.949999809265137,15.949999809265137,2955
2022-12-26,15.699999809265137,16.549999237060547,15.199999809265137,15.300000190734863,47481
2022-12-27,16.450000762939453,16.450000762939453,15.850000381469727,16.200000762939453,20139
2022-12-28,17.25,17.25,16.549999237060547,17.25,4540
2022-12-29,18.100000381469727,18.100000381469727,17.450000762939453,17.5,11123
2022-12-30,19.0,19.0,17.200000762939453,19.0,34339
2023-01-02,18.399999618530273,19.950000762939453,18.100000381469727,19.899999618530273,52740
2023-01-03,18.299999237060547,19.299999237060547,17.649999618530273,18.799999237060547,16472
2023-01-04,18.5,18.850000381469727,18.049999237060547,18.850000381469727,5986
2023-01-05,17.649999618530273,18.799999237060547,17.600000381469727,18.200000762939453,9700
2023-01-06,17.850000381469727,18.0,17.149999618530273,17.850000381469727,7914
2023-01-09,17.100000381469727,18.450000762939453,17.100000381469727,18.100000381469727,5441
2023-01-10,16.399999618530273,17.5,16.25,17.5,6479
2023-01-11,15.699999809265137,16.700000762939453,15.649999618530273,16.700000762939453,5863
2023-01-12,15.449999809265137,15.699999809265137,15.25,15.699999809265137,5412
2023-01-13,15.899999618530273,16.0,15.399999618530273,15.600000381469727,3523
2023-01-16,16.649999618530273,16.649999618530273,16.100000381469727,16.549999237060547,3092
2023-01-17,17.450000762939453,17.450000762939453,17.299999237060547,17.299999237060547,6322
2023-01-18,17.25,18.25,16.600000381469727,18.25,19337
2023-01-19,16.700000762939453,17.049999237060547,16.399999618530273,17.049999237060547,12953
2023-01-20,16.399999618530273,17.0,15.949999809265137,16.649999618530273,9240
2023-01-23,16.700000762939453,16.950000762939453,16.100000381469727,16.100000381469727,3145
2023-01-24,16.100000381469727,16.799999237060547,16.0,16.799999237060547,3820
2023-01-25,16.25,16.450000762939453,15.699999809265137,15.899999618530273,2556
2023-01-27,15.699999809265137,16.0,15.449999809265137,16.0,8550
2023-01-30,15.300000190734863,15.800000190734863,15.100000381469727,15.399999618530273,9434
2023-01-31,15.649999618530273,15.899999618530273,15.449999809265137,15.649999618530273,4063
2023-02-01,15.449999809265137,16.049999237060547,15.449999809265137,15.600000381469727,3059
2023-02-02,15.199999809265137,15.75,15.0,15.300000190734863,4562
2023-02-03,14.850000381469727,15.550000190734863,14.800000190734863,15.0,2512
2023-02-06,15.300000190734863,15.300000190734863,14.75,15.25,2724
2023-02-07,15.350000381469727,15.350000381469727,14.649999618530273,14.699999809265137,1585
2023-02-08,14.75,15.350000381469727,14.300000190734863,15.350000381469727,10757
2023-02-09,16.200000762939453,16.200000762939453,15.050000190734863,16.100000381469727,9472
2023-02-10,17.0,17.700000762939453,16.75,17.5,38397
2023-02-13,17.0,17.649999618530273,16.200000762939453,16.200000762939453,8648
2023-02-14,16.0,17.700000762939453,15.399999618530273,17.700000762939453,9743
2023-02-15,17.600000381469727,17.600000381469727,15.199999809265137,15.600000381469727,32901
2023-02-16,17.75,18.899999618530273,17.049999237060547,17.950000762939453,28457
2023-02-17,19.350000381469727,19.5,16.299999237060547,17.75,77020
2023-02-20,18.0,19.350000381469727,17.549999237060547,19.299999237060547,53112
2023-02-21,17.200000762939453,18.799999237060547,16.700000762939453,18.799999237060547,8124
2023-02-22,17.899999618530273,18.899999618530273,15.75,15.75,119915
2023-02-23,17.600000381469727,18.950000762939453,17.0,18.0,77551
2023-02-24,18.600000381469727,19.350000381469727,17.149999618530273,17.399999618530273,28116
2023-02-27,17.5,18.950000762939453,17.350000381469727,18.950000762939453,13303
2023-02-28,17.350000381469727,17.899999618530273,16.25,17.549999237060547,2099
2023-03-01,17.549999237060547,18.0,16.5,17.5,13176
2023-03-02,17.100000381469727,17.850000381469727,17.0,17.850000381469727,3292
2023-03-03,17.5,18.799999237060547,17.0,17.0,44668
2023-03-06,17.75,18.25,17.399999618530273,18.25,3429
2023-03-08,19.299999237060547,19.5,17.0,18.299999237060547,44137
2023-03-09,18.950000762939453,20.950000762939453,18.5,20.75,44639
2023-03-10,18.100000381469727,18.850000381469727,17.5,18.600000381469727,3713
2023-03-13,17.350000381469727,18.299999237060547,17.100000381469727,18.100000381469727,11891
2023-03-14,17.25,18.0,17.100000381469727,18.0,3090
2023-03-15,17.25,17.899999618530273,17.049999237060547,17.100000381469727,7924
2023-03-16,17.149999618530273,17.600000381469727,16.950000762939453,17.149999618530273,4388
2023-03-17,18.799999237060547,18.850000381469727,17.0,17.149999618530273,39040
2023-03-20,17.5,19.299999237060547,17.149999618530273,19.299999237060547,19940
2023-03-21,19.200000762939453,19.25,17.350000381469727,18.399999618530273,35328
2023-03-22,21.100000381469727,21.100000381469727,18.75,18.899999618530273,70439
2023-03-23,23.200000762939453,23.200000762939453,21.0,22.399999618530273,82956
2023-03-24,24.350000381469727,24.350000381469727,24.200000762939453,24.350000381469727,33349
2023-03-27,25.549999237060547,25.549999237060547,24.950000762939453,25.549999237060547,54537
2023-03-28,26.799999237060547,26.799999237060547,26.799999237060547,26.799999237060547,37002
2023-03-29,25.5,28.100000381469727,25.5,28.100000381469727,46507
2023-03-31,24.25,24.25,24.25,24.25,2486
2023-04-03,23.049999237060547,23.049999237060547,23.049999237060547,23.049999237060547,7955
2023-04-05,21.899999618530273,21.899999618530273,21.899999618530273,21.899999618530273,4031
2023-04-06,22.950000762939453,22.950000762939453,20.799999237060547,20.799999237060547,120894
2023-04-10,21.799999237060547,24.049999237060547,21.799999237060547,24.0,89469
2023-04-11,21.350000381469727,22.399999618530273,20.75,22.0,36921
2023-04-12,20.950000762939453,22.25,20.350000381469727,21.299999237060547,26514
2023-04-13,20.899999618530273,21.0,20.549999237060547,20.850000381469727,21353
2023-04-17,21.899999618530273,21.899999618530273,20.200000762939453,20.200000762939453,23957
2023-04-18,20.850000381469727,22.950000762939453,20.799999237060547,22.0,86449
2023-04-19,21.350000381469727,21.850000381469727,20.149999618530273,21.299999237060547,19760
2023-04-20,20.399999618530273,21.399999618530273,20.299999237060547,21.350000381469727,20727
2023-04-21,20.149999618530273,20.600000381469727,19.600000381469727,20.299999237060547,13733
2023-04-24,21.149999618530273,21.149999618530273,19.450000762939453,20.149999618530273,25820
2023-04-25,22.0,22.200000762939453,21.200000762939453,22.049999237060547,64068
2023-04-26,22.399999618530273,23.0,21.450000762939453,21.450000762939453,31041
2023-04-27,22.299999237060547,23.0,22.0,23.0,16608
2023-04-28,21.799999237060547,23.0,21.549999237060547,22.200000762939453,19562
2023-05-02,21.600000381469727,22.850000381469727,21.399999618530273,22.299999237060547,49421
2023-05-03,21.25,22.200000762939453,20.600000381469727,21.600000381469727,20303
2023-05-04,20.850000381469727,21.100000381469727,20.200000762939453,20.75,24238
2023-05-05,20.850000381469727,21.450000762939453,20.350000381469727,20.350000381469727,4430
2023-05-08,20.649999618530273,20.899999618530273,20.350000381469727,20.850000381469727,3309
2023-05-09,20.200000762939453,21.149999618530273,20.200000762939453,20.649999618530273,5823
2023-05-10,20.0,20.399999618530273,20.0,20.200000762939453,11479
2023-05-11,20.049999237060547,20.75,20.0,20.0,3890
2023-05-12,20.0,20.450000762939453,19.649999618530273,20.399999618530273,5345
2023-05-15,21.0,21.0,19.549999237060547,19.700000762939453,20947
2023-05-16,22.049999237060547,22.049999237060547,20.299999237060547,21.0,38962
2023-05-17,22.75,23.100000381469727,21.399999618530273,23.100000381469727,35975
2023-05-18,23.799999237060547,23.850000381469727,22.299999237060547,23.200000762939453,35969
2023-05-19,23.799999237060547,24.850000381469727,22.700000762939453,24.850000381469727,36669
2023-05-22,23.25,24.600000381469727,23.0,24.399999618530273,18286
2023-05-23,24.399999618530273,24.399999618530273,22.299999237060547,23.25,47258
2023-05-24,23.399999618530273,24.850000381469727,23.200000762939453,24.850000381469727,133979
2023-05-25,22.850000381469727,24.299999237060547,22.600000381469727,22.799999237060547,14213
2023-05-26,22.450000762939453,23.149999618530273,22.450000762939453,22.850000381469727,7006
2023-05-29,22.100000381469727,23.299999237060547,22.0,22.399999618530273,18496
2023-05-30,21.25,22.25,21.049999237060547,21.299999237060547,21260
2023-05-31,20.200000762939453,21.600000381469727,20.200000762939453,20.399999618530273,33045
2023-06-01,19.600000381469727,20.450000762939453,19.450000762939453,20.200000762939453,30268
2023-06-02,20.299999237060547,20.549999237060547,19.450000762939453,19.450000762939453,24065
2023-06-05,20.299999237060547,21.200000762939453,19.600000381469727,21.200000762939453,18513
2023-06-06,20.100000381469727,20.799999237060547,20.0,20.5,3190
2023-06-07,20.350000381469727,21.5,19.799999237060547,21.450000762939453,10167
2023-06-08,20.100000381469727,20.450000762939453,20.100000381469727,20.399999618530273,13904
2023-06-09,19.950000762939453,20.5,19.450000762939453,20.5,11058
2023-06-12,21.899999618530273,21.899999618530273,19.799999237060547,19.799999237060547,90095
2023-06-13,21.350000381469727,23.5,21.0,23.5,52415
2023-06-14,20.649999618530273,21.399999618530273,20.5,21.399999618530273,10534
2023-06-15,20.600000381469727,20.950000762939453,20.399999618530273,20.700000762939453,27245
2023-06-16,21.350000381469727,21.700000762939453,20.0,21.5,40030
2023-06-19,20.600000381469727,21.75,20.149999618530273,21.350000381469727,27132
2023-06-20,20.75,20.899999618530273,20.299999237060547,20.299999237060547,4519
2023-06-21,20.149999618530273,20.850000381469727,20.049999237060547,20.75,9398
2023-06-22,20.399999618530273,20.899999618530273,19.950000762939453,19.950000762939453,8144
2023-06-23,19.899999618530273,20.899999618530273,19.75,20.850000381469727,16929
2023-06-26,19.850000381469727,21.0,19.299999237060547,19.850000381469727,9525
2023-06-27,20.0,20.75,19.799999237060547,20.100000381469727,6211
2023-06-28,19.899999618530273,20.399999618530273,19.799999237060547,20.149999618530273,9400
2023-06-30,21.5,21.850000381469727,19.899999618530273,20.350000381469727,39606
2023-07-03,22.950000762939453,23.450000762939453,21.25,21.850000381469727,87390
2023-07-04,22.649999618530273,23.850000381469727,22.549999237060547,23.850000381469727,19715
2023-07-05,22.399999618530273,23.25,22.0,23.25,13356
2023-07-06,21.700000762939453,24.600000381469727,21.200000762939453,22.450000762939453,69510
2023-07-07,21.649999618530273,22.5,20.649999618530273,21.700000762939453,4475
2023-07-10,20.600000381469727,22.0,20.600000381469727,22.0,10475
2023-07-11,19.600000381469727,20.600000381469727,19.600000381469727,20.600000381469727,24522
2023-07-12,20.100000381469727,20.149999618530273,19.299999237060547,19.649999618530273,6416
2023-07-13,19.600000381469727,20.0,19.149999618530273,19.799999237060547,8874
2023-07-14,19.299999237060547,20.25,18.700000762939453,18.700000762939453,4734
2023-07-17,18.950000762939453,19.5,18.600000381469727,19.0,12620
2023-07-18,19.200000762939453,19.5,18.25,18.950000762939453,21118
2023-07-19,18.75,19.799999237060547,18.5,19.299999237060547,7567
2023-07-20,19.200000762939453,19.600000381469727,18.399999618530273,18.799999237060547,13120
2023-07-21,19.149999618530273,19.950000762939453,18.5,19.950000762939453,5690
2023-07-24,18.799999237060547,19.700000762939453,18.5,19.149999618530273,4562
2023-07-25,19.299999237060547,19.299999237060547,18.5,18.850000381469727,3648
2023-07-26,18.850000381469727,19.5,18.5,19.399999618530273,1407
2023-07-27,19.100000381469727,19.200000762939453,18.549999237060547,19.100000381469727,3815
2023-07-28,18.899999618530273,19.5,18.5,19.5,2565
2023-07-31,18.700000762939453,18.899999618530273,17.950000762939453,18.899999618530273,2694
2023-08-01,17.950000762939453,18.899999618530273,17.799999237060547,18.899999618530273,8915
2023-08-02,17.799999237060547,18.649999618530273,17.799999237060547,17.950000762939453,6624
2023-08-03,18.049999237060547,18.350000381469727,17.450000762939453,17.899999618530273,3587
2023-08-04,17.75,18.899999618530273,17.149999618530273,18.899999618530273,8277
2023-08-07,17.399999618530273,18.600000381469727,17.0,18.600000381469727,6397
2023-08-08,17.5,17.799999237060547,16.600000381469727,16.600000381469727,12280
2023-08-09,16.799999237060547,18.350000381469727,16.649999618530273,18.350000381469727,3934
2023-08-10,17.0,17.5,16.799999237060547,17.5,2326
2023-08-11,17.450000762939453,17.850000381469727,16.149999618530273,16.149999618530273,3839
2023-08-14,17.450000762939453,18.299999237060547,16.700000762939453,18.299999237060547,2701
2023-08-16,17.549999237060547,18.299999237060547,16.799999237060547,18.299999237060547,627
2023-08-17,17.350000381469727,17.5,17.0,17.5,5085
2023-08-18,17.5,18.200000762939453,16.649999618530273,18.200000762939453,4036
2023-08-21,17.149999618530273,17.850000381469727,16.649999618530273,17.850000381469727,2502
2023-08-22,17.149999618530273,17.149999618530273,16.700000762939453,17.100000381469727,1985
2023-08-23,17.0,17.450000762939453,16.5,16.700000762939453,4360
2023-08-24,16.700000762939453,17.0,16.5,17.0,1213
2023-08-25,16.950000762939453,17.0,16.049999237060547,16.049999237060547,596
2023-08-28,17.0,17.0,16.399999618530273,16.5,2536
2023-08-29,16.25,17.0,16.149999618530273,17.0,8501
2023-08-30,16.5,17.0,16.299999237060547,17.0,470
2023-08-31,16.549999237060547,16.899999618530273,15.899999618530273,16.5,3248
2023-09-01,16.299999237060547,16.600000381469727,16.0,16.600000381469727,2661
2023-09-04,16.75,16.950000762939453,15.5,16.5,15434
2023-09-05,16.700000762939453,16.700000762939453,16.700000762939453,16.700000762939453,100
2023-09-06,17.100000381469727,17.5,15.949999809265137,16.0,7422
2023-09-07,16.5,17.5,16.5,17.100000381469727,11083
2023-09-08,17.299999237060547,17.299999237060547,17.0,17.299999237060547,4039
2023-09-11,17.75,18.149999618530273,17.299999237060547,17.75,6762
2023-09-12,17.149999618530273,17.75,17.049999237060547,17.75,4704
2023-09-13,17.149999618530273,17.149999618530273,17.149999618530273,17.149999618530273,0
2023-09-14,16.799999237060547,16.799999237060547,16.799999237060547,16.799999237060547,406
2023-09-15,16.5,16.799999237060547,16.5,16.5,682
2023-09-18,16.5,16.5,16.200000762939453,16.5,266
2023-09-20,16.200000762939453,16.549999237060547,16.200000762939453,16.200000762939453,777
2023-09-21,16.200000762939453,16.200000762939453,16.200000762939453,16.0,1000
2023-09-22,15.899999618530273,16.200000762939453,15.899999618530273,15.899999618530273,2235
2023-09-25,16.0,16.0,15.899999618530273,16.0,53
2023-09-26,16.0,16.299999237060547,15.699999809265137,16.0,584
2023-09-27,15.75,16.0,15.75,15.75,504
2023-09-28,16.049999237060547,16.049999237060547,16.049999237060547,16.049999237060547,129
2023-09-29,15.800000190734863,16.049999237060547,15.800000190734863,15.800000190734863,2015
2023-10-03,16.0,16.100000381469727,15.5,16.0,119
2023-10-04,15.699999809265137,16.0,15.699999809265137,15.699999809265137,1622
2023-10-05,15.399999618530273,15.399999618530273,15.399999618530273,15.399999618530273,805
2023-10-06,15.300000190734863,15.399999618530273,15.300000190734863,15.300000190734863,51
2023-10-09,15.0,15.25,15.0,15.0,187
2023-10-10,14.949999809265137,14.949999809265137,14.899999618530273,14.949999809265137,1660
2023-10-11,15.050000190734863,15.050000190734863,14.899999618530273,15.050000190734863,7942
2023-10-12,15.0,15.350000381469727,15.0,15.0,677
2023-10-13,14.949999809265137,15.300000190734863,14.949999809265137,14.949999809265137,1836
2023-10-16,14.699999809265137,15.399999618530273,14.25,15.0,13622
2023-10-17,14.850000381469727,14.949999809265137,14.550000190734863,14.800000190734863,5835
2023-10-18,14.800000190734863,14.949999809265137,14.100000381469727,14.850000381469727,6250
2023-10-19,15.5,15.5,14.100000381469727,14.949999809265137,27753
2023-10-20,16.25,16.25,15.550000190734863,15.899999618530273,12416
2023-10-23,16.799999237060547,16.950000762939453,15.699999809265137,16.25,6753
2023-10-25,16.799999237060547,17.5,16.0,17.5,7089
2023-10-26,16.0,16.799999237060547,16.0,16.799999237060547,594
2023-10-27,15.5,16.649999618530273,15.199999809265137,15.699999809265137,2502
2023-10-30,16.200000762939453,16.950000762939453,16.0,16.950000762939453,6195
2023-10-31,15.949999809265137,17.5,15.5,17.5,9147
2023-11-01,17.350000381469727,17.5,16.450000762939453,16.850000381469727,29112
2023-11-02,18.75,19.049999237060547,17.549999237060547,17.549999237060547,46918
2023-11-03,20.549999237060547,20.600000381469727,18.200000762939453,19.100000381469727,108741
2023-11-06,21.350000381469727,21.549999237060547,19.600000381469727,21.149999618530273,88260
2023-11-07,21.299999237060547,22.350000381469727,20.299999237060547,22.350000381469727,62588
2023-11-08,21.75,22.200000762939453,21.100000381469727,21.950000762939453,93999
2023-11-09,22.049999237060547,22.350000381469727,21.700000762939453,21.950000762939453,36906
2023-11-10,20.950000762939453,20.950000762939453,20.950000762939453,20.950000762939453,672
2023-11-13,20.799999237060547,20.850000381469727,19.899999618530273,19.899999618530273,2431
2023-11-15,20.799999237060547,20.799999237060547,20.799999237060547,20.799999237060547,0
2023-11-16,18.850000381469727,18.850000381469727,18.850000381469727,18.850000381469727,1800
2023-11-17,18.850000381469727,18.850000381469727,18.850000381469727,18.850000381469727,0
2023-11-20,17.950000762939453,19.0,17.899999618530273,18.850000381469727,1909
2023-11-21,18.700000762939453,18.700000762939453,17.799999237060547,17.799999237060547,986
2023-11-22,17.950000762939453,18.100000381469727,17.899999618530273,18.100000381469727,1010
2023-11-23,17.899999618530273,18.799999237060547,17.899999618530273,18.799999237060547,170
2023-11-24,17.899999618530273,17.899999618530273,17.899999618530273,17.899999618530273,1691
2023-11-28,17.899999618530273,18.0,17.899999618530273,17.899999618530273,2149
2023-11-29,17.899999618530273,17.899999618530273,17.899999618530273,17.899999618530273,1105
2023-11-30,17.200000762939453,17.25,17.100000381469727,17.100000381469727,870
2023-12-01,17.149999618530273,17.149999618530273,16.350000381469727,16.5,8014
2023-12-04,16.75,17.899999618530273,16.299999237060547,16.299999237060547,742
2023-12-05,16.350000381469727,16.549999237060547,16.350000381469727,16.549999237060547,2130
2023-12-06,15.649999618530273,16.5,15.550000190734863,15.949999809265137,2746
2023-12-07,16.399999618530273,16.399999618530273,15.25,15.550000190734863,1836
2023-12-08,16.200000762939453,17.200000762939453,16.049999237060547,17.200000762939453,5066
2023-12-11,15.75,17.0,15.699999809265137,16.299999237060547,2315
2023-12-12,16.450000762939453,16.450000762939453,15.75,15.75,2430
2023-12-13,17.100000381469727,17.149999618530273,16.450000762939453,16.450000762939453,1011
2023-12-14,16.600000381469727,17.950000762939453,16.5,17.950000762939453,1067
2023-12-15,16.600000381469727,16.600000381469727,15.949999809265137,15.949999809265137,385
2023-12-18,15.899999618530273,16.149999618530273,15.800000190734863,16.149999618530273,2157
2023-12-19,16.5,16.649999618530273,15.149999618530273,16.649999618530273,1469
2023-12-20,15.949999809265137,16.5,15.949999809265137,16.049999237060547,3671
2023-12-21,15.25,16.5,15.199999809265137,15.199999809265137,3099
2023-12-22,15.100000381469727,15.5,15.100000381469727,15.5,620
2023-12-26,15.75,15.75,14.350000381469727,15.100000381469727,7327
2023-12-27,15.75,15.75,15.5,15.5,779
2023-12-28,15.600000381469727,16.0,15.550000190734863,15.600000381469727,3623
2023-12-29,15.550000190734863,16.0,15.25,15.25,5445
2024-01-01,16.0,16.0,14.800000190734863,14.800000190734863,606
2024-01-02,16.700000762939453,16.700000762939453,15.300000190734863,15.800000190734863,6602
2024-01-03,16.0,16.700000762939453,15.899999618530273,16.700000762939453,2876
2024-01-04,16.649999618530273,16.799999237060547,15.300000190734863,15.899999618530273,2718
2024-01-05,16.799999237060547,17.100000381469727,16.399999618530273,17.100000381469727,3690
2024-01-08,17.600000381469727,17.600000381469727,16.350000381469727,16.799999237060547,6222
2024-01-09,17.600000381469727,18.399999618530273,17.0,18.350000381469727,13185
2024-01-10,17.450000762939453,18.399999618530273,17.0,18.399999618530273,11138
2024-01-11,18.299999237060547,18.299999237060547,17.0,17.0,4522
2024-01-12,18.899999618530273,19.200000762939453,17.600000381469727,19.200000762939453,4604
2024-01-15,18.299999237060547,19.799999237060547,17.950000762939453,19.799999237060547,11563
2024-01-16,17.649999618530273,18.299999237060547,17.5,18.299999237060547,15515
2024-01-17,18.049999237060547,18.5,18.049999237060547,18.5,4207
2024-01-18,18.700000762939453,18.899999618530273,18.049999237060547,18.450000762939453,862
2024-01-19,18.350000381469727,18.5,18.0,18.5,1062
2024-01-23,17.75,19.200000762939453,17.600000381469727,18.5,6201
2024-01-24,17.700000762939453,18.399999618530273,17.0,18.25,11347
2024-01-25,17.899999618530273,18.549999237060547,17.399999618530273,18.549999237060547,5879
2024-01-29,18.299999237060547,18.649999618530273,17.049999237060547,17.899999618530273,4015
2024-01-30,18.600000381469727,18.950000762939453,17.649999618530273,18.299999237060547,7000
2024-01-31,17.799999237060547,18.600000381469727,17.700000762939453,18.600000381469727,5517
2024-02-01,18.649999618530273,18.649999618530273,17.5,17.799999237060547,11366
2024-02-02,18.799999237060547,19.0,18.049999237060547,19.0,7167
2024-02-05,18.75,19.649999618530273,18.200000762939453,18.799999237060547,7349
2024-02-06,19.649999618530273,19.649999618530273,18.25,19.100000381469727,17437
2024-02-07,19.399999618530273,20.600000381469727,19.200000762939453,19.649999618530273,10186
2024-02-08,19.299999237060547,19.899999618530273,18.549999237060547,19.399999618530273,4432
2024-02-09,19.0,20.200000762939453,18.850000381469727,20.200000762939453,5980
2024-02-12,18.5,19.0,18.149999618530273,18.200000762939453,8059
2024-02-13,19.399999618530273,19.399999618530273,19.399999618530273,19.399999618530273,5429
2024-02-14,20.350000381469727,20.350000381469727,20.350000381469727,20.350000381469727,20086
2024-02-15,21.350000381469727,21.350000381469727,21.350000381469727,21.350000381469727,3141
2024-02-16,22.399999618530273,22.399999618530273,22.0,22.0,20841
2024-02-19,23.5,23.5,21.299999237060547,23.5,9140
2024-02-20,24.649999618530273,24.649999618530273,23.5,23.5,13235
2024-02-21,23.5,25.850000381469727,23.450000762939453,25.850000381469727,46474
2024-02-22,23.5,23.5,22.350000381469727,22.350000381469727,16802
2024-02-23,22.399999618530273,24.649999618530273,22.350000381469727,23.950000762939453,11452
2024-02-26,22.649999618530273,23.450000762939453,21.299999237060547,22.399999618530273,14746
2024-02-27,22.100000381469727,22.600000381469727,22.100000381469727,22.600000381469727,763
2024-02-28,21.0,22.100000381469727,21.0,21.5,835
2024-02-29,20.049999237060547,20.100000381469727,20.049999237060547,20.100000381469727,1022
2024-03-01,19.399999618530273,19.399999618530273,19.100000381469727,19.100000381469727,7437
2024-03-04,18.549999237060547,19.950000762939453,18.5,19.950000762939453,4073
2024-03-05,19.350000381469727,19.399999618530273,17.649999618530273,18.600000381469727,2076
2024-03-06,18.399999618530273,19.950000762939453,18.399999618530273,19.350000381469727,5407
2024-03-07,19.299999237060547,19.299999237060547,18.399999618530273,19.299999237060547,1085
2024-03-11,18.350000381469727,18.350000381469727,18.350000381469727,18.350000381469727,2744
2024-03-12,18.350000381469727,18.350000381469727,18.350000381469727,18.350000381469727,0
2024-03-13,18.350000381469727,18.350000381469727,18.350000381469727,18.350000381469727,0
2024-03-14,18.350000381469727,18.350000381469727,18.350000381469727,18.350000381469727,8
2024-03-15,18.350000381469727,18.350000381469727,18.350000381469727,18.350000381469727,25
2024-03-18,18.299999237060547,18.299999237060547,17.450000762939453,17.450000762939453,1757
2024-03-19,17.399999618530273,17.399999618530273,17.399999618530273,17.399999618530273,125
2024-03-20,16.549999237060547,16.549999237060547,16.549999237060547,16.549999237060547,80
2024-03-21,15.800000190734863,16.5,15.800000190734863,15.800000190734863,4326
2024-03-22,15.850000381469727,15.850000381469727,15.800000190734863,15.800000190734863,381
2024-03-26,16.600000381469727,16.600000381469727,15.850000381469727,15.850000381469727,5244
2024-03-27,16.149999618530273,16.799999237060547,15.850000381469727,16.799999237060547,26147
2024-03-28,15.5,16.950000762939453,15.350000381469727,15.350000381469727,3930
2024-04-01,16.200000762939453,16.200000762939453,15.399999618530273,15.5,411
2024-04-02,17.0,17.0,16.200000762939453,16.200000762939453,2472
2024-04-03,17.399999618530273,17.549999237060547,17.0,17.0,1308
2024-04-04,17.399999618530273,17.399999618530273,17.399999618530273,17.399999618530273,0
2024-04-05,18.100000381469727,18.25,16.549999237060547,16.549999237060547,1758
2024-04-08,19.0,19.0,19.0,19.0,6451
2024-04-09,19.950000762939453,19.950000762939453,19.950000762939453,19.950000762939453,1241
2024-04-10,20.799999237060547,20.899999618530273,20.350000381469727,20.899999618530273,2958
2024-04-12,20.149999618530273,21.799999237060547,19.850000381469727,21.799999237060547,6279
2024-04-15,20.5,21.149999618530273,20.149999618530273,20.149999618530273,1890
2024-04-16,21.0,21.149999618530273,19.75,19.75,1940
2024-04-18,20.600000381469727,21.5,20.299999237060547,21.5,760
2024-04-19,20.549999237060547,20.600000381469727,19.700000762939453,20.200000762939453,2727
2024-04-22,21.0,21.549999237060547,19.649999618530273,19.649999618530273,5023
2024-04-23,20.100000381469727,20.850000381469727,19.950000762939453,20.100000381469727,5252
2024-04-24,19.75,21.100000381469727,19.5,21.100000381469727,6275
2024-04-25,20.100000381469727,20.700000762939453,19.299999237060547,20.649999618530273,4772
2024-04-26,20.299999237060547,20.700000762939453,19.899999618530273,20.700000762939453,4842
2024-04-29,19.950000762939453,21.049999237060547,19.399999618530273,19.399999618530273,3885
2024-04-30,19.700000762939453,20.899999618530273,19.450000762939453,20.899999618530273,2484
2024-05-02,20.399999618530273,20.600000381469727,19.5,19.700000762939453,3129
2024-05-03,20.75,21.299999237060547,19.75,19.75,4200
2024-05-06,19.75,21.700000762939453,19.75,21.700000762939453,5028
2024-05-07,19.700000762939453,20.200000762939453,19.049999237060547,20.200000762939453,2702
2024-05-08,19.0,19.700000762939453,18.799999237060547,19.700000762939453,874
2024-05-09,18.450000762939453,19.700000762939453,18.149999618530273,19.700000762939453,2654
2024-05-10,18.850000381469727,19.200000762939453,18.049999237060547,18.450000762939453,2054
2024-05-13,18.5,19.450000762939453,18.149999618530273,18.850000381469727,587
2024-05-14,19.049999237060547,19.200000762939453,18.200000762939453,19.200000762939453,262
2024-05-15,19.75,20.0,18.299999237060547,18.299999237060547,1044
2024-05-16,19.25,19.700000762939453,19.200000762939453,19.700000762939453,1107
2024-05-17,20.0,20.200000762939453,18.549999237060547,19.25,15498
2024-05-21,19.700000762939453,20.75,19.5,20.75,14076
2024-05-22,20.549999237060547,20.649999618530273,20.100000381469727,20.600000381469727,5259
2024-05-23,20.200000762939453,21.5,20.0,20.649999618530273,3614
2024-05-24,20.0,21.100000381469727,19.600000381469727,20.649999618530273,4101
2024-05-27,20.549999237060547,20.899999618530273,20.0,20.100000381469727,16621
2024-05-28,20.0,21.450000762939453,19.899999618530273,19.950000762939453,4406
2024-05-29,19.75,20.700000762939453,19.5,20.0,1874
2024-05-30,20.700000762939453,20.700000762939453,20.700000762939453,20.700000762939453,13829
2024-05-31,20.700000762939453,21.700000762939453,20.149999618530273,21.700000762939453,25825
2024-06-03,20.399999618530273,21.5,19.700000762939453,20.700000762939453,34622
2024-06-04,21.0,21.350000381469727,19.700000762939453,20.200000762939453,17711
2024-06-05,21.950000762939453,22.049999237060547,20.350000381469727,21.899999618530273,15159
2024-06-06,23.0,23.0,21.649999618530273,22.899999618530273,16705
2024-06-07,23.149999618530273,24.149999618530273,22.049999237060547,24.0,26591
2024-06-10,22.40999984741211,24.280000686645508,22.15999984741211,23.149999618530273,9075
2024-06-11,22.239999771118164,23.5,21.510000228881836,22.40999984741211,10668
2024-06-12,22.690000534057617,23.170000076293945,21.559999465942383,22.229999542236328,7574
2024-06-13,21.889999389648438,23.549999237060547,21.600000381469727,23.549999237060547,8011
2024-06-14,22.299999237060547,22.889999389648438,21.5,22.889999389648438,11964
2024-06-18,22.420000076293945,23.399999618530273,21.8799991607666,23.389999389648438,7054
2024-06-19,22.020000457763672,23.190000534057617,21.6299991607666,22.34000015258789,7836
2024-06-20,21.670000076293945,22.670000076293945,21.540000915527344,22.020000457763672,2023
2024-06-21,21.540000915527344,22.5,20.799999237060547,22.5,8304
2024-06-24,22.31999969482422,22.610000610351562,21.0,21.540000915527344,12223
2024-06-25,23.43000030517578,23.43000030517578,22.31999969482422,22.31999969482422,14275
2024-06-26,24.600000381469727,24.600000381469727,24.100000381469727,24.600000381469727,12531
2024-06-27,25.829999923706055,25.829999923706055,25.829999923706055,25.829999923706055,2474
2024-06-28,27.1200008392334,27.1200008392334,27.1200008392334,27.1200008392334,3222
2024-07-01,28.469999313354492,28.469999313354492,28.469999313354492,28.469999313354492,10514
2024-07-02,27.040000915527344,29.889999389648438,27.040000915527344,29.889999389648438,63870
2024-07-03,28.149999618530273,28.389999389648438,25.68000030517578,25.68000030517578,60490
2024-07-04,27.6299991607666,28.690000534057617,26.739999771118164,28.690000534057617,19951
2024-07-05,26.510000228881836,27.790000915527344,26.25,27.790000915527344,13254
2024-07-08,25.790000915527344,26.899999618530273,25.209999084472656,25.209999084472656,4603
2024-07-09,27.040000915527344,27.06999969482422,26.0,26.5,6937
2024-07-10,28.389999389648438,28.389999389648438,28.0,28.299999237060547,26289
2024-07-11,29.799999237060547,29.799999237060547,29.799999237060547,29.799999237060547,5743
2024-07-12,28.440000534057617,31.290000915527344,28.31999969482422,31.290000915527344,30666
2024-07-15,28.1200008392334,28.899999618530273,27.049999237060547,27.049999237060547,3964
2024-07-16,26.709999084472656,27.899999618530273,26.709999084472656,27.200000762939453,23634
2024-07-18,27.25,27.399999618530273,26.0,26.709999084472656,10313
2024-07-19,26.0,28.0,25.8799991607666,28.0,14000
2024-07-22,25.700000762939453,26.889999389648438,24.700000762939453,25.0,8095
2024-07-23,26.979999542236328,26.979999542236328,25.5,25.700000762939453,28511
2024-07-24,27.139999389648438,27.489999771118164,25.989999771118164,26.0,12717
2024-07-25,26.350000381469727,26.450000762939453,25.780000686645508,25.780000686645508,3936
2024-07-26,27.0,27.649999618530273,25.209999084472656,27.649999618530273,6140
2024-07-29,26.209999084472656,27.860000610351562,25.770000457763672,26.8799991607666,6129
2024-07-30,26.5,27.489999771118164,25.600000381469727,26.0,3173
2024-07-31,25.639999389648438,27.0,25.600000381469727,26.420000076293945,2556
2024-08-01,26.81999969482422,26.920000076293945,25.700000762939453,26.920000076293945,3034
2024-08-02,26.5,28.0,25.479999542236328,28.0,4030
2024-08-05,26.0,27.0,25.200000762939453,25.200000762939453,2425
2024-08-06,25.190000534057617,27.200000762939453,25.0,27.200000762939453,1377
2024-08-07,25.760000228881836,26.440000534057617,25.760000228881836,26.440000534057617,200
2024-08-08,26.829999923706055,26.8799991607666,24.5,25.760000228881836,10174
2024-08-09,26.280000686645508,27.790000915527344,25.850000381469727,27.399999618530273,4956
2024-08-12,25.6200008392334,27.389999389648438,25.059999465942383,27.0,4164
2024-08-13,26.899999618530273,26.899999618530273,26.020000457763672,26.850000381469727,13658
2024-08-14,28.239999771118164,28.239999771118164,28.200000762939453,28.200000762939453,7539
2024-08-16,28.700000762939453,29.649999618530273,28.25,28.989999771118164,25021
2024-08-19,29.110000610351562,30.100000381469727,28.649999618530273,30.100000381469727,18158
2024-08-20,30.010000228881836,30.559999465942383,27.940000534057617,30.0,6102
2024-08-21,30.079999923706055,31.510000228881836,29.0,31.399999618530273,8396
2024-08-22,29.469999313354492,29.520000457763672,29.469999313354492,29.469999313354492,3053
2024-08-23,28.8799991607666,29.469999313354492,28.8799991607666,28.8799991607666,1802
2024-08-26,28.299999237060547,28.600000381469727,28.299999237060547,28.299999237060547,6710
2024-08-27,28.299999237060547,28.299999237060547,28.299999237060547,28.299999237060547,550
2024-08-28,27.729999542236328,28.290000915527344,27.729999542236328,27.729999542236328,101
2024-08-29,27.170000076293945,27.170000076293945,27.170000076293945,27.170000076293945,682
2024-08-30,26.6200008392334,26.6200008392334,26.6200008392334,26.6200008392334,2105
2024-09-02,26.079999923706055,26.079999923706055,26.079999923706055,26.079999923706055,50
2024-09-03,25.549999237060547,26.079999923706055,25.549999237060547,25.549999237060547,4597
2024-09-04,25.030000686645508,25.030000686645508,25.030000686645508,25.030000686645508,1889
2024-09-05,24.520000457763672,24.520000457763672,24.520000457763672,24.520000457763672,5218
2024-09-06,24.020000457763672,24.020000457763672,24.020000457763672,24.020000457763672,3278
2024-09-09,23.530000686645508,23.530000686645508,23.530000686645508,23.530000686645508,3380
2024-09-10,23.049999237060547,23.049999237060547,23.049999237060547,23.049999237060547,2658
2024-09-11,22.579999923706055,22.649999618530273,22.579999923706055,22.579999923706055,13553
2024-09-12,23.030000686645508,23.030000686645508,22.18000030517578,23.030000686645508,6795
2024-09-13,23.489999771118164,23.489999771118164,23.43000030517578,23.489999771118164,2012
2024-09-16,23.950000762939453,23.950000762939453,23.950000762939453,23.950000762939453,1147
2024-09-17,24.420000076293945,24.420000076293945,24.420000076293945,24.420000076293945,1700
2024-09-18,24.899999618530273,24.899999618530273,24.899999618530273,24.899999618530273,3146
2024-09-19,25.389999389648438,25.389999389648438,25.389999389648438,25.389999389648438,8941
2024-09-20,25.799999237060547,25.850000381469727,25.799999237060547,25.799999237060547,3473
2024-09-23,25.5,25.799999237060547,25.350000381469727,25.5,1761
2024-09-24,25.489999771118164,25.549999237060547,25.049999237060547,25.489999771118164,2525
2024-09-25,25.989999771118164,25.989999771118164,25.100000381469727,25.989999771118164,8367
2024-09-26,26.5,26.5,26.350000381469727,26.5,9506
2024-09-27,27.030000686645508,27.030000686645508,27.030000686645508,27.030000686645508,6626
2024-09-30,28.3799991607666,28.3799991607666,27.350000381469727,28.3799991607666,11498
2024-10-01,29.790000915527344,29.790000915527344,29.790000915527344,29.790000915527344,8107
2024-10-03,29.15999984741211,31.270000457763672,29.0,31.200000762939453,35664
2024-10-04,28.450000762939453,30.5,28.25,28.25,12395
2024-10-07,27.040000915527344,29.799999237060547,27.040000915527344,29.799999237060547,2241
2024-10-08,28.0,28.299999237060547,25.700000762939453,25.700000762939453,2464
2024-10-09,26.739999771118164,28.0,26.649999618530273,28.0,7551
2024-10-10,26.989999771118164,27.700000762939453,25.579999923706055,25.579999923706055,9677
2024-10-11,27.8799991607666,28.200000762939453,27.0,27.59000015258789,1871
2024-10-14,27.450000762939453,28.469999313354492,26.5,28.459999084472656,3215
2024-10-15,27.469999313354492,28.700000762939453,26.299999237060547,27.440000534057617,7207
2024-10-16,28.809999465942383,28.84000015258789,26.6200008392334,27.479999542236328,17209
2024-10-17,28.309999465942383,29.93000030517578,27.65999984741211,29.93000030517578,18335
2024-10-18,28.979999542236328,29.299999237060547,27.809999465942383,28.989999771118164,3718
2024-10-21,28.809999465942383,28.979999542236328,27.530000686645508,27.559999465942383,3337
2024-10-22,27.920000076293945,29.25,27.360000610351562,28.809999465942383,1971
2024-10-23,26.549999237060547,29.25,26.520000457763672,29.25,6672
2024-10-24,25.889999389648438,27.5,25.809999465942383,25.989999771118164,1516
2024-10-25,25.770000457763672,26.75,24.59000015258789,25.950000762939453,8288
2024-10-28,25.020000457763672,26.969999313354492,24.729999542236328,26.969999313354492,3053
2024-10-29,23.760000228881836,25.600000381469727,23.760000228881836,25.600000381469727,18402
2024-10-30,22.860000610351562,24.899999618530273,22.56999969482422,24.899999618530273,36516
2024-10-31,23.950000762939453,23.989999771118164,23.0,23.389999389648438,2601
2024-11-01,24.860000610351562,24.959999084472656,24.0,24.959999084472656,844
2024-11-04,24.389999389648438,26.0,24.0,26.0,4966
2024-11-05,24.639999389648438,25.600000381469727,24.06999969482422,25.399999618530273,10448
2024-11-06,25.8700008392334,25.8700008392334,24.5,25.799999237060547,7234
2024-11-07,27.15999984741211,27.15999984741211,26.649999618530273,27.149999618530273,5320
2024-11-08,28.510000228881836,28.510000228881836,28.3700008392334,28.3799991607666,7223
2024-11-11,29.93000030517578,29.93000030517578,28.510000228881836,29.920000076293945,11499
2024-11-12,31.420000076293945,31.420000076293945,31.34000015258789,31.350000381469727,11983
2024-11-13,30.389999389648438,32.9900016784668,29.850000381469727,32.9900016784668,44574
2024-11-14,31.809999465942383,31.899999618530273,29.25,31.34000015258789,27012
2024-11-18,33.400001525878906,33.400001525878906,33.099998474121094,33.400001525878906,13876
2024-11-19,35.06999969482422,35.06999969482422,35.06999969482422,35.06999969482422,7234
2024-11-21,36.810001373291016,36.81999969482422,36.4900016784668,36.81999969482422,51283
2024-11-22,38.650001525878906,38.650001525878906,38.0,38.650001525878906,32564
2024-11-25,40.58000183105469,40.58000183105469,40.58000183105469,40.58000183105469,7568
2024-11-26,38.54999923706055,42.599998474121094,38.54999923706055,42.599998474121094,103046
2024-11-27,36.619998931884766,36.619998931884766,36.619998931884766,36.619998931884766,8736
2024-11-28,35.58000183105469,38.45000076293945,34.779998779296875,35.0099983215332,65169
2024-11-29,35.56999969482422,37.349998474121094,33.79999923706055,33.79999923706055,12390
2024-12-02,36.15999984741211,37.34000015258789,35.45000076293945,37.34000015258789,10967
2024-12-03,37.959999084472656,37.959999084472656,36.15999984741211,36.15999984741211,5921
2024-12-04,39.849998474121094,39.849998474121094,39.79999923706055,39.849998474121094,9269
2024-12-05,41.84000015258789,41.84000015258789,41.84000015258789,41.84000015258789,4394
2024-12-06,43.93000030517578,43.93000030517578,43.93000030517578,43.93000030517578,10757
2024-12-09,43.04999923706055,43.04999923706055,43.04999923706055,43.04999923706055,4226
2024-12-10,42.18000030517578,42.5,42.18000030517578,42.18000030517578,422
2024-12-11,41.33000183105469,41.33000183105469,41.33000183105469,41.33000183105469,1989
2024-12-12,40.5,40.5,40.5,40.5,3566
2024-12-13,39.689998626708984,39.70000076293945,39.689998626708984,39.689998626708984,2039
2024-12-16,38.88999938964844,38.88999938964844,38.88999938964844,38.88999938964844,7468
2024-12-17,38.11000061035156,38.11000061035156,38.11000061035156,38.11000061035156,5568
2024-12-18,37.34000015258789,37.36000061035156,37.34000015258789,37.34000015258789,17869
2024-12-19,38.08000183105469,38.08000183105469,36.59000015258789,38.08000183105469,4293
2024-12-20,37.310001373291016,38.08000183105469,37.310001373291016,37.310001373291016,8774
2024-12-23,37.0099983215332,37.31999969482422,37.0099983215332,37.0099983215332,4435
2024-12-24,36.2599983215332,36.2599983215332,36.2599983215332,36.2599983215332,1765
2024-12-26,36.2599983215332,36.2599983215332,35.529998779296875,36.2599983215332,4274
2024-12-27,35.91999816894531,36.099998474121094,35.529998779296875,35.91999816894531,5203
2024-12-30,36.0,36.599998474121094,36.0,36.0,2942
2024-12-31,36.720001220703125,36.720001220703125,36.0,36.720001220703125,664
2025-01-01,37.0,37.45000076293945,36.27000045776367,37.0,1062
2025-01-02,36.31999969482422,36.599998474121094,36.29999923706055,36.31999969482422,1978
2025-01-03,36.900001525878906,37.040000915527344,36.900001525878906,36.900001525878906,1391
2025-01-06,36.599998474121094,36.79999923706055,36.20000076293945,36.599998474121094,8106
2025-01-07,37.33000183105469,37.33000183105469,36.0,37.33000183105469,3538
2025-01-08,37.029998779296875,37.310001373291016,37.0,37.029998779296875,4455
2025-01-09,36.310001373291016,36.599998474121094,36.29999923706055,36.310001373291016,8680
2025-01-10,36.130001068115234,36.310001373291016,35.70000076293945,36.130001068115234,2410
2025-01-13,34.619998931884766,37.93000030517578,34.33000183105469,37.93000030517578,3473
2025-01-14,34.290000915527344,34.95000076293945,32.880001068115234,34.650001525878906,2902
2025-01-15,34.72999954223633,36.0,32.65999984741211,36.0,6625
2025-01-16,33.849998474121094,34.72999954223633,33.029998779296875,34.72999954223633,983
2025-01-17,33.119998931884766,35.5,32.150001525878906,32.20000076293945,4814
2025-01-20,34.2400016784668,34.400001525878906,31.520000457763672,31.75,9431
2025-01-21,34.900001525878906,35.900001525878906,32.54999923706055,32.54999923706055,7849
2025-01-22,35.84000015258789,36.63999938964844,33.150001525878906,34.119998931884766,9708
2025-01-23,35.689998626708984,37.45000076293945,34.040000915527344,34.040000915527344,4740
2025-01-24,37.13999938964844,37.400001525878906,34.04999923706055,37.400001525878906,12594
2025-01-27,35.33000183105469,38.95000076293945,35.279998779296875,35.349998474121094,6039
2025-01-28,35.900001525878906,37.04999923706055,33.630001068115234,33.70000076293945,2437
2025-01-29,36.5,37.5,34.22999954223633,37.5,4735
2025-01-30,36.720001220703125,38.0,34.849998474121094,34.849998474121094,5775
2025-01-31,37.529998779296875,38.5,34.900001525878906,34.900001525878906,13983
2025-02-01,36.209999084472656,39.400001525878906,35.79999923706055,39.400001525878906,2651
2025-02-03,34.86000061035156,37.470001220703125,34.400001525878906,34.5,17762
2025-02-04,36.189998626708984,36.4900016784668,33.22999954223633,34.86000061035156,968
2025-02-05,34.650001525878906,36.689998626708984,34.5,36.189998626708984,573
2025-02-06,34.63999938964844,36.380001068115234,33.5099983215332,33.5099983215332,6215
2025-02-07,35.79999923706055,36.0,32.95000076293945,33.0,6155
2025-02-10,35.349998474121094,35.4900016784668,34.16999816894531,34.16999816894531,751
2025-02-11,33.619998931884766,37.0,33.58000183105469,33.70000076293945,4684
2025-02-12,33.4900016784668,33.650001525878906,31.93000030517578,32.15999984741211,2773
2025-02-13,32.58000183105469,33.77000045776367,31.809999465942383,32.83000183105469,4768
2025-02-14,33.68000030517578,33.689998626708984,30.950000762939453,32.380001068115234,2732
2025-02-17,31.989999771118164,32.849998474121094,31.989999771118164,32.849998474121094,180
2025-02-18,30.690000534057617,31.3799991607666,30.690000534057617,31.0,726
2025-02-19,29.149999618530273,30.690000534057617,29.149999618530273,30.600000381469727,1292
2025-02-20,30.600000381469727,30.600000381469727,28.0,29.450000762939453,1442
2025-02-21,31.510000228881836,32.0,29.149999618530273,30.600000381469727,1038
2025-02-24,30.309999465942383,31.510000228881836,29.940000534057617,30.110000610351562,356
2025-02-25,29.0,31.5,28.799999237060547,31.5,3696
2025-02-27,27.6200008392334,30.200000762939453,27.549999237060547,28.989999771118164,4957
2025-02-28,28.3799991607666,29.0,28.0,29.0,3518
2025-03-03,27.149999618530273,29.790000915527344,26.959999084472656,29.700000762939453,4412
2025-03-04,28.209999084472656,28.450000762939453,26.030000686645508,27.149999618530273,2154
2025-03-05,29.190000534057617,29.6200008392334,28.899999618530273,29.6200008392334,2310
2025-03-06,30.389999389648438,30.600000381469727,28.34000015258789,30.600000381469727,1148
2025-03-07,30.90999984741211,31.399999618530273,29.139999389648438,31.399999618530273,1531
2025-03-10,31.059999465942383,31.5,29.5,29.5,424
2025-03-11,30.190000534057617,31.0,30.190000534057617,31.0,35
2025-03-12,30.780000686645508,31.510000228881836,28.90999984741211,31.510000228881836,407
2025-03-13,29.239999771118164,31.399999618530273,29.239999771118164,31.399999618530273,1229
2025-03-17,28.860000610351562,30.700000762939453,27.770000457763672,30.700000762939453,1869
2025-03-18,28.860000610351562,28.860000610351562,28.860000610351562,28.860000610351562,0
2025-03-19,27.739999771118164,29.0,27.0,29.0,4361
2025-03-20,27.5,28.739999771118164,26.360000610351562,27.739999771118164,3228
2025-03-21,27.1200008392334,28.8700008392334,26.829999923706055,27.989999771118164,3333
2025-03-24,25.889999389648438,27.989999771118164,25.760000228881836,27.989999771118164,37186
2025-03-25,25.670000076293945,27.18000030517578,24.860000610351562,26.969999313354492,20180
2025-03-26,25.25,26.84000015258789,24.780000686645508,26.84000015258789,3616
2025-03-27,24.5,25.5,24.010000228881836,25.049999237060547,2428
2025-03-28,23.799999237060547,25.25,23.600000381469727,23.600000381469727,2827
2025-04-01,24.850000381469727,24.979999542236328,23.229999542236328,24.969999313354492,5229
2025-04-02,25.979999542236328,26.09000015258789,25.030000686645508,26.0,1302
2025-04-03,26.469999313354492,27.25,25.549999237060547,27.25,2139
2025-04-04,27.739999771118164,27.790000915527344,26.0,27.790000915527344,492
2025-04-07,26.440000534057617,30.0,25.200000762939453,25.200000762939453,1537
2025-04-08,27.649999618530273,28.979999542236328,24.25,26.0,3686
2025-04-09,25.3799991607666,27.989999771118164,25.219999313354492,27.989999771118164,4570
2025-04-11,24.260000228881836,27.90999984741211,24.0,27.90999984741211,9897
2025-04-15,24.790000915527344,25.799999237060547,24.0,25.799999237060547,31217
2025-04-16,24.200000762939453,26.049999237060547,23.600000381469727,25.989999771118164,15970
2025-04-17,24.139999389648438,24.979999542236328,23.600000381469727,24.979999542236328,6192
2025-04-21,24.920000076293945,24.989999771118164,23.59000015258789,24.139999389648438,7999
2025-04-22,26.40999984741211,26.75,24.989999771118164,25.850000381469727,15381
2025-04-23,27.290000915527344,27.780000686645508,26.0,27.780000686645508,14995
2025-04-24,29.920000076293945,30.010000228881836,26.229999542236328,28.700000762939453,31563
2025-04-25,30.030000686645508,32.099998474121094,27.719999313354492,31.579999923706055,75182
2025-04-28,29.25,31.5,28.899999618530273,31.5,7351
2025-04-29,28.920000076293945,30.700000762939453,28.3799991607666,30.700000762939453,9641
2025-04-30,29.479999542236328,29.850000381469727,27.899999618530273,29.850000381469727,1259
2025-05-02,28.690000534057617,29.75,28.690000534057617,29.75,403
2025-05-05,28.1299991607666,29.700000762939453,27.360000610351562,29.700000762939453,5246
2025-05-06,27.209999084472656,28.989999771118164,26.899999618530273,28.950000762939453,3111
2025-05-07,25.889999389648438,26.850000381469727,25.8700008392334,26.850000381469727,1731
2025-05-08,25.239999771118164,26.739999771118164,24.65999984741211,26.649999618530273,1268
2025-05-09,24.15999984741211,26.0,23.969999313354492,23.969999313354492,2275
2025-05-12,25.360000610351562,25.360000610351562,24.389999389648438,24.389999389648438,1723
2025-05-13,26.200000762939453,26.290000915527344,26.0,26.0,561
2025-05-14,27.389999389648438,27.450000762939453,25.43000030517578,27.350000381469727,2483
2025-05-15,27.399999618530273,27.989999771118164,26.360000610351562,27.389999389648438,1841
2025-05-16,27.719999313354492,28.200000762939453,26.25,26.25,1679
2025-05-19,28.700000762939453,28.799999237060547,27.600000381469727,27.600000381469727,1022
2025-05-20,27.84000015258789,29.700000762939453,27.670000076293945,29.700000762939453,1293
2025-05-21,27.670000076293945,29.200000762939453,27.010000228881836,28.600000381469727,2992
2025-05-22,28.43000030517578,29.0,27.010000228881836,27.670000076293945,9695
2025-05-23,28.040000915527344,29.799999237060547,27.549999237060547,29.799999237060547,4669
2025-05-26,27.030000686645508,29.350000381469727,26.799999237060547,29.350000381469727,4983
2025-05-27,26.940000534057617,27.5,26.25,26.510000228881836,298
2025-05-28,26.920000076293945,28.0,26.209999084472656,28.0,4872
2025-05-29,28.260000228881836,28.260000228881836,27.520000457763672,28.260000228881836,107240
2025-05-30,29.670000076293945,29.670000076293945,28.270000457763672,29.5,23253
2025-06-02,31.149999618530273,31.149999618530273,29.670000076293945,31.139999389648438,23567
2025-06-03,31.829999923706055,32.599998474121094,29.719999313354492,32.060001373291016,20109
2025-06-04,30.229999542236328,33.400001525878906,30.229999542236328,33.400001525878906,13104
2025-06-05,29.030000686645508,29.989999771118164,28.709999084472656,28.760000228881836,28250
2025-06-06,28.709999084472656,29.850000381469727,28.219999313354492,29.200000762939453,6439
2025-06-09,28.40999984741211,29.59000015258789,27.780000686645508,29.59000015258789,15693
2025-06-10,27.959999084472656,28.459999084472656,27.6200008392334,27.8700008392334,5751
2025-06-11,28.190000534057617,28.799999237060547,27.549999237060547,27.600000381469727,3436
2025-06-12,29.030000686645508,29.200000762939453,28.049999237060547,28.200000762939453,19900
2025-06-13,28.989999771118164,29.350000381469727,27.700000762939453,28.149999618530273,10389
2025-06-16,27.540000915527344,28.989999771118164,27.540000915527344,28.989999771118164,32932
2025-06-17,26.15999984741211,27.540000915527344,26.15999984741211,27.540000915527344,26114
2025-06-18,25.93000030517578,27.459999084472656,24.850000381469727,26.15999984741211,60876
2025-06-19,25.290000915527344,26.68000030517578,25.200000762939453,26.68000030517578,8867
2025-06-20,25.520000457763672,26.389999389648438,24.5,24.6299991607666,2729
2025-06-23,25.389999389648438,25.979999542236328,25.020000457763672,25.020000457763672,4576
2025-06-24,25.920000076293945,26.190000534057617,25.209999084472656,25.209999084472656,6091
2025-06-25,26.149999618530273,26.600000381469727,25.100000381469727,26.600000381469727,5488
2025-06-26,25.969999313354492,26.25,25.809999465942383,26.25,2735
2025-06-27,26.940000534057617,27.190000534057617,26.09000015258789,26.600000381469727,4518
2025-06-30,26.809999465942383,27.850000381469727,26.06999969482422,27.850000381469727,5787
2025-07-01,27.059999465942383,27.739999771118164,26.5,26.940000534057617,5859
2025-07-02,27.059999465942383,27.799999237060547,26.799999237060547,27.799999237060547,962
2025-07-03,26.989999771118164,27.799999237060547,26.09000015258789,27.799999237060547,1788
2025-07-04,27.079999923706055,27.739999771118164,26.260000228881836,27.0,3971
2025-07-07,26.3700008392334,27.739999771118164,26.0,27.209999084472656,3249
2025-07-08,27.059999465942383,27.290000915527344,25.149999618530273,26.5,2737
2025-07-09,27.0,27.850000381469727,26.899999618530273,27.850000381469727,13946
2025-07-10,27.18000030517578,27.719999313354492,25.860000610351562,25.860000610351562,2180
2025-07-11,27.0,27.479999542236328,26.989999771118164,27.479999542236328,135
2025-07-14,26.790000915527344,27.540000915527344,26.700000762939453,27.540000915527344,952
2025-07-15,26.709999084472656,27.81999969482422,26.469999313354492,27.100000381469727,3193
2025-07-16,26.56999969482422,27.6299991607666,26.1299991607666,27.399999618530273,2643
2025-07-17,27.09000015258789,27.149999618530273,26.200000762939453,26.700000762939453,3253
2025-07-18,25.920000076293945,27.469999313354492,25.729999542236328,26.600000381469727,5577
2025-07-21,27.079999923706055,27.190000534057617,25.729999542236328,25.899999618530273,3068
2025-07-22,26.93000030517578,27.40999984741211,26.0,26.06999969482422,8167
2025-07-23,26.139999389648438,27.670000076293945,25.81999969482422,27.670000076293945,9011
2025-07-24,26.25,26.8700008392334,25.65999984741211,26.100000381469727,3653
2025-07-25,25.780000686645508,26.5,25.350000381469727,26.5,3351
2025-07-28,25.770000457763672,26.690000534057617,25.15999984741211,26.690000534057617,4186
2025-07-29,26.450000762939453,26.989999771118164,25.420000076293945,26.68000030517578,16836
2025-07-30,26.3700008392334,26.969999313354492,25.93000030517578,26.5,289
2025-07-31,26.010000228881836,26.3700008392334,25.360000610351562,26.239999771118164,5448
2025-08-01,25.809999465942383,26.469999313354492,25.25,25.43000030517578,4033
2025-08-04,26.8799991607666,27.059999465942383,25.600000381469727,25.75,10478
2025-08-05,26.360000610351562,27.950000762939453,26.329999923706055,27.420000076293945,17182
2025-08-06,27.399999618530273,27.649999618530273,26.360000610351562,26.389999389648438,24856
2025-08-07,26.690000534057617,29.889999389648438,26.06999969482422,29.889999389648438,17608
2025-08-08,26.940000534057617,28.850000381469727,26.049999237060547,28.850000381469727,6777
2025-08-11,26.229999542236328,29.5,26.0,29.5,6457
2025-08-12,26.989999771118164,27.399999618530273,26.1200008392334,27.399999618530273,4977
2025-08-13,26.93000030517578,27.770000457763672,26.18000030517578,26.989999771118164,4558
2025-08-14,27.1299991607666,27.5,26.360000610351562,26.899999618530273,3726
2025-08-18,26.920000076293945,27.799999237060547,26.299999237060547,26.309999465942383,3457
2025-08-19,26.209999084472656,27.399999618530273,25.729999542236328,26.299999237060547,8481
2025-08-20,26.440000534057617,27.5,25.600000381469727,26.899999618530273,8818
2025-08-21,26.149999618530273,26.649999618530273,25.700000762939453,25.799999237060547,3884
2025-08-22,26.469999313354492,26.950000762939453,25.610000610351562,26.950000762939453,5067
2025-08-25,26.549999237060547,27.299999237060547,25.760000228881836,27.0,5255
2025-08-26,25.520000457763672,26.549999237060547,25.450000762939453,26.549999237060547,3426
2025-08-28,25.510000228881836,26.100000381469727,24.850000381469727,26.100000381469727,9192
2025-08-29,24.850000381469727,25.979999542236328,24.549999237060547,25.149999618530273,5806
