Date,Open,High,Low,Close,Volume,Segment,SMA_20,SMA_50,EMA_20,EMA_50,EMA_200,RSI_14,MACD,MACD_Signal,MACD_Hist,BB_upper,BB_middle,BB_lower,ATR_14,STOCH_K,STOCH_D,OBV,CCI_20,Williams_%R,VWAP,CMF_20,MarketCap,PE,EPS,PB,DividendYield
2025-11-07,1252.89306640625,1315.5377197265625,1252.89306640625,1315.5377197265625,1256400,0,,,,,,,,,,,,,,,,1256400.0,,,1294.6561686197917,,542772658176,30.806862,74.61,1.8076875,0.49
2025-11-10,1321.5037882572592,1381.2647705078125,1317.5263502188627,1381.2647705078125,303811,0,,,,,,,,,,,,,,,,1560211.0,,,1307.3838284551598,,542772658176,30.806862,74.61,1.8076875,0.49
2025-11-11,1416.9624041706952,1450.27345016348,1357.300829258245,1447.886962890625,1043189,0,,,,,,,,,,,,,,,,2603400.0,,,1351.9031841745586,,542772658176,30.806862,74.61,1.8076875,0.49
2025-11-12,1441.8213782157802,1451.7649739276133,1375.497643370568,1425.1160888671875,523812,0,,,,,,,,,,,,,,,,2079588.0,,,1362.8839622294056,,542772658176,30.806862,74.61,1.8076875,0.49
2025-11-13,1407.0187610530263,1429.889030667316,1353.9199368895809,1411.2945556640625,599071,0,,,,,,,,,,,,,,,,1480517.0,,,1368.588671931568,,542772658176,30.806862,74.61,1.8076875,0.49
2025-11-14,1380.1710580142824,1481.7945556640625,1374.2049007029816,1481.7945556640625,477485,0,,,,,,,,,,,,,,,,1958002.0,,,1377.3736387980348,,542772658176,30.806862,74.61,1.8076875,0.49
2025-11-17,1526.3419586110867,1555.8743896484375,1488.7551178528358,1555.8743896484375,410686,0,,,,,,,,,,,,,,,,2368688.0,,,1391.2689868236514,,542772658176,30.806862,74.61,1.8076875,0.49
2025-11-18,1633.63330078125,1633.63330078125,1528.3306019770057,1633.63330078125,859551,0,,,,,,,,,,,,,,,,3228239.0,,,1423.8143489622087,,542772658176,30.806862,74.61,1.8076875,0.49
2025-11-19,1685.439417677234,1685.439417677234,1561.2438870481426,1591.6712646484375,267228,0,,,,,,,,,,,,,,90.57188104441467,94.59618340378618,2961011.0,,,1432.6100572668652,,542772658176,30.806862,74.61,1.8076875,0.49
2025-11-20,1570.0937374428809,1671.2200556399723,1526.9385084768342,1666.844970703125,359370,0,,,,,,,,,,,,,,88.5804088093854,93.05076328460002,3320381.0,,,1443.7469394990128,,542772658176,30.806862,74.61,1.8076875,0.49
2025-11-21,1638.7045989948158,1773.937502795359,1591.074750512238,1685.340087890625,1236557,0,,,,,,,,,,,,,,78.2247651251293,85.79235165964313,4556938.0,,,1484.145058443164,,542772658176,30.806862,74.61,1.8076875,0.49
2025-11-24,1690.4112251264664,1713.4803179990097,1567.1106416466537,1581.429443359375,390328,0,,,,,,,,,,,,,,61.673283102025415,76.1594856788467,4166610.0,,,1491.0413306749742,,542772658176,30.806862,74.61,1.8076875,0.49
2025-11-25,1587.992236892236,1624.7835410656942,1489.7494626006664,1610.16650390625,552905,0,,,,,,,,,,,,,,44.45552579817703,61.451191341777246,4719515.0,,,1496.6407976094501,,542772658176,30.806862,74.61,1.8076875,0.49
2025-11-26,1625.6784125535671,1628.7609028063323,1562.138814596305,1586.997802734375,203120,0,,,,,,,,,,,,,,32.88440813421751,46.33773901147331,4516395.0,,-35.87788046572288,1498.9391185942802,,542772658176,30.806862,74.61,1.8076875,0.49
2025-11-27,1596.9414284446025,1596.9414284446025,1527.5350836867635,1564.1275634765625,252475,0,,,,,,67.615545880478,,,,,,,104.76287868796899,34.25472351746563,37.19821914995339,4263920.0,,-45.96950318466014,1500.7867001953475,,542772658176,30.806862,74.61,1.8076875,0.49
2025-11-28,1551.598679272238,1603.4047879908096,1531.01536358338,1539.964599609375,377998,0,,,,,,65.21065075439819,,,,,,,102.4504890965019,27.61209963471048,31.583743762131203,3885922.0,,-55.70550428799704,1503.1649122413378,,542772658176,30.806862,74.61,1.8076875,0.49
2025-12-01,1536.2855303111182,1600.9189021365053,1524.7509836155598,1546.2291259765625,227264,0,,,,,,65.55273030210444,,,,,,,100.5731626268193,29.748696780693308,30.5385066442898,4113186.0,,-54.214012770570164,1504.481961000146,,542772658176,30.806862,74.61,1.8076875,0.49
2025-12-02,1513.4152500646646,1543.3454485392583,1497.008317327433,1508.24462890625,289566,0,,,,,,61.59771448176493,,,,,,,96.90513734269861,23.867429834787032,27.076075416730266,3823620.0,,-63.25756241078533,1504.8342666346118,,542772658176,30.806862,74.61,1.8076875,0.49
2025-12-03,1516.2988916665583,1517.59148624362,1456.736730753916,1504.3665771484375,279344,0,,,,,,61.19179254736486,,,,,,,94.33011006748471,27.210812380490626,26.942312998656984,3544276.0,,-67.437813237116,1504.4978189364776,,542772658176,30.806862,74.61,1.8076875,0.49
2025-12-04,1484.5787859405066,1513.7135688723588,1466.68031430827,1492.3348388671875,145729,0,1526.5059875488282,,1526.5059875488282,,,59.8734993193208,,,,1714.3871171973938,1526.5059875488282,1338.6248579002627,90.95176324581358,21.758045659637833,24.278762624971822,3398547.0,-21.589881148162196,-88.77742072184472,1504.3008993658634,0.46943798227701966,542772658176,30.806862,74.61,1.8076875,0.49
2025-12-05,1492.3348941842514,1499.693057911496,1417.2607464995626,1476.2261962890625,426027,0,1534.5404113769532,,1521.7174360002791,,,58.0697182817445,,,,1697.7739878533027,1534.5404113769532,1371.3068349006037,90.343230971965,29.617294331939757,26.195384124022734,2972520.0,-56.32519247374985,-83.46809856580643,1502.6788962383134,0.3953903702346457,542772658176,30.806862,74.61,1.8076875,0.49
2025-12-08,1456.736740157646,1485.0759873211225,1408.5103020022564,1465.2882080078125,244120,0,1538.7415832519532,,1516.3432238105204,,,56.81802336513648,,,,1689.8544226346294,1538.7415832519532,1387.628743869277,89.35912056817223,32.82880826051372,28.068049417363767,2728400.0,-76.3639284234928,-84.46259449698091,1501.5472736407198,0.377686408539107,542772658176,30.806862,74.61,1.8076875,0.49
2025-12-09,1439.9319899429236,1518.3869799826246,1416.067361573845,1497.9031982421875,318389,0,1541.2423950195312,,1514.5870308992505,,,59.613461488464914,,,,1687.8463387528057,1541.2423950195312,1394.6384512862567,90.2848704139299,51.85756582823785,38.101222806897105,3046789.0,-57.95694711156576,-75.53742686753536,1500.8526691990332,0.3154928427509039,542772658176,30.806862,74.61,1.8076875,0.49
2025-12-10,1505.4604007380435,1553.8856636225444,1479.3086952900787,1537.2799072265625,232797,0,1546.8505859375,,1516.7482572161373,,,62.748866874123046,,,,1683.4997189843061,1546.8505859375,1410.2014528906939,89.16287740811103,70.68131106403173,51.789228384261094,3279586.0,-17.369028517595478,-64.7618992388,1501.3200035963348,0.3232450843083379,542772658176,30.806862,74.61,1.8076875,0.49
2025-12-11,1535.1917842150242,1547.4223342548214,1501.7813265081315,1541.4561767578125,122108,0,1553.3586669921874,,1519.1013924105825,,,63.076280162983444,,,,1675.1547980792166,1553.3586669921874,1431.5625359051583,86.05417243229523,87.1282924432672,69.88905644517892,3401694.0,-19.368036642587303,-56.406903045520565,1501.629575663072,0.31523664422859393,542772658176,30.806862,74.61,1.8076875,0.49
2025-12-12,1541.2573603282892,1550.2065966140665,1488.5563022009349,1511.8243408203125,214799,0,1554.86015625,,1518.4083398781759,,,59.106668525806526,,,,1673.7971787109414,1554.86015625,1435.9231337890587,84.31103828806927,83.69816240511562,80.5025886374715,3186895.0,-43.66817115598027,-53.092505336700896,1501.9113013329543,0.25487022244305213,542772658176,30.806862,74.61,1.8076875,0.49
2025-12-15,1511.824277803737,1533.302419717983,1490.9427273406516,1512.2220458984375,78143,0,1552.6775390625,,1517.8191690229628,,,59.143832900238756,,,,1673.0534336499086,1552.6775390625,1432.3016444750915,81.31451358015943,77.4287774334497,82.75174409394417,3265038.0,-47.56754349115968,-52.91193598675448,1501.9797679634223,0.20887247447723606,542772658176,30.806862,74.61,1.8076875,0.49
2025-12-16,1496.511087045147,1521.370075202043,1465.7853534068677,1514.90673828125,297241,0,1546.7412109375,,1517.5417946666091,,,59.41199053399843,,,,1662.1706510233284,1546.7412109375,1431.3117708516716,79.47667130980342,65.53081955847836,75.55258646568122,3562279.0,-57.02345483940175,-45.408185491075095,1501.9477276273094,0.1299861155563612,542772658176,30.806862,74.61,1.8076875,0.49
2025-12-17,1531.3137477728756,1550.2065797259177,1493.0309040785537,1506.3553466796875,150234,0,1542.4754150390625,,1516.4764186678547,,,58.10382054649772,,,,1657.2518465963192,1542.4754150390625,1427.6989834818057,77.8837430482006,57.860661856477435,66.94008628280183,3412045.0,-31.232718908857525,-49.795888692726855,1502.1282004866384,0.14112688677381002,542772658176,30.806862,74.61,1.8076875,0.49
2025-12-18,1499.4941692603566,1536.2854718217843,1481.6951094204992,1528.5294189453125,113748,0,1535.559637451172,,1517.624323456184,,,60.530671805427374,,,,1635.1972719505372,1535.559637451172,1435.9220029518067,76.2199301448495,59.37847316829396,60.923318194416574,3525793.0,-27.864037447747073,-37.622789802890615,1502.252360542048,0.10512989128440181,542772658176,30.806862,74.61,1.8076875,0.49
2025-12-19,1524.5519761545995,1605.7912222282448,1506.1563249303072,1592.76513671875,376172,0,1530.930889892578,,1524.780591385952,,,66.57155830879789,,,,1608.4525910820228,1530.930889892578,1453.4091887031334,77.8924277986415,71.02508768831576,62.75474090436237,3901965.0,78.75575151050252,-6.60281059849742,1504.2177159973164,0.16747017551563836,542772658176,30.806862,74.61,1.8076875,0.49
2025-12-22,1603.901897726808,1697.8688718961712,1583.0203479113936,1598.8306884765625,957064,0,1531.8009521484375,,1531.8329815850577,,,67.0838628668576,,,,1611.9173791225044,1531.8009521484375,1451.6845251743707,80.53214895479407,74.115045457861,68.17286877149023,4859029.0,188.3569400145029,-34.22680152722563,1512.836575625196,0.08648491611070488,542772658176,30.806862,74.61,1.8076875,0.49
2025-12-23,1598.9301585691096,1619.811709147437,1556.272109539883,1607.87939453125,355084,0,1531.6865966796875,,1539.0754971037427,,,67.87482988571652,,,,1611.3605792650717,1531.6865966796875,1452.0126140943032,79.31839542999121,68.79807543796757,71.31273619471476,5214113.0,121.65287360621967,-31.099641319734644,1514.9203934003472,0.05215137636500541,542772658176,30.806862,74.61,1.8076875,0.49
2025-12-24,1605.890687311094,1634.7271145135842,1583.020417460843,1619.9111328125,339699,0,1533.3322631835938,,1546.7741290760052,,,68.9434641681509,17.43090765698753,1.4327421288582576,15.99816552812927,1618.6666553134596,1533.3322631835938,1447.997871053728,77.34613126018765,59.878549310141835,67.59722340199012,5553812.0,147.87301106049347,-26.94156910999809,1517.2426724578836,0.08482473239663073,542772658176,30.806862,74.61,1.8076875,0.49
2025-12-26,1603.7030864620676,1667.3420959029152,1597.140216508058,1622.39697265625,118989,0,1536.2457336425782,,1553.976304655076,,,69.17163681733317,21.102909036538904,5.366775510394387,15.736133526144517,1629.2233633734593,1536.2457336425782,1443.2681039116972,76.83582755552118,60.98064612449093,63.21909029086677,5672801.0,153.83713237891612,-26.082482805880204,1518.1657724864403,0.0785058862278102,542772658176,30.806862,74.61,1.8076875,0.49
2025-12-29,1609.8681142759644,1631.644612735547,1580.1367394024178,1599.228515625,182415,0,1539.2089294433595,,1558.2860390331641,,,64.42105240654858,21.89114819994461,8.671650048304432,13.219498151640177,1636.1641649151572,1539.2089294433595,1442.2536939715617,75.02668796820747,51.63579464595472,57.49833002686248,5490386.0,102.44052644363659,-35.00348743991675,1519.2353283614177,0.1247129678960583,542772658176,30.806862,74.61,1.8076875,0.49
2025-12-30,1592.9640520641276,1618.3202214321896,1571.3864976644124,1601.21728515625,162489,0,1541.9583374023437,,1562.3747291401246,,,64.64551066285789,22.417891003397017,11.420898239322948,10.996992764074069,1642.6024197552779,1541.9583374023437,1441.3142550494094,73.02004766817673,43.81185146559997,52.142764078681864,5652875.0,84.58352909958417,-41.645174706525204,1520.091987494138,0.152698394354654,542772658176,30.806862,74.61,1.8076875,0.49
2025-12-31,1601.217278409552,1648.847005132071,1579.639602718969,1633.7327880859375,254491,0,1548.2327453613282,,1569.1707347540116,,,68.18004898840152,25.168935986209362,14.17050578870023,10.998430197509132,1655.138992434463,1548.2327453613282,1441.3264982881933,72.74771586424282,45.25895938983202,46.902201833795566,5907366.0,101.75129323789214,-27.63491532173994,1521.7995965797306,0.20816825851932547,542772658176,30.806862,74.61,1.8076875,0.49
2026-01-01,1644.3723149511588,1647.6537499703172,1611.8568066999903,1635.721435546875,127844,0,1554.80048828125,,1575.5088967342842,,,68.38820515860846,27.196126172063487,16.77562986537288,10.420496306690605,1666.166599438802,1554.80048828125,1443.434377123698,70.1083749646774,57.49543670247937,48.855415852637115,6035210.0,101.6894197783597,-26.778048158624625,1522.728732730995,0.19211135865729587,542772658176,30.806862,74.61,1.8076875,0.49
2026-01-02,1646.1622049284329,1721.9323527004249,1638.1079169970446,1702.8406982421875,532364,0,1565.32578125,,1587.6357349731322,,,74.46076413818233,33.82869640536933,20.18624317337217,13.642453231997159,1690.073818620344,1565.32578125,1440.5777438796563,71.25855654959686,73.11301800206694,58.62247136479277,6567574.0,147.5448215816029,-7.453397662627851,1528.3344352381898,0.22821611259402055,542772658176,30.806862,74.61,1.8076875,0.49
2026-01-05,1712.684954204508,1786.466386028402,1711.3922382058431,1760.613037109375,512084,0,1579.5451232910157,,1604.1097637480125,,,78.32104110087799,43.24826198035203,24.79864693476814,18.449615045583887,1723.7428671277676,1579.5451232910157,1435.3473794542638,72.14192306649812,80.78153425449965,70.46332965301531,7079658.0,192.45426151357867,-8.062013742340334,1535.442777180416,0.22053403004764136,542772658176,30.806862,74.61,1.8076875,0.49
2026-01-06,1764.988195983737,1814.7061733353912,1750.967750646926,1801.08349609375,543118,0,1596.3348876953125,,1622.869166828559,,,80.54003213798978,53.36381849534155,30.511681246882823,22.852137248458725,1760.2565951028853,1596.3348876953125,1432.4131802877398,71.54167303949576,89.83426331307867,81.24293852321507,7622776.0,203.15182497534656,-4.09075815124352,1543.6787950411467,0.24175222185654938,542772658176,30.806862,74.61,1.8076875,0.49
2026-01-07,1789.8472359472337,1904.1985871327515,1765.4854263468408,1839.7640380859373,815631,0,1613.4279296875,,1643.5258212340236,,,82.39482948544612,63.766604658936785,37.16266592929362,26.60393872964317,1802.148433543037,1613.4279296875,1424.7074258319628,76.33963644995399,86.71452757243107,85.77677504666978,8438407.0,213.68545593611142,-15.250655307196704,1557.3015638293602,0.20271179830876096,542772658176,30.806862,74.61,1.8076875,0.49
2026-01-08,1859.4524139044497,1874.8649873886843,1819.678030719328,1855.4749755859373,655438,0,1629.3376831054688,,1663.711454981825,,,83.0994408667632,72.44354490495675,44.21884172442624,28.22470318053051,1841.847912931928,1629.3376831054688,1416.8274532790097,74.82873075133986,84.61767469136915,87.05548852562627,9093845.0,186.35855359894052,-12.240813645570485,1567.8506472920571,0.19982585779589548,542772658176,30.806862,74.61,1.8076875,0.49
2026-01-09,1855.4749331135436,1868.8987871312456,1806.4529584072948,1857.6624755859373,318941,0,1645.147998046875,,1682.1829807536453,,,83.20025992229978,78.5906514235769,51.09320366425637,27.49744775932053,1875.4576675950102,1645.147998046875,1414.8383284987399,73.94423774938352,78.50402460863167,83.2787422908106,9412786.0,148.11230076592054,-13.375271657614173,1572.615935641524,0.21033050087833938,542772658176,30.806862,74.61,1.8076875,0.49
2026-01-12,1857.4635979007635,1859.352905279909,1800.9839281699133,1836.28369140625,380332,0,1661.3709655761718,,1696.8592389110363,,,78.28507194685501,80.80571048310685,57.03570502802647,23.77000545508038,1897.4669975747825,1661.3709655761718,1425.2749335775611,72.83171913228439,71.07698373123041,78.06622767707705,9032454.0,117.43460755589977,-19.51989862811568,1577.8437529764904,0.2237441729669778,542772658176,30.806862,74.61,1.8076875,0.49
2026-01-13,1828.6271967140312,1890.178076605721,1808.4416494700224,1837.278076171875,359928,0,1677.6237670898438,,1710.2324615073067,,,78.34914076714131,81.69961695853635,61.96848741412845,19.731129544407906,1915.1617732293546,1677.6237670898438,1440.085760950333,73.46776970395682,61.09934961377198,70.22678598454466,9392382.0,108.95872173964234,-20.107596171695793,1582.8456670993678,0.20131966301690468,542772658176,30.806862,74.61,1.8076875,0.49
2026-01-14,1854.679343552764,1854.679343552764,1802.773824730445,1818.98193359375,369678,0,1692.8275268554687,,1720.5895540869678,,,74.02164339677492,80.00939992355461,65.57666991601369,14.432730007540925,1925.6380658594012,1692.8275268554687,1460.0169878515362,71.92760892669698,42.537567064260436,58.23796680308758,9022704.0,85.54803545098943,-25.60503546464718,1587.4184328762678,0.15129127890259447,542772658176,30.806862,74.61,1.8076875,0.49
2026-01-16,1836.8804076320716,1898.232342057326,1815.700501098312,1890.2774658203125,338743,0,1712.0236328125,,1736.7503075853815,,,78.91003414977673,83.46076065868192,69.15348806454733,14.307272594134588,1943.4749365875905,1712.0236328125,1480.5723290374094,72.68505407186247,54.58489903546075,52.740605237831026,9361447.0,99.27264489041103,-4.182877291109753,1592.1828306638995,0.19289924617587292,542772658176,30.806862,74.61,1.8076875,0.49
2026-01-19,1899.027971687608,1943.4757962965496,1809.7344329801588,1827.43408203125,277213,0,1726.9688659667968,1603.2297729492188,1745.386857532607,1603.2297729492188,,66.95106701938653,80.20055101033859,71.36290065370558,8.837650356633006,1947.436902417145,1726.9688659667968,1506.5008295164487,77.0462190179002,43.52035862533006,46.880941575017054,9084234.0,85.32168659195811,-31.186522883589618,1595.8554696595286,0.15318898819615925,542772658176,30.806862,74.61,1.8076875,0.49
2026-01-20,1826.9368867679807,1827.3345334906091,1767.6729592823058,1796.01220703125,253858,0,1737.1312194824218,1612.8392626953125,1750.2083193896208,1610.7898684034162,,61.89971850498528,74.22570098943902,71.93546072085226,2.290240268586757,1950.5423948707264,1737.1312194824218,1523.7200440941172,75.81156928440335,42.167506524865644,46.75758806188546,8830376.0,40.64598622082129,-40.530214384472984,1598.348202911964,0.11859271681545502,542772658176,30.806862,74.61,1.8076875,0.49
2026-01-21,1789.8472300885796,1831.61033212398,1761.2096258544489,1803.86767578125,259711,0,1747.3830688476562,1621.2913208007812,1755.3187342840617,1618.3615471241155,,62.65824241972927,69.32532083358387,71.41343274339859,-2.088111909814714,1952.7833406672235,1747.3830688476562,1541.982797028089,75.42507906905533,19.36224504518806,35.016703398461225,9090087.0,37.69828881292862,-42.09895238060519,1600.8589277648312,0.23472556391529775,542772658176,30.806862,74.61,1.8076875,0.49
2026-01-22,1812.9162809930535,1834.3945443546152,1776.622157458378,1811.822509765625,220886,0,1757.580224609375,1628.5700317382812,1760.7000462346869,1625.9482515414297,,63.45175053472632,65.33053315656957,70.19685282603278,-4.866319669463209,1954.3328027389837,1757.580224609375,1560.8276464797661,74.1641724852826,22.43094342073459,27.986898330262736,9310973.0,39.32390730085804,-43.11301071773792,1603.037207882415,0.21451776860663843,542772658176,30.806862,74.61,1.8076875,0.49
2026-01-23,1811.8225068926056,1818.484788688708,1733.964227166639,1783.7816162109375,254619,0,1765.773748779297,1635.7433422851564,1762.8982909943297,1632.1377952539594,,58.715296900289125,59.21932585361674,68.00134743154958,-8.782021577932838,1952.293958044911,1765.773748779297,1579.2535395136829,74.90391455933877,24.98359898689478,22.258929150939114,9056354.0,13.017512401779978,-68.80891580574524,1605.1454816164048,0.2028093381225875,542772658176,30.806862,74.61,1.8076875,0.49
2026-01-27,1785.86974698395,1811.1265037621952,1705.8238034248143,1783.7816162109375,438586,0,1773.8429809570312,1643.1930834960938,1764.8871791101972,1638.0846117620763,,58.71529690028912,53.75647881166083,65.15237370757183,-11.395894895910999,1948.4362657773167,1773.8429809570312,1599.2496961367456,77.0752564006275,37.393571605225155,28.26937133761815,9056354.0,-2.545914812838294,-67.19665093311532,1608.4211801039157,0.2275196536275672,542772658176,30.806862,74.61,1.8076875,0.49
2026-01-28,1766.280862347516,1788.8527748785984,1761.6072997786334,1778.9091796875,257576,0,1782.8270141601563,1649.1353759765625,1766.222607736607,1643.6071438375832,,57.84513467399758,48.475176605277056,61.81693428711287,-13.341757681835816,1937.9626150621818,1782.8270141601563,1627.6914132581308,73.51598630772303,47.08551149340381,36.48756069517455,8798778.0,-2.0282572991127763,-69.24689106136337,1610.3960368172807,0.24110818901477016,542772658176,30.806862,74.61,1.8076875,0.49
2026-01-29,1761.0108069500918,1769.8606314420645,1731.1800197064426,1740.4276123046875,311622,0,1789.787530517578,1652.8264404296874,1763.7659415049957,1647.4040249539403,,51.36998713305058,40.71522589332403,57.5965926083551,-16.88136671503107,1922.5895735634306,1789.787530517578,1656.9854874717255,71.67407014153262,48.130960586655995,44.20334789509496,8487156.0,-49.16574041628174,-85.43929362353403,1612.3133171125498,0.20868099737504908,542772658176,30.806862,74.61,1.8076875,0.49
2026-01-30,1740.1292306972773,1763.8944484671565,1719.943683068476,1733.6658935546875,273317,0,1794.7841857910157,1654.8270922851561,1760.899270271633,1650.7868433304402,,50.30442674005082,33.632104883750344,52.80369506343415,-19.171590179683804,1910.0917201565621,1794.7841857910157,1679.4766514254693,69.69383408847175,36.1572878659795,43.7912533153464,8213839.0,-76.83990062954373,-88.28451224269764,1613.8541796224306,0.17536613108132582,542772658176,30.806862,74.61,1.8076875,0.49
2026-02-02,1727.3019475038886,1730.9811506625792,1702.5423704687228,1720.3414306640625,207457,0,1799.015185546875,1657.4004956054687,1757.0366188804358,1653.5144742062685,,48.18341308285336,26.636459134162806,47.57024787757988,-20.933788743417075,1895.3083582065112,1799.015185546875,1702.7220128872389,66.93881187400696,22.67311037668621,35.653786276440535,8006382.0,-127.36891180082553,-92.61245709922412,1614.8051941504975,0.17479237730331557,542772658176,30.806862,74.61,1.8076875,0.49
2026-02-03,1779.80416769661,1783.8810175406086,1683.9478836148387,1708.3096923828125,274160,0,1799.2886352539062,1658.2297900390624,1752.3959592139954,1655.663306291623,,46.28562908792021,19.892193921774833,42.03463708641887,-22.142443164644035,1894.5129330893553,1799.2886352539062,1704.0643374184572,69.2955491634186,21.44262378755872,26.75767401007478,7732222.0,-124.3678102982492,-90.61302943631674,1616.1242149469022,0.12218725595969794,542772658176,30.806862,74.61,1.8076875,0.49
2026-02-04,1708.3097309727823,1720.2420457409276,1679.5727152964762,1695.383056640625,190685,0,1796.0271362304688,1658.4306494140626,1746.9661589689126,1657.2209435602113,,44.268268317908294,13.350349164295949,36.297779501994285,-22.947430337698336,1900.3594460379243,1796.0271362304688,1691.6948264230134,67.25081925492094,18.257343035208184,20.791025733151006,7541537.0,-154.43289849947797,-94.00903495168198,1616.801216323801,0.09897142317551055,542772658176,30.806862,74.61,1.8076875,0.49
2026-02-05,1695.382985135035,1720.1425615110163,1671.8167130146078,1680.06982421875,143741,0,1789.9764526367187,1660.40345703125,1740.5950794688972,1658.1169780958403,,41.936447959605786,6.8512630880100005,30.40847621919743,-23.557213131187428,1905.8336667786732,1789.9764526367187,1674.1192384947642,65.89903562931292,15.24823230782686,18.31606637686456,7397796.0,-140.72552821478445,-96.96196015077592,1617.256621912036,0.043523057777871556,542772658176,30.806862,74.61,1.8076875,0.49
2026-02-06,1673.507180723365,1693.990963887829,1667.4416115342362,1680.3682861328125,65726,0,1782.0066650390625,1661.8074926757813,1734.85919438927,1658.9895784110156,,42.00057378706095,1.705118387904804,24.667804652938905,-22.9626862650341,1904.79043151992,1782.0066650390625,1659.2228985582049,63.08834396676148,11.207857126149989,14.904477489728313,7463522.0,-134.86825540916476,-95.31700227284998,1617.4346699797873,0.03891492427686561,542772658176,30.806862,74.61,1.8076875,0.49
2026-02-09,1689.118512578347,1751.9621087272972,1689.118512578347,1712.4859619140625,146994,0,1774.8572143554688,1664.317255859375,1732.7284103440122,1661.087475803292,,48.5815219880669,0.21590088304560595,19.777423898960244,-19.561523015914638,1896.3417888190252,1774.8572143554688,1653.3726398919125,63.695878154456,19.05035076566623,15.168813399880994,7610516.0,-77.54650836481962,-73.0197309991023,1618.0620039987202,-0.0008983040626895928,542772658176,30.806862,74.61,1.8076875,0.49
2026-02-10,1725.1144124328223,1776.7216974996109,1708.9063031694348,1744.7032470703125,150875,0,1769.2092529296874,1667.92876953125,1733.8688709846122,1664.3665256569006,,54.19586538540221,1.6167144642608946,16.145282012020374,-14.52856754775948,1885.1463654116026,1769.2092529296874,1653.2721404477722,63.99012930986458,40.16233131326866,23.473513068361594,7761391.0,-38.004383692449366,-53.722504761745995,1618.860827986037,-0.038749574083529546,542772658176,30.806862,74.61,1.8076875,0.49
2026-02-11,1752.9565342175174,1779.903654656916,1739.93044794862,1757.43115234375,143326,0,1765.2666259765624,1672.2781005859374,1736.1128977807205,1668.0161188603065,,56.22923607102797,3.711125360652204,13.65845068174674,-9.947325321094535,1877.1021547354087,1765.2666259765624,1653.4310972177161,62.27463483832396,63.134354068023846,40.78234538231954,7904717.0,-11.973275296561821,-46.098855953413185,1619.7044295436071,-0.060355402492662545,542772658176,30.806862,74.61,1.8076875,0.49
2026-02-12,1757.033378464803,1790.8416041964406,1740.1292655989844,1775.5284423828125,337524,0,1762.1791442871095,1676.8640869140625,1739.8667591713959,1672.2322884102086,,59.015203018370144,6.7534120163752505,12.27744294867244,-5.52403093229719,1869.197771186268,1762.1791442871095,1655.160517387951,61.44875653540483,79.4362976357734,60.91099433902193,8242241.0,8.748127560325827,-28.439779349956396,1621.787649771229,-0.011884392390931656,542772658176,30.806862,74.61,1.8076875,0.49
2026-02-13,1755.0446100722534,1774.832389442342,1740.0298051066318,1759.1214599609375,182576,0,1759.1861206054687,1681.8816235351562,1741.7005401989713,1675.639706902394,,55.562393437558676,7.751188866648363,11.372192132267624,-3.6210032656192617,1862.9826150184906,1759.1861206054687,1655.3896261924467,59.59517658831739,78.80849831398262,73.79305000592659,8059665.0,-3.5351597066881957,-36.19381480883226,1622.8091602292236,0.020746370894390062,542772658176,30.806862,74.61,1.8076875,0.49
2026-02-16,1740.129224645949,1783.0855089530678,1734.1630673043055,1769.0650634765625,51963,0,1753.1255004882812,1687.1755932617189,1744.3066852730276,1679.3034463758909,,57.196889297077455,9.237812162363525,10.945316138286804,-1.707503975923279,1838.033205274222,1753.1255004882812,1668.2177957023405,58.832838378349166,76.61002245112968,78.28493946696187,8111628.0,14.823788668796988,-17.647116705662437,1623.1058516266087,-0.03447452788548908,542772658176,30.806862,74.61,1.8076875,0.49
2026-02-17,1771.7499024853544,1788.8528382673826,1755.442381517733,1784.27880859375,79884,0,1750.9677368164062,1693.01447265625,1748.1135541607155,1683.4201272471794,,59.64275016559548,11.510903390151043,11.058433588659652,0.45246980149139127,1830.217009486627,1750.9677368164062,1671.7184641461854,57.01695397629919,76.88681965566929,77.43511347359383,8191512.0,58.18796593335665,-5.318311177420901,1623.6054811611211,0.025606051163528067,542772658176,30.806862,74.61,1.8076875,0.49
2026-02-18,1779.903582650377,1789.847178084178,1744.1066390886936,1747.88525390625,52259,0,1748.5613891601563,1698.4476538085937,1748.091811279338,1685.9481714298881,,51.98951272471564,10.257447386820559,10.898236348291833,-0.6407889614712747,1825.0688049012265,1748.5613891601563,1672.053973419086,56.21149576338386,62.01794876651752,71.8382636244388,8139253.0,28.589710953671155,-34.81065870707098,1623.8973808095666,0.019232903656081615,542772658176,30.806862,74.61,1.8076875,0.49
2026-02-19,1750.0728255571655,1770.9543763166544,1727.898558816995,1750.9677734375,128194,0,1745.9163940429687,1704.1612451171875,1748.365712437258,1688.4979597439121,,52.54495124367222,9.404399969190536,10.599469072471575,-1.195069103281039,1818.1299781930036,1745.9163940429687,1673.7028098929338,55.2718044588321,49.95694836009012,62.95390559409228,8267447.0,9.57264718008027,-32.312668662867246,1624.5526957698664,0.008160251000699621,542772658176,30.806862,74.61,1.8076875,0.49
2026-02-20,1750.967702000402,1758.8231664800735,1730.185563768437,1738.5382080078125,45771,0,1742.252178955078,1708.9739453125,1747.4297596344536,1690.460322420928,,50.03145740171304,7.637353041109918,10.007045866199244,-2.3696928250893254,1807.8514179358638,1742.252178955078,1676.6529399742924,53.36936147688955,26.20826044717751,46.06105252459502,8221676.0,-1.3987073980694604,-42.385250647302406,1624.7712678735122,-0.009481626705768367,542772658176,30.806862,74.61,1.8076875,0.49
2026-02-23,1746.8908687811231,1766.9768827105463,1733.964194906482,1758.4254150390625,129836,0,1740.9843688964843,1713.39685546875,1748.476964911083,1693.1256201706587,,53.836407491164174,7.752323068142459,9.556101306587887,-1.8037782384454282,1804.2631699818928,1740.9843688964843,1677.7055678110758,51.91531335740204,34.56397726226557,36.909728689844364,8351512.0,34.239006966334266,-26.269198610176826,1625.4423506187704,-0.005091683621616929,542772658176,30.806862,74.61,1.8076875,0.49
2026-02-24,1753.155328589664,1758.0277147451218,1716.2646129242537,1745.6976318359375,121434,0,1739.0801696777344,1717.4816845703126,1748.212266522974,1695.187267686944,,51.15182312650883,6.738732001116205,8.99262744549355,-2.2538954443773456,1799.3115972061858,1739.0801696777344,1678.848742149283,51.218562554359664,35.484216801172956,32.08548483687198,8230078.0,-1.1827989978707663,-36.58344817254599,1625.9998124736987,-0.054467031061183946,542772658176,30.806862,74.61,1.8076875,0.49
2026-02-25,1753.4536425868885,1784.8753798726357,1737.4444782192616,1762.303466796875,94694,0,1738.2498840332032,1722.4912670898439,1749.554285596679,1697.8192754951767,,54.350219676043075,7.192495270260451,8.63260101044693,-1.4401057401864783,1796.6935463350708,1738.2498840332032,1679.8062217313357,50.94801534714641,52.12639759161747,40.724863885018635,8324772.0,70.44632130839517,-23.12653087240127,1626.512216595314,-0.07805235408890943,542772658176,30.806862,74.61,1.8076875,0.49
2026-02-26,1789.8472377232144,1818.186485653832,1745.299880142723,1754.05029296875,107912,0,1738.9310180664063,1727.32783203125,1749.9824767749715,1700.0244134353168,,52.5099948604707,6.807669204010153,8.267614649159574,-1.4599454451494207,1797.7764764586298,1738.9310180664063,1680.0855596741828,52.51505750171517,48.05822370133715,45.222946031375834,8216860.0,97.06622447084885,-49.69179507264144,1627.1385046800785,-0.05595159511826978,542772658176,30.806862,74.61,1.8076875,0.49
2026-02-27,1745.299800976283,1749.8739519261871,1716.264551211853,1728.79345703125,83193,0,1738.6873962402344,1731.60556640625,1747.964474894617,1701.1526112233926,,47.23877817263241,4.413796693226914,7.496851057973042,-3.083054364746128,1797.6582389384466,1738.6873962402344,1679.7165535420222,51.46296351994245,38.82244332847585,46.33568820714347,8133667.0,-26.697062351981145,-81.80168315087259,1627.4829684460565,-0.030079620480343353,542772658176,30.806862,74.61,1.8076875,0.49
2026-03-02,1670.5240469704331,1798.498072730277,1666.0494289874766,1790.841552734375,193607,0,1742.21240234375,1737.2952905273437,1752.0480061174512,1704.6698246159801,,58.310794341526304,7.437661515019499,7.4850131493823335,-0.04735163436283418,1804.6988323406565,1742.21240234375,1679.7259723468435,57.2476549644323,43.79731641739928,43.55932781573741,8327274.0,30.290335252925367,-17.973880603872814,1628.4292883366907,0.013446343456765222,542772658176,30.806862,74.61,1.8076875,0.49
2026-03-04,1750.0728697953532,1784.776043592084,1708.3097672206914,1779.704833984375,415039,0,1745.782159423828,1742.318798828125,1754.681989723825,1707.612374002976,,56.03775942211065,8.833627483489408,7.754736016203749,1.0788914672856595,1808.2708704750532,1745.782159423828,1683.2934483726028,59.05366428937883,56.341566610803476,46.320442118892856,7912235.0,44.69309837112779,-25.294068725050558,1630.5033016916448,0.1874581034887673,542772658176,30.806862,74.61,1.8076875,0.49
2026-03-05,1787.6596962832004,1808.740070765244,1752.1609865512603,1796.5093994140625,747305,0,1750.8384765625,1746.3936840820313,1758.6655525514666,1711.0985318622343,,58.656651010526474,11.167200028864045,8.437228818735807,2.7299712101282374,1812.557276777235,1750.8384765625,1689.119676347765,58.87690856970774,80.82788577920593,60.32225626913621,8659540.0,131.53420995825175,-14.248393333458884,1634.8670632543283,0.29333614912335165,542772658176,30.806862,74.61,1.8076875,0.49
2026-03-06,1778.5114926698625,1782.0911628254676,1726.6059719591335,1763.7950439453125,271221,0,1755.0247375488282,1749.6929711914063,1759.1540755413566,1713.1650617478451,,52.1442665535778,10.258543894213062,8.801491833831259,1.4570520603818036,1807.6654563178909,1755.0247375488282,1702.3840187797655,59.66451706150925,76.31976924741748,71.16307387914229,8388319.0,25.688860136037505,-35.75160641355304,1636.105021122179,0.3354855183827692,542772658176,30.806862,74.61,1.8076875,0.49
2026-03-09,1720.2420302743535,1759.917000798078,1677.5839810854136,1749.675048828125,187384,0,1758.4900756835937,1752.5288842773436,1758.2513110924774,1714.5968259470717,,49.585345021297016,8.303345957212969,8.7018626585076,-0.398516701294632,1798.6649146409259,1758.4900756835937,1718.3152367262614,61.56069890425137,70.95320545705728,76.03362016122689,8200935.0,-131.4848443010182,-45.03270822174261,1636.7488421169787,0.36318176034631505,542772658176,30.806862,74.61,1.8076875,0.49
2026-03-10,1774.9317460266368,1780.897903156138,1712.4859195184788,1772.346435546875,282496,0,1761.4830993652345,1755.5775903320311,1759.593703897658,1716.861516519613,,53.52867970622559,8.485414366389932,8.658573000084067,-0.17315863369413442,1796.027403775646,1761.4830993652345,1726.938794954823,62.050076385209074,66.45322386432927,71.24206618960135,8483431.0,-3.6804465140020883,-30.130759140086887,1637.9733613129226,0.4158127159738185,542772658176,30.806862,74.61,1.8076875,0.49
2026-03-11,1788.2562172820294,1789.8471682663546,1706.7187351721177,1769.66162109375,292212,0,1762.7310180664062,1758.5228833007814,1760.5525531544288,1718.9321088558536,,52.99998680841771,8.317187444368756,8.590295888941004,-0.27310844457224803,1796.556226384855,1762.7310180664062,1728.9058097479574,63.55567329299678,67.02084203126057,68.14242378421571,8191219.0,-6.834488899228049,-31.895493197623534,1639.2154017066907,0.436868326810239,542772658176,30.806862,74.61,1.8076875,0.49
2026-03-12,1762.00512240429,1786.8641111515287,1727.6997179331,1777.2188720703125,392366,0,1763.7204040527345,1762.0826904296875,1762.1398216226082,1721.2178642760284,,54.36625912408913,8.693460589697679,8.61092882909234,0.08253176060533995,1798.0218770044248,1763.7204040527345,1729.418931101044,63.242010430527635,77.06915173150176,70.18107254236386,8583585.0,47.79277379493698,-26.928096600004356,1640.961678696824,0.4782001992015138,542772658176,30.806862,74.61,1.8076875,0.49
2026-03-13,1777.2189037373823,1777.2189037373823,1711.2928158522998,1737.0467529296875,274199,0,1761.796319580078,1764.7992797851562,1759.7500055566159,1721.8386050075444,,46.60982143796246,5.684577218384675,8.025658506950807,-2.341081288566132,1797.5201690567617,1761.796319580078,1726.0724701033944,63.43373024871013,70.64102893469699,71.57700756581977,8309386.0,-87.41452813656821,-53.33331306789263,1641.9393723023072,0.43867681464176234,542772658176,30.806862,74.61,1.8076875,0.49
2026-03-16,1712.088320910666,1807.7456610214656,1680.4676386833207,1780.1024169921875,361023,0,1762.8453674316406,1767.7266723632813,1761.6883304552418,1724.1234603794912,,54.15866383036367,6.697048323129366,7.759936470186519,-1.0628881470571532,1799.4156160163566,1762.8453674316406,1726.2751188469247,67.9940368265269,73.33322478518755,73.6811351504621,8670409.0,5.770158563748517,-25.03273659695213,1643.377670267492,0.4637666924819484,542772658176,30.806862,74.61,1.8076875,0.49
2026-03-17,1779.903629102754,1804.7626183360328,1746.7914068913133,1759.3204345703125,634090,0,1762.358135986328,1770.19865234375,1761.462816561439,1725.5037338771706,,50.450763175669266,5.756153316576047,7.359179839464424,-1.6030265228883778,1798.8434975739574,1762.358135986328,1725.8727743986988,67.27812072782636,64.40056534735152,69.45827302241202,8036319.0,92.40977177357036,-38.69277635140261,1646.1251375736617,0.3305138903321979,542772658176,30.806862,74.61,1.8076875,0.49
2026-03-18,1751.067219789319,1843.542660698125,1750.072860209655,1798.59765625,595556,0,1763.0740783691406,1772.1137915039062,1764.9994679603496,1728.3701622055169,,56.510858469405576,8.086613336413166,7.504666538854172,0.5819467975589934,1801.7482131942909,1763.0740783691406,1724.3999435439903,69.14895499644378,70.89115510617235,69.5416484129038,8631875.0,232.07906850897476,-25.322094828604456,1649.139759790673,0.29250156921466836,542772658176,30.806862,74.61,1.8076875,0.49
2026-03-19,1796.7082983975722,1809.634972570784,1760.1158183391535,1796.60888671875,332353,0,1765.5102600097657,1772.8337084960938,1768.009888794483,1731.0461906178004,,56.13647556626374,9.661668906881914,7.936067012459721,1.7256018944221934,1806.1393798257927,1765.5102600097657,1724.8811401937387,67.74682637038568,68.53725784566171,67.9429927663952,8299522.0,153.17148542989355,-26.442571092449892,1650.675644159803,0.313450670058839,542772658176,30.806862,74.61,1.8076875,0.49
2026-03-20,1798.7963903057166,1848.017187055376,1781.096742113734,1835.48828125,437625,0,1769.7362854003907,1773.5218041992186,1774.4364023616752,1735.1419588778867,,61.505577293083924,13.887072477042466,9.126268105376269,4.760804371666197,1819.899779325909,1769.7362854003907,1719.5727914748722,67.68779912547542,78.7269503593762,72.71845443707008,8737147.0,236.82322174437047,-6.885233921880304,1653.114701938136,0.3413855903763854,542772658176,30.806862,74.61,1.8076875,0.49
2026-03-23,1789.648401985767,1823.9538071382503,1729.390114960325,1813.3140869140625,377194,0,1773.475079345703,1772.9928051757813,1778.139038985712,1738.2075325263643,,57.20483071320203,15.270435014021814,10.355101487105378,4.915333526916436,1824.9105024751825,1773.475079345703,1722.0396562162236,70.4313967800611,78.16261395252681,75.14227405252157,8359953.0,93.61714342067094,-20.361701197728888,1654.7649352195924,0.37269996324628113,542772658176,30.806862,74.61,1.8076875,0.49
2026-03-24,1813.314075819401,1813.314075819401,1769.9600231248346,1792.6314697265625,374426,0,1775.1853820800782,1771.7359350585937,1779.5192704848405,1740.3418045734309,,53.45057328459287,14.53034862189429,11.19015091406316,3.3401977078311305,1826.7799282072733,1775.1853820800782,1723.590835952883,68.49730156643015,72.19312871908794,76.36089767699697,7985527.0,91.48958535082579,-32.49702252187575,1656.4006045548472,0.35193236670679245,542772658176,30.806862,74.61,1.8076875,0.49
2026-03-25,1794.62020923879,1811.1265539049136,1770.2583996550086,1803.072265625,377277,0,1778.0541137695313,1770.644130859375,1781.7624128791415,1742.8018226538845,,55.054164247709814,14.61780484079327,11.875681699409181,2.742123141384088,1829.149210167565,1778.0541137695313,1726.9590173714978,66.52379104382122,62.05651416221246,70.80408561127574,8362804.0,89.8807725769564,-26.37098866654969,1658.043585951423,0.3649316341311691,542772658176,30.806862,74.61,1.8076875,0.49
2026-03-27,1802.674403968427,1938.006710805807,1770.059363053258,1843.6419677734373,1460194,0,1782.1210388183595,1770.7912963867188,1787.6557038214553,1746.756338148769,,60.71703238431475,17.75606951597956,13.051759262723257,4.704310253256304,1840.0458702904432,1782.1210388183595,1724.1962073462757,73.76833080873033,56.72997152053669,63.659871467279025,9822998.0,219.96226151998337,-36.23521769151478,1666.4997034238208,0.28153589605309626,542772658176,30.806862,74.61,1.8076875,0.49
2026-03-30,1839.5651608599924,1852.7901913799683,1770.5565840627264,1824.152587890625,541860,0,1785.626153564453,1770.5287866210938,1791.1315975423286,1749.7914851974692,,57.00155536348346,18.457767153852956,14.132960840949197,4.324806312903759,1844.802835226316,1785.626153564453,1726.4494719025902,74.37299341648115,54.10102523062701,57.62917030445871,9281138.0,104.77697718577046,-44.208485328794175,1668.8946411986797,0.29593660943743183,542772658176,30.806862,74.61,1.8076875,0.49
2026-04-01,1838.4714261973247,1856.36989838867,1749.9734248067869,1783.18505859375,433193,0,1788.3457336425781,1769.8128491210937,1790.3747843091305,1751.1010370953627,,50.06611038127687,15.529120320483344,14.412192736856026,1.1169275836273176,1841.5199369670042,1788.3457336425781,1735.171530318152,76.66038485686701,39.284428852346444,50.03847520117004,8847945.0,48.55336939353373,-60.11579172671066,1670.5101147695282,0.2686377179260683,542772658176,30.806862,74.61,1.8076875,0.49
2026-04-02,1760.1158661120871,1778.0143385300253,1720.2420712795931,1753.2547607421875,172533,0,1786.4663940429687,1767.0723950195313,1786.8395439694216,1751.1854968462185,,45.692055116492995,10.670024308225948,13.663759051130011,-2.9937347429040635,1841.769175917817,1786.4663940429687,1731.1636121681204,75.68057074667344,26.082221172674565,39.822558418549335,8675412.0,-75.41375841774968,-71.73744494029667,1670.9114068937645,0.25290985563350127,542772658176,30.806862,74.61,1.8076875,0.49
2026-04-06,1740.1292018259394,1751.2659801649131,1706.4203890113552,1713.281494140625,223889,0,1783.1452270507812,1764.7893432617188,1779.8340154142982,1749.6990653675678,,40.59148587781023,3.5526939223357203,11.641546025371152,-8.088852103035432,1846.9914427428316,1783.1452270507812,1719.2990113587307,73.62012795982764,11.928364538540214,25.7650048545204,8451523.0,-134.01482828755732,-87.2586884829274,1671.2525412844298,0.19964737289612314,542772658176,30.806862,74.61,1.8076875,0.49
2026-04-07,1712.287203501506,1735.1574739315492,1686.7322107476064,1691.90283203125,164922,0,1777.9148986816406,1762.7071557617187,1771.459616996865,1747.4325464132023,,38.13933791765746,-3.769468957640356,8.55934302876885,-12.328811986409207,1852.7228436339462,1777.9148986816406,1703.106953729335,71.82049476155017,7.056832083000856,15.02247259807187,8286601.0,-155.64007316840807,-95.55982195102006,1671.4106514724283,0.14618453247035693,542772658176,30.806862,74.61,1.8076875,0.49
2026-04-08,1740.129184638051,1746.095341842524,1696.1785417844756,1727.998046875,334981,0,1776.125048828125,1761.1897631835936,1767.3204198424016,1746.67040917641,,44.26170281523854,-6.583858987662779,5.530702625482524,-12.114561613145304,1853.85457177338,1776.125048828125,1698.39552588287,70.56135297938758,10.112186463917908,9.699127695152983,8621582.0,-103.30816495224724,-83.57738802869547,1671.90681304551,0.1450225791478049,542772658176,30.806862,74.61,1.8076875,0.49
2026-04-09,1733.168706497805,1741.322406306126,1700.2554294631589,1709.3040771484375,90973,0,1774.1065002441405,1759.13939453125,1761.795053871548,1745.205062822372,,41.94625788524196,-10.205092533672087,2.383543593651602,-12.588636127323689,1856.4391701571092,1774.1065002441405,1691.773830331172,68.45461182678612,17.367163173237042,11.512060573385261,8530609.0,-114.00355257400513,-91.0170485283612,1672.023228029165,0.1232321099355788,542772658176,30.806862,74.61,1.8076875,0.49
2026-04-10,1713.281522548151,1768.8662462501843,1713.281522548151,1739.4332275390625,237425,0,1772.46083984375,1758.2524267578126,1759.6653561255969,1744.9787163406736,,46.77865093351162,-10.522478984043346,-0.1976609218873877,-10.324818062155959,1856.1726272147805,1772.46083984375,1688.7490524727193,67.81943734642617,37.73936730755187,21.739572314902265,8768034.0,-60.766169444140594,-79.02651610917563,1672.4820949513125,0.09605821054252445,542772658176,30.806862,74.61,1.8076875,0.49
2026-04-13,1715.2702123306706,1756.5361333809446,1696.3773810064488,1747.88525390625,115430,0,1771.372021484375,1757.5344995117186,1758.5434416285161,1745.0926982059902,,48.08419127620043,-9.976993569897331,-2.153527451489377,-7.823466118407954,1855.7648292518911,1771.372021484375,1686.9792137168588,67.27224556271686,54.44913839883787,36.51855629320892,8883464.0,-70.52852155592265,-75.66285351498887,1672.6804841575597,0.08961724848546801,542772658176,30.806862,74.61,1.8076875,0.49
2026-04-15,1755.0446536393924,1757.828909008078,1725.512222751262,1733.86474609375,370605,0,1769.2043151855469,1756.6336108398436,1756.193089672824,1744.6523863584514,,46.065509419564975,-10.554366092918144,-3.8336951797751304,-6.720670913143014,1855.0988563950111,1769.2043151855469,1683.3097739760826,64.77541989800964,63.488856105988894,51.89245393745953,8512859.0,-54.934077079963956,-81.24261103485362,1673.3652354452126,0.033797728805505835,542772658176,30.806862,74.61,1.8076875,0.49
2026-04-16,1745.0016492144853,1745.101060896014,1672.512811639371,1690.610107421875,254999,0,1766.8824829101563,1755.6372607421874,1749.94709136321,1742.533081302115,,40.42669923822044,-14.336958293121825,-5.934347802444469,-8.402610490677356,1858.4515646237696,1766.8824829101563,1675.313401196543,65.33347913791202,48.361372959755805,55.43312248819418,8257860.0,-115.14816643162563,-93.18353610409744,1673.5722459052272,0.025277132326267524,542772658176,30.806862,74.61,1.8076875,0.49
2026-04-17,1690.610041378415,1705.326611123328,1648.6481173425527,1665.8505859375,345216,0,1761.1698913574219,1754.2809545898438,1741.9379003702852,1739.5259246211497,,37.59021333594955,-19.11226206362312,-8.5699306546802,-10.542331408942921,1862.465979271196,1761.1698913574219,1659.8738034436478,64.71526589811653,28.312773207950144,46.721000757898274,7912644.0,-145.12477142321868,-94.05496536700169,1673.5694379517977,-0.01783121161002283,542772658176,30.806862,74.61,1.8076875,0.49
2026-04-20,1665.8505996629458,1674.3026558227004,1610.9618797728824,1637.5113525390625,331032,0,1755.0794372558594,1752.6243530273437,1731.9925148625498,1735.5253531669503,,34.59799162667442,-24.896472957610968,-11.835239115266353,-13.061233842344615,1869.8406051151965,1755.0794372558594,1640.3182693965223,64.61708805180949,17.05626619518947,31.243470787631793,7581612.0,-167.44662324639128,-91.8820081386618,1673.2762853213717,0.021932047049789984,542772658176,30.806862,74.61,1.8076875,0.49
2026-04-21,1636.7158018639552,1709.6024046552016,1622.9935916674265,1686.0360107421875,298876,0,1749.4513549804688,1752.1788793945314,1727.6157049463247,1733.584594640489,,42.969189254840714,-25.27362872492904,-14.52291703719889,-10.75071168773015,1866.1477828611457,1749.4513549804688,1632.7549270997918,66.18792554723561,27.83455785740581,24.40119908684846,7880488.0,-109.09826917810445,-69.40844419316157,1673.2730766839468,0.03841649333766545,542772658176,30.806862,74.61,1.8076875,0.49
2026-04-22,1670.6234302809537,1837.5764204642032,1667.540939999171,1828.1300048828125,928322,0,1751.027410888672,1754.833818359375,1737.1884954164664,1737.2922577872469,,59.36935257785877,-13.945969138533883,-14.40752745746589,0.4615583189320063,1871.0333269985263,1751.027410888672,1631.0214947788177,73.60560804136392,55.00859963893063,33.29980789717529,8808810.0,43.45662522235519,-11.507323055352176,1675.8193855123675,0.12033508690053996,542772658176,30.806862,74.61,1.8076875,0.49
2026-04-23,1804.3648406187567,1868.401620818868,1804.3648406187567,1843.741455078125,335859,0,1751.4400695800782,1758.1072509765625,1747.3363963366244,1741.4667361123793,,60.70629831368106,-3.666735895566262,-12.259369145085964,8.592633249519702,1872.655538172739,1751.4400695800782,1630.2246009874175,72.9221203384173,79.12319202596241,53.9887831740996,9144669.0,128.7458181333452,-9.579005028729425,1677.244244296816,0.09660945623606984,542772658176,30.806862,74.61,1.8076875,0.49
2026-04-24,1847.520023593708,1864.4241357579133,1798.7964061792347,1852.4918212890625,282029,0,1753.3989562988281,1761.5497216796875,1757.351198713047,1745.8206610212687,,61.47155854330478,5.126615498463707,-8.78217221637603,13.908787714839736,1879.7098955634606,1753.3989562988281,1627.0880170341957,72.40109242700738,93.35749697520653,75.82976288003317,9426698.0,117.69398505846029,-6.180009141231833,1678.419701158194,0.08310312996828698,542772658176,30.806862,74.61,1.8076875,0.49
2026-04-27,1859.25357494493,1885.305747159933,1819.8768388165424,1832.7041015625,211139,0,1755.402587890625,1763.9540844726562,1764.5276656510903,1749.2278547679837,,58.68806513961703,10.379062846100851,-4.949925203880653,15.328988049981504,1885.3580356824666,1755.402587890625,1625.4471400987834,71.90307927817761,88.06263791897726,86.84777564004871,9215559.0,116.39280333938629,-19.173618167021516,1679.328647172345,0.06553381773016659,542772658176,30.806862,74.61,1.8076875,0.49
2026-04-28,1909.17030716288,2061.5061393692067,1869.3959257636532,1997.469482421875,11253215,0,1765.1224487304687,1769.0094091796875,1786.7126005816413,1758.9628205583324,,70.61827652489276,27.519625334073226,1.5439849037101228,25.975640430363104,1931.7817187466812,1765.1224487304687,1598.4631787142562,83.11014774450112,85.83750815876117,89.0858810176483,20468774.0,223.54987790440634,-14.213177858421028,1745.8981106003778,0.21834922199618323,542772658176,30.806862,74.61,1.8076875,0.49
2026-04-29,2008.606298008493,2043.4088823799275,1972.3121743068543,2001.8446044921875,1374793,0,1773.0325805664063,1773.8976782226562,1807.201362858836,1768.4875963988757,,70.85892717034776,40.98423958143758,9.432035839255613,31.552203742181966,1966.6803132441596,1773.0325805664063,1579.384847888653,82.2520449108277,80.32749160631381,84.74254589468406,21843567.0,215.06037720114676,-13.242102991274237,1752.8314148682064,0.21652833364472304,542772658176,30.806862,74.61,1.8076875,0.49
2026-04-30,1991.9010561451487,2008.606345591894,1917.423620931352,1987.3270263671875,823260,0,1781.1913024902344,1778.1336499023437,1824.3561879548695,1777.0695348290055,,68.84397661908518,49.908284516478716,17.527285574700237,32.38099894177848,1995.4223839605952,1781.1913024902344,1566.9602210198736,82.88995060723587,77.59979913227552,81.25493296578348,21020307.0,156.01411958093328,-16.46433428504488,1756.2629297422836,0.2280241188462124,542772658176,30.806862,74.61,1.8076875,0.49
2026-05-04,1980.963090607314,2018.549930978243,1872.2796622265705,1883.814208984375,369661,0,1786.2227600097656,1780.6275048828124,1830.0188566243462,1781.2556004821572,,56.505881475459795,48.07386950893374,23.636602361546938,24.4372671473868,2005.081598496262,1786.2227600097656,1567.3639215232693,87.41711618898135,58.50490862721696,72.14406645526874,20650646.0,102.89370497972067,-39.43939504279535,1757.444810058934,0.2207817774164814,542772658176,30.806862,74.61,1.8076875,0.49
2026-05-05,1892.2662809110216,1916.9264470499645,1859.452414768056,1900.8177490234373,186209,0,1793.6009094238282,1783.26255859375,1836.7616082814025,1785.9443121896584,,57.842438674448324,47.44520716130728,28.398323321499007,19.046883839808274,2017.4099068632072,1793.6009094238282,1569.7919119844491,85.27832448133329,39.565742668467486,58.55681680931996,20836855.0,69.86772827108513,-35.66539511339951,1757.9196213141834,0.22370425036249977,542772658176,30.806862,74.61,1.8076875,0.49
2026-05-06,1904.1985362164328,1947.4531765952397,1895.2493002759895,1923.4891357421875,300491,0,1804.1112915039062,1786.0467651367187,1845.0213728014771,1791.3382268387772,,59.62401159464211,48.220522984334366,32.36276325406608,15.857759730268285,2031.559183078844,1804.1112915039062,1576.6633999289684,82.91586389832734,27.248059700823248,41.77290366550253,21137346.0,80.22248914318745,-30.63339520753828,1758.8463076108349,0.2324555841822035,542772658176,30.806862,74.61,1.8076875,0.49
2026-05-07,1938.9017477835268,1939.0011594640655,1893.260619292093,1904.795166015625,252982,0,1814.755908203125,1789.1849633789063,1850.7141150123484,1795.7875185712026,,57.467467633378,46.787185682486324,35.24764773975013,11.539537942736196,2040.1191988364558,1814.755908203125,1589.3926175697943,80.26048363215914,27.927739745636142,31.58051403830893,20884364.0,66.35839926871348,-34.782592390365956,1759.572465896926,0.23159137371136906,542772658176,30.806862,74.61,1.8076875,0.49
2026-05-08,1907.181659516151,2019.5442911769048,1907.181659516151,2006.2198486328125,1071460,0,1828.6669982910157,1794.2900048828126,1865.524184880964,1804.0397668089126,,64.88778042145502,53.221871188307205,38.842492429461544,14.379378758845661,2064.973667371415,1828.6669982910157,1592.3603292106166,82.72395802709632,51.66259287202098,35.61279743949343,21955824.0,98.79590765465012,-12.27100103016056,1763.8558327405826,0.2601338783922526,542772658176,30.806862,74.61,1.8076875,0.49
2026-05-11,1988.7191352186048,1996.1768319756748,1931.54346008107,1953.817138671875,283992,0,1840.8926513671875,1798.5955834960937,1873.9330376229555,1809.9133892349112,,59.14630677744811,53.47650124654433,41.7692941928781,11.707207053666231,2076.5321761037035,1840.8926513671875,1605.2531266306714,82.14913163599962,59.70702737490907,46.43245333085537,21671832.0,80.64794055636668,-24.55779230531116,1764.8743322184084,0.25567148854228855,542772658176,30.806862,74.61,1.8076875,0.49
2026-05-12,1958.888272901592,1959.8826324309837,1874.4671245798831,1898.9283447265625,286209,0,1848.8674072265626,1801.4056420898437,1876.3135430613943,1813.4041718032113,,53.77864730737583,48.68798566409487,43.15303248712145,5.534953176973417,2081.001902935448,1848.8674072265626,1616.7329115176772,82.38244422279254,55.827313918716804,55.732311388548915,21385623.0,43.67859679574529,-41.26704462795493,1765.6335570308697,0.24953514839948387,542772658176,30.806862,74.61,1.8076875,0.49
2026-05-13,1899.2267429845192,1958.888316062567,1899.2267429845192,1908.275390625,332693,0,1856.8869140625,1804.657197265625,1879.3575285436425,1817.124611757007,,54.53531789613325,45.127084118016,43.54784281330036,1.5792413047156373,2085.5691319520947,1856.8869140625,1628.2046961729052,80.78083901659339,33.03619426239095,49.523511852005576,21718316.0,46.030535503947505,-58.327016240925396,1766.5724591601331,0.23102499365486504,542772658176,30.806862,74.61,1.8076875,0.49
2026-05-14,1937.5095687551611,1937.5095687551611,1882.819793912188,1899.9227294921875,358820,0,1865.1898132324218,1807.4095825195313,1881.3161191101706,1820.3715967662297,,53.68947725493188,41.15662607424815,43.06959946548992,-1.9129733912417706,2087.368412021766,1865.1898132324218,1643.0112144430775,78.91719157562052,19.2369098156483,36.033472665585315,21359496.0,31.24824147759426,-61.50644207771861,1767.4736730884288,0.2334071640936497,542772658176,30.806862,74.61,1.8076875,0.49
2026-05-15,1899.922692314489,1934.0292725109668,1872.5778054280872,1878.2457275390625,191120,0,1874.5715942382812,1809.8934912109376,1881.0237008653032,1822.641170522027,,51.4588361713475,35.84762743886154,41.62520506016425,-5.7775776213027115,2081.814773002079,1874.5715942382812,1667.3284154744836,77.66963982613903,15.145209707625767,22.4727712618883,21168376.0,17.494112533328728,-75.84362137000092,1767.908708779457,0.23274585268541623,542772658176,30.806862,74.61,1.8076875,0.49
2026-05-18,1857.463671714436,1904.198571377486,1851.596925991015,1894.05615234375,206217,0,1885.9818725585938,1813.1987451171874,1882.2648867203934,1825.4417580444476,,52.992864275095485,32.54086607146701,39.8083372624248,-7.267471190957792,2069.8078638613188,1885.9818725585938,1702.1558812558687,75.87906879473417,20.447451857563234,18.276523793612398,21374593.0,-0.503899569975485,-79.77257612021225,1768.331987685774,0.24772208432482604,542772658176,30.806862,74.61,1.8076875,0.49
2026-05-19,1897.2380396372316,1936.515242239784,1875.6604857475293,1925.2789306640625,299250,0,1900.3702514648437,1815.8874926757812,1886.3614623340761,1829.3569412844324,,55.953258873670485,32.06996850066753,38.26066351007334,-6.190695009405815,2045.0257912122922,1900.3702514648437,1755.7147117173952,74.80590363027135,37.49025687875356,24.360972814647482,21673843.0,18.83966020042012,-61.58633379263807,1769.0953686983164,0.2604541167397507,542772658176,30.806862,74.61,1.8076875,0.49
2026-05-20,1925.477825420742,1927.9637242551053,1889.4819374700949,1914.6392822265625,519303,0,1911.8004150390625,1818.586181640625,1889.0545880381223,1832.7013468115747,,54.68931237117533,30.486815047042,36.70589381746707,-6.219078770425071,2017.8924426416786,1911.8004150390625,1805.7083874364464,72.21132385560985,60.421546691788784,39.453085142701816,21154540.0,2.395677837237428,-62.46302752902967,1770.3847871253927,0.25874497705054167,542772658176,30.806862,74.61,1.8076875,0.49
2026-05-21,1924.0857357910147,1942.9785673052415,1901.2154660632664,1913.2471923828125,174923,0,1916.0562744140625,1820.9209375,1891.3586455947595,1835.8600074222115,,54.51579206585322,28.78797466083074,35.122309986139804,-6.334335325309063,2014.9670427385913,1916.0562744140625,1817.1455060895337,70.03645081177879,69.83962607107584,55.91714321387269,20979617.0,5.624012077612857,-63.2919121276116,1770.8396920776577,0.22189319509706376,542772658176,30.806862,74.61,1.8076875,0.49
2026-05-22,1924.085701146458,1959.8826444236013,1907.1815890433625,1948.447509765625,158257,0,1921.2915771484375,1824.6139868164062,1896.7956802776991,1840.2752035925414,,58.133078242881254,29.93690879720498,34.08522974835284,-4.148320951147859,2015.3003975754095,1921.2915771484375,1827.2827567214654,68.79820828095451,76.76135368140895,69.00750881475783,21137874.0,37.31395651715885,-42.332775707786496,1771.3022694370288,0.2246289085493418,542772658176,30.806862,74.61,1.8076875,0.49
2026-05-25,1957.8939216600004,1964.854438395206,1914.1421021815645,1931.941162109375,334116,0,1925.2640441894532,1828.2593090820312,1900.142869023573,1843.8699470637898,,55.88850482309351,29.179163834068504,33.10401656549597,-3.924852731427464,2013.8673048021838,1925.2640441894532,1836.6607835767227,67.50636027614644,73.3345548274906,73.31184485999177,20803758.0,25.281204704747797,-52.16106187231205,1772.26171010743,0.20931655799626236,542772658176,30.806862,74.61,1.8076875,0.49
2026-05-26,1934.0293048918436,1961.3741922360723,1924.1851211715648,1938.20556640625,333323,0,1930.5391174316405,1831.5764916992186,1903.767887821923,1847.5693831164353,,56.57379708361319,28.752687481116027,32.23375074861998,-3.4810632675039557,2008.380367447312,1930.5391174316405,1852.697867415969,65.34083961817223,72.39427662251042,74.16339504380329,21137081.0,26.27495472119412,-48.43108117869333,1773.2324246510652,0.21040404800714368,542772658176,30.806862,74.61,1.8076875,0.49
2026-05-27,1946.061005476062,1983.7472558152745,1933.0349199523275,1974.6986083984373,396997,0,1929.4005737304688,1835.6772314453126,1910.523194543496,1852.5548429314158,,60.43036564886172,31.002013489078536,31.987403296711694,-0.9853898076331582,2003.8864949096333,1929.4005737304688,1854.9146525513042,64.29594649279899,72.25971580833288,72.66284908611128,21534078.0,88.2552693590434,-26.702224669515267,1774.5274952214772,0.06362020536220525,542772658176,30.806862,74.61,1.8076875,0.49
2026-05-29,1973.8036834088664,1973.8036834088664,1902.2097966554968,1915.9320068359373,494359,0,1925.1049438476562,1838.451494140625,1911.0383195237284,1855.0402219080638,,52.36545960437036,27.723072618660808,31.134537161101516,-3.411464542440708,1991.8956291996321,1925.1049438476562,1858.3142584956802,64.88115115352339,56.83642450394317,67.16347231159547,21039719.0,12.896707680583358,-55.50205928910458,1775.8374019159978,0.06142569963269757,542772658176,30.806862,74.61,1.8076875,0.49
2026-06-01,1894.2549694625452,1941.6858721136975,1891.172479090433,1923.68798828125,115924,0,1921.9229919433594,1842.1843188476562,1912.2430498815877,1857.7322911776005,,53.25219928387901,25.456880170311024,29.99900576294342,-4.542125592632395,1982.3099145351016,1921.9229919433594,1861.5360693516172,63.85488271564776,46.99633596406496,58.69749209211364,21155643.0,-18.944586603341627,-45.44768644459268,1776.118221191708,0.00708583521851982,542772658176,30.806862,74.61,1.8076875,0.49
2026-06-02,1919.21334230418,1925.378444340439,1889.48196749637,1897.536376953125,425408,0,1922.6091003417969,1844.532998046875,1910.8424143645911,1859.2932357178172,,49.880481799933676,21.30509794476984,28.260224199308702,-6.955126254538861,1981.5428171054466,1922.6091003417969,1863.6753835781471,61.85785372482071,20.165749068786155,41.332836512264734,20730235.0,-66.6853695349469,-65.23697593248333,1777.0340788136791,0.01846060453179188,542772658176,30.806862,74.61,1.8076875,0.49
2026-06-03,1904.1985658257563,1929.0575549357527,1875.36213845816,1917.9207763671875,217562,0,1923.4642517089844,1847.7050048828125,1911.516544079124,1861.592354958969,,52.40986548202121,19.435589909985993,26.49529734144416,-7.059707431458168,1981.5992782766023,1923.4642517089844,1865.3292251413666,61.27482249287585,27.644680565782703,31.602255199544576,20947797.0,-59.279192391433845,-49.811816236574316,1777.5095034125704,0.025110163672788496,542772658176,30.806862,74.61,1.8076875,0.49
2026-06-04,1917.125258709994,1963.86015868892,1902.9058682487985,1954.3143310546875,257138,0,1925.0055114746094,1850.8193383789062,1915.5925237910824,1865.2285108842914,,56.619228102203834,20.65257698133769,25.326753269422866,-4.674176288085178,1984.6756442266033,1925.0055114746094,1865.3353787226156,61.25192734625053,42.67087999394381,30.160436542837527,21204935.0,54.39450678687572,-22.272305184352124,1778.2081652475374,0.04792306864215814,542772658176,30.806862,74.61,1.8076875,0.49
2026-06-05,1958.888297146324,2033.2664394180945,1939.001106312351,1966.24658203125,505028,0,1928.0780822753907,1854.2120922851564,1920.4167198139555,1869.1900038704466,,57.933010465225124,22.322560354671396,24.72591468647257,-2.403354331801175,1989.5698341186599,1928.0780822753907,1866.5863304321215,63.610027757642875,59.00829822553434,43.107952928420254,21709963.0,158.09345553627443,-36.89108652440227,1779.8901383626167,0.03359127813920638,542772658176,30.806862,74.61,1.8076875,0.49
2026-06-08,1964.4567248217409,1997.9667148631029,1914.142155301598,1953.3199462890625,165603,0,1925.433087158203,1856.5687255859375,1923.5503604306323,1872.4892172986276,,55.95594873099817,22.345379116685308,24.249807572515117,-1.9044284558298088,1977.0029888253628,1925.433087158203,1873.8631854910434,65.05392288649016,62.37635180106022,54.68517667351276,21544360.0,91.99938391018718,-50.62971220101029,1780.3690023109118,-0.09812719108904393,542772658176,30.806862,74.61,1.8076875,0.49
2026-06-09,1963.8601147780576,1990.906646033934,1948.9447215012624,1982.45458984375,208336,0,1926.8649597167969,1859.9515356445313,1929.1602870414054,1876.8015848494167,,59.325164467290726,24.432739978845802,24.286394053781255,0.1463459250645478,1982.90434943065,1926.8649597167969,1870.8255700029438,63.40449443264598,58.249353376721594,59.87800113443868,21752696.0,146.17634997024973,-32.17888890007949,1781.032678955092,-0.06380932833666013,542772658176,30.806862,74.61,1.8076875,0.49
2026-06-10,1982.4545524733803,1998.6626614146787,1951.529995272126,1972.3121337890625,278152,0,1930.5341491699219,1863.5451489257812,1933.2699867316585,1880.54709657254,,57.6712278301421,24.980616069009557,24.425238456826914,0.5553776121826424,1988.357670589305,1930.5341491699219,1872.7106277505388,62.24222098335361,56.81105375991718,59.1455863125663,21474544.0,127.39359966272742,-38.602055332551124,1781.9120077867508,-0.04892373613771132,542772658176,30.806862,74.61,1.8076875,0.49
2026-06-11,1972.312172830335,1985.7360267921244,1901.2154648104868,1939.199951171875,216944,0,1932.0803771972655,1866.2677026367187,1933.8347452497744,1882.847208517612,,52.52298877114077,22.483756659430355,24.036942097347602,-1.5531854379172465,1989.0884915614902,1932.0803771972655,1875.072262833041,63.833531054659616,49.942630429555045,55.00101252206457,21257600.0,30.123881087607426,-59.57183412634671,1782.4786523067405,-0.014064369205067285,542772658176,30.806862,74.61,1.8076875,0.49
2026-06-12,1967.5999755859373,2027.0,1953.699951171875,2017.199951171875,396846,0,1937.94423828125,1869.7388623046875,1941.7742886709268,1888.1159435236616,,61.28938433795778,26.493524852387736,24.528258648355628,1.9652662040321083,2003.9338673880522,1937.94423828125,1871.9546091744476,65.54542518133572,58.07188017072867,54.94185478673359,21654446.0,171.01093147169954,-10.174826238771084,1783.8730585654716,0.058145139346759224,542772658176,30.806862,74.61,1.8076875,0.49
2026-06-15,2035.0,2091.0,2005.0,2009.5,399928,0,1944.5069519042968,1873.445810546875,1948.2243564165528,1892.876102601165,,60.10944824644544,28.71891949865926,25.366390818416356,3.352528680242905,2011.5414003567505,1944.5069519042968,1877.472503451843,67.00646623981173,59.34348078193389,55.785997127405835,21254518.0,220.3804134688087,-37.79484707243149,1785.4912242283974,0.023026304700423814,542772658176,30.806862,74.61,1.8076875,0.49
2026-06-16,2009.5,2043.199951171875,1991.0,2001.800048828125,123995,0,1949.8941467285156,1877.8181103515626,1953.326803312893,1897.147629904183,,58.888524383919126,29.52094005967774,26.19730066666863,3.3236393930091097,2017.1620659976068,1949.8941467285156,1882.6262274594244,65.94885802067338,67.42159396570848,61.612318306123655,21130523.0,140.63647740193383,-41.365625931403336,1785.9425423168277,-0.009771170805352723,542772658176,30.806862,74.61,1.8076875,0.49
2026-06-17,2017.5999755859373,2045.9000244140625,2004.0,2013.199951171875,239115,0,1954.2901977539063,1883.0170141601564,1959.0290078708913,1901.6987013264454,,60.17815421309307,30.72227669690369,27.102295872715644,3.6199808241880476,2025.9003583959743,1954.2901977539063,1882.6800371118384,64.38822356104939,56.35401311776095,61.03969595513442,21369638.0,138.25348143963564,-36.079030032965484,1786.8423929580706,-0.06402820654357574,542772658176,30.806862,74.61,1.8076875,0.49
2026-06-18,2013.5999755859373,2030.199951171875,1989.0,1998.4000244140625,236436,0,1958.4782348632812,1888.719384765625,1962.7786284940505,1905.4909100749794,,57.649772051791714,30.13276250667809,27.708389199508133,2.424373307169958,2030.1200720049715,1958.4782348632812,1886.8363977215909,62.73191839039407,48.18732088154238,57.320975988337246,21133202.0,94.08026561773049,-42.94235479977175,1787.6682278603446,-0.1179767958452753,542772658176,30.806862,74.61,1.8076875,0.49
2026-06-19,1999.0,2173.800048828125,1999.0,2153.10009765625,2019590,0,1970.470880126953,1897.943330078125,1980.9044826999743,1915.2010742938528,,71.24811125996867,41.668245693123936,30.500360498231295,11.16788519489264,2078.7465612468723,1970.470880126953,1862.1951990070338,70.77964024922753,60.120445321954186,54.88725977375248,23152792.0,241.1766007608518,-6.936099755628853,1797.683014106297,0.1256780712245247,542772658176,30.806862,74.61,1.8076875,0.49
2026-06-22,2174.89990234375,2175.0,2078.0,2085.5,514901,0,1977.323504638672,1905.093369140625,1990.865960538072,1921.8794635372312,,61.89554120001108,44.83856523479085,33.36800144554321,11.470563789247642,2096.0042662916167,1977.323504638672,1858.6427429857272,72.65252308856842,57.74564620545711,55.351137469651206,22637891.0,199.94487618206838,-29.869389515551138,1800.1702724558331,0.05338105157661134,542772658176,30.806862,74.61,1.8076875,0.49
2026-06-23,2095.0,2141.699951171875,2069.10009765625,2113.5,347139,0,1986.4014465332032,1913.1772875976562,2002.5453928677794,1929.3939943789085,,64.00327608115262,49.04507125478858,36.50341540739228,12.5416558473963,2116.986220704817,1986.4014465332032,1855.8166723615893,72.64876097621531,69.20531166051262,62.35713439597462,22985030.0,158.9254790705419,-22.462919593844042,1801.8000553687064,0.07572376376062301,542772658176,30.806862,74.61,1.8076875,0.49
2026-06-24,2110.0,2143.89990234375,2091.0,2134.800048828125,283407,0,1996.2311706542969,1921.0846240234375,2015.1410743878123,1937.4491337690738,,65.56377328393404,53.480997857830744,39.898931897479976,13.582065960350768,2139.7782005805175,1996.2311706542969,1852.6841407280765,71.23812821675351,65.73477577564965,64.22857788053977,23268437.0,150.6636518910253,-14.683061314638776,1803.1829960475877,0.11036414300364737,542772658176,30.806862,74.61,1.8076875,0.49
2026-06-25,2134.800048828125,2155.0,2100.5,2131.0,258972,0,2004.046240234375,1928.7469189453125,2026.175257779449,1945.0393638173455,,65.02220283693475,56.0438310692773,43.12791173183944,12.915919337437863,2158.646517645688,2004.046240234375,1849.4459628230622,70.04254762984255,73.4408689656138,69.460318800592,23009465.0,134.35586120815444,-16.071031904538827,1804.4582669138067,0.08321161174748323,542772658176,30.806862,74.61,1.8076875,0.49
2026-06-29,2115.10009765625,2161.0,2092.800048828125,2144.89990234375,248200,0,2015.4946350097657,1936.9676220703125,2037.482366785573,1952.8770319948514,,66.12446385891785,58.52189680858123,46.2067087471878,12.315188061393435,2176.0938566902187,2015.4946350097657,1854.8954133293128,69.91093359713058,74.98798799847623,71.38787757991321,23257665.0,120.41425742064297,-10.994082494621093,1805.68635989681,0.14439598051873256,542772658176,30.806862,74.61,1.8076875,0.49
2026-06-30,2144.89990234375,2172.800048828125,2112.89990234375,2164.10009765625,461009,0,2027.5152404785156,1946.437421875,2049.541198297066,1961.1602894717691,,67.64137664869033,61.32812461434855,49.23099192061995,12.097132693728604,2194.68328410527,2027.5152404785156,1860.347196851761,69.1958773747909,79.3957662542904,75.94154107279344,23718674.0,119.35003323746275,-3.981197234608268,1808.060710821425,0.17565658450280738,542772658176,30.806862,74.61,1.8076875,0.49
2026-07-01,2164.199951171875,2220.0,2151.300048828125,2197.10009765625,527644,0,2042.493426513672,1957.062412109375,2063.5944268074645,1970.4128309691998,,70.11809010749508,65.46031876856091,52.476857290208144,12.983461478352766,2214.0179855322176,2042.493426513672,1870.9688674951262,69.16045407458262,81.81181216029815,78.73185547102156,24246318.0,135.76988544169748,-7.18350478643398,1811.0480115859416,0.2252935423419826,542772658176,30.806862,74.61,1.8076875,0.49
2026-07-02,2208.10009765625,2208.699951171875,2163.0,2181.300048828125,235936,0,2055.662390136719,1967.9381860351561,2074.8044860475275,1978.6829179440597,,67.45592491212746,66.69140352681325,55.31976653752916,11.371636989284085,2227.35040539012,2055.662390136719,1883.9743748833175,67.48470386724635,81.14469797244107,80.78409212900984,24010382.0,115.42760674165157,-14.532461162578558,1812.3507799487393,0.20277627850378793,542772658176,30.806862,74.61,1.8076875,0.49
2026-07-03,2199.0,2199.0,2126.10009765625,2137.699951171875,642059,0,2064.831671142578,1976.97146484375,2080.7945303450842,1984.918880031425,,60.616642788317385,63.41784215939788,56.93938166190291,6.4784604974949715,2233.4502294129343,2064.831671142578,1896.2131128722224,67.87150375842518,62.37410501288523,75.11020504854146,23368323.0,80.06367177857025,-35.627726765422075,1815.5675579554795,0.11944955492252401,542772658176,30.806862,74.61,1.8076875,0.49
2026-07-06,2144.0,2185.800048828125,2129.300048828125,2172.699951171875,208480,0,2075.1543395996096,1983.8628637695313,2089.5474275666834,1992.2828436055604,,63.79043836402535,62.922398442370195,58.13598501799636,4.786413424373833,2243.645578140826,2075.1543395996096,1906.6631010583933,67.05925348996624,53.56994653330482,65.69624983954368,23576803.0,79.61262017478676,-20.476211613906926,1816.6244646789,0.16441796227896233,542772658176,30.806862,74.61,1.8076875,0.49
2026-07-07,2160.0,2191.699951171875,2135.0,2159.699951171875,213273,0,2085.47333984375,1990.1820336914063,2096.2286202909872,1998.8482203728668,,61.79837449300856,60.78012888125295,58.66481379064768,2.1153150906052716,2248.028679988441,2085.47333984375,1922.9179996990595,66.3193033243883,42.30565667046482,52.749902738884934,23363530.0,73.45489256720315,-26.103917241612553,1817.6975795888384,0.16137939152876593,542772658176,30.806862,74.61,1.8076875,0.49
2026-07-08,2154.0,2201.0,2109.60009765625,2124.5,311546,0,2092.5756103515623,1995.622197265625,2098.9211326442264,2003.7757411425582,,56.640637448482146,55.60108820420237,58.05206867335862,-2.4509804691562493,2248.795049264832,2092.5756103515623,1936.3561714382927,68.11077468291414,35.551177546217524,43.808926916662365,23051984.0,53.083426376422395,-41.34199134199134,1819.1760100471959,0.11837917844784195,542772658176,30.806862,74.61,1.8076875,0.49
2026-07-09,2130.0,2150.10009765625,2100.0,2118.199951171875,187388,0,2099.870001220703,2001.3321142578125,2100.7572105992404,2008.2629650652766,,55.743898524520766,50.407236619606465,56.52310226260819,-6.115865643001726,2246.261056792013,2099.870001220703,1953.4789456493938,66.82429775243813,22.94587466496345,33.600902960548574,22864596.0,25.92941725301502,-46.0633705104638,1819.9985125467972,0.11743326077451989,542772658176,30.806862,74.61,1.8076875,0.49
2026-07-10,2129.0,2173.10009765625,2120.0,2166.89990234375,139750,0,2111.254998779297,2004.72072265625,2107.056514574908,2014.4840214291382,,60.89750917866501,49.648434626928974,55.148168735472346,-5.499734108543372,2240.28017851574,2111.254998779297,1982.2298190428537,65.97257266186219,33.09750741681547,30.531519875998793,23004346.0,58.87517144470083,-35.188954287914626,1820.6706574640323,0.13470890726970636,542772658176,30.806862,74.61,1.8076875,0.49
2026-07-13,2164.10009765625,2204.0,2141.0,2172.800048828125,268579,0,2119.0350036621094,2008.1398315429688,2113.3178035514047,2020.6924930918435,,61.482720882988815,48.95880447042873,53.91029588246362,-4.9514914120348905,2243.106238616587,2119.0350036621094,1994.963768707632,65.76024604315775,51.419109219553285,35.82083043377738,23272925.0,82.48933110111865,-31.278980594933394,1822.0292155513473,0.10027618471601238,542772658176,30.806862,74.61,1.8076875,0.49
2026-07-14,2180.0,2202.0,2142.699951171875,2152.89990234375,217480,0,2126.204998779297,2011.4512890625,2117.087527245914,2025.877097376232,,58.312784661290806,46.27308477674842,52.38285366132058,-6.109768884572162,2240.300655534039,2126.204998779297,2012.109342024555,65.29880338494112,62.36762157942809,48.961412738598916,23055445.0,68.18817309998282,-52.01557957848837,1823.1006551049122,0.13068724064866818,542772658176,30.806862,74.61,1.8076875,0.49
2026-07-15,2174.699951171875,2201.0,2153.199951171875,2170.0,1180757,0,2134.6149963378907,2017.1750048828126,2122.1268103653506,2031.5289759104976,,60.21117519042617,45.0056701884464,50.90741696674574,-5.901746778299341,2234.7308730331897,2134.6149963378907,2034.4991196425917,64.07032440432033,62.72434332431893,58.837024707766744,24236202.0,79.7524123640134,-39.30819118982133,1828.9506962958542,0.08307773976964164,542772658176,30.806862,74.61,1.8076875,0.49
2026-07-16,2200.0,2205.0,2162.10009765625,2186.5,296453,0,2143.279998779297,2022.8886499023438,2128.257590330555,2037.606270972831,,62.00894492445159,44.81603573677421,49.68914072075144,-4.873104983977228,2228.79577381352,2143.279998779297,2057.7642237450737,62.55815139999388,65.46942571349454,63.5204635390805,24532655.0,96.34092088969084,-26.336488097180293,1830.4297888478816,0.10241144980801066,542772658176,30.806862,74.61,1.8076875,0.49
2026-07-17,2200.5,2218.89990234375,2073.89990234375,2144.300048828125,1440419,0,2150.575,2027.3048681640626,2129.7854435208,2041.7903406926464,,55.14615257833163,40.790359810935115,47.909384538788174,-7.119024727853059,2204.4475005403474,2150.575,2096.7024994596522,68.4468548714229,64.69827052899245,64.29734652226863,23092236.0,-10.576400699276114,-51.813758092061505,1836.6754817338576,0.09876514758085819,542772658176,30.806862,74.61,1.8076875,0.49
2026-07-20,2144.5,2174.300048828125,2112.800048828125,2157.60009765625,275028,0,2150.8,2032.360966796875,2132.434458200367,2046.3318997892584,,56.77004505404681,38.23246536175566,45.97400070338167,-7.741535341626012,2204.750338184721,2150.8,2096.8496618152794,67.95065095203555,61.50379730286513,63.890497848450686,23367264.0,-9.796439213564552,-42.7103768887047,1837.849527345329,-0.05178444355460952,542772658176,30.806862,74.61,1.8076875,0.49
2026-07-21,2162.60009765625,2194.800048828125,2131.300048828125,2182.60009765625,313785,0,2155.6550048828126,2035.8885717773437,2137.2121381485463,2051.675750686003,,59.72191892329002,37.78702138747849,44.33660484020103,-6.549583452722544,2202.1930102417573,2155.6550048828126,2109.116999523868,67.63274731260444,60.41391657686783,62.20532813624178,23681049.0,57.66831375218337,-25.03434806034483,1839.2695859492885,0.024925512095773882,542772658176,30.806862,74.61,1.8076875,0.49
2026-07-22,2183.300048828125,2198.0,2132.39990234375,2146.699951171875,193953,0,2157.3150024414062,2039.7462280273437,2138.1157393888634,2055.4021899207432,,54.017773506291576,34.1435761452035,42.297999101201526,-8.15442295599803,2199.9224347187774,2157.3150024414062,2114.707570164035,67.48755805143627,60.96561826508622,60.96111071493971,23487096.0,10.721612991597064,-49.7930697737069,1840.1134725529844,0.0017684044174784968,542772658176,30.806862,74.61,1.8076875,0.49
2026-07-23,2142.89990234375,2168.0,2096.5,2106.10009765625,252327,0,2155.8800048828125,2043.8896630859374,2135.066630652424,2057.390343165273,,48.38896937407903,27.661189693226333,39.370637219606486,-11.709447526380153,2203.1067460416834,2155.8800048828125,2108.6532637239416,67.77416104776225,49.126537805316104,56.83535754909003,23234769.0,-137.0932354060748,-77.79296875,1841.0832318282442,-0.045280413667204235,542772658176,30.806862,74.61,1.8076875,0.49
2026-07-24,2106.10009765625,2112.89990234375,2046.0,2085.39990234375,204392,0,2153.6,2047.4321533203124,2130.336466051598,2058.488757250703,,45.77020186057218,20.615872024232885,35.61968418053176,-15.003812156298878,2209.091057240024,2153.6,2098.108942759976,67.71171399747566,32.77831662011307,47.62349089683844,23030377.0,-263.23758099318763,-77.21230503333814,1841.7475497037615,-0.04489689758317736,542772658176,30.806862,74.61,1.8076875,0.49
2026-07-27,2095.89990234375,2110.0,2032.199951171875,2044.800048828125,343746,0,2148.595007324219,2050.329699707031,2122.1901406017437,2057.9519451557003,,41.0749167280997,11.62236277777265,30.82021989997994,-19.19785712220729,2221.611479178376,2148.595007324219,2075.5785354700615,68.43230934252203,18.575864595651158,33.493573007026754,22686631.0,-260.74389656226543,-93.25115107038758,1842.7681810899883,-0.09027562925607395,542772658176,30.806862,74.61,1.8076875,0.49
2026-07-28,2048.0,2055.0,1989.699951171875,2005.800048828125,173997,0,2140.6800048828127,2052.8807861328123,2111.1053699566373,2055.906772750697,,37.1341768533702,1.3326063849299317,24.92269719696994,-23.590090812040007,2236.1305919767506,2140.6800048828127,2045.229417788875,68.20857644863653,13.74994809516094,21.701376436975035,22512634.0,-270.95212945684995,-92.9755230863131,1843.1748972166251,-0.14812301774151326,542772658176,30.806862,74.61,1.8076875,0.49
2026-07-29,2015.699951171875,2053.0,1970.5,2043.300048828125,256754,0,2132.9900024414064,2055.8656640625,2104.6477203253503,2055.4123914204,,42.815276969336004,-3.7529019728235653,19.187577363011236,-22.9404793358348,2233.6587454598466,2132.9900024414064,2032.3212594229665,69.22939241659107,17.396546706069643,16.57411979896056,22769388.0,-196.59525534593055,-70.69240038291959,1843.7902665557674,-0.15079147120707787,542772658176,30.806862,74.61,1.8076875,0.49
2026-07-30,2035.0,2052.699951171875,2014.0999755859373,2028.699951171875,121471,0,2125.359997558594,2057.934084472656,2097.4145994535907,2054.3648447439873,,41.252221627660724,-8.859186659051375,13.578224558598713,-22.437411217650087,2233.108959341289,2125.359997558594,2017.611035775899,67.04157692868726,28.486948740481214,19.87781451390391,22647917.0,-147.43931419059058,-76.57005875496095,1844.0954545099119,-0.15077234246738652,542772658176,30.806862,74.61,1.8076875,0.49
2026-07-31,2038.0,2095.10009765625,2033.0999755859373,2055.5,260962,0,2121.25,2060.751298828125,2093.422732838963,2054.40936063638,,45.206516204330136,-10.620982029105107,8.73838324105795,-19.359365270163057,2232.999270271736,2121.25,2009.500729728264,66.99576046837925,46.22115470483045,30.701550050460412,22908879.0,-89.09753985464522,-65.78098493679272,1844.849919062514,-0.10589616506025076,542772658176,30.806862,74.61,1.8076875,0.49
2026-08-03,2066.39990234375,2088.0,2025.0,2047.800048828125,317656,0,2115.0050048828125,2063.4423559570314,2089.077715314121,2054.150171938017,,44.28423410695518,-12.494510323865597,4.4918045280732395,-16.986314851938836,2228.5015207787783,2115.0050048828125,2001.508488986847,66.71034900635216,54.61373124563857,43.10727823031672,22591223.0,-86.45669755855957,-68.88080546780861,1845.729096891824,-0.13286646739223396,542772658176,30.806862,74.61,1.8076875,0.49
2026-08-04,2052.0,2080.0,2007.0,2052.300048828125,178183,0,2109.635009765625,2065.5194067382813,2085.575080410693,2054.0776180905705,,44.990566521397554,-13.461012431454492,0.9012411361676933,-14.362253567622185,2224.3213925156983,2109.635009765625,1994.9486270155517,67.15960979161272,62.873493823909676,54.56945992479288,22769406.0,-84.05391595880339,-67.06921055269764,1846.2021294558351,-0.12338422870377203,542772658176,30.806862,74.61,1.8076875,0.49
2026-08-05,2041.0,2158.39990234375,2041.0,2136.60009765625,336432,0,2110.2400146484374,2069.612585449219,2090.4346058626506,2057.3137937598126,,56.1942770628322,-7.3400513564502035,-0.747017362355886,-6.593033994094317,2225.3605248571835,2110.2400146484374,1995.1195044396914,70.74820211676538,71.09658611668847,62.86127039541223,23105838.0,2.111893075035093,-33.13197948588918,1847.379704639338,-0.0623842959673422,542772658176,30.806862,74.61,1.8076875,0.49
2026-08-06,2100.0,2140.0,2090.300048828125,2109.699951171875,121223,0,2109.8150146484377,2073.0424731445314,2092.2694006540055,2059.3681528740112,,52.51850506371416,-4.606659904913158,-1.5189458708673405,-3.087714034045818,2224.8775871320177,2109.8150146484377,1994.752442164858,69.24475562070178,73.02826983818721,68.99944992626178,22984615.0,4.518104101563394,-38.813208276098905,1847.803579900026,-0.05940631040434411,542772658176,30.806862,74.61,1.8076875,0.49
2026-08-07,2112.0,2124.89990234375,2089.10009765625,2109.699951171875,168834,0,2106.9550170898438,2075.7425,2093.929453084279,2061.341948885692,,52.51850506371416,-2.4126163471005384,-1.69767996611398,-0.7149363809865583,2219.0038591618704,2106.9550170898438,1994.906175017817,66.85583055404452,73.75610217576632,72.62698604354732,22984615.0,0.3434549799926868,-38.813208276098905,1848.3796540875958,-0.07095143780824578,542772658176,30.806862,74.61,1.8076875,0.49
2026-08-10,2109.699951171875,2114.800048828125,2071.0,2100.699951171875,109557,0,2103.3500122070313,2079.437858886719,2094.5742624259547,2062.8853999557386,,51.21851307994626,-1.3840908662264155,-1.6349621461364672,0.25087127991005165,2211.255852168846,2103.3500122070313,1995.4441722452164,65.20898900219312,65.85205778106022,70.87880993167124,22875058.0,-11.951888036824498,-42.76925223214286,1848.7343115180302,-0.06722864943869876,542772658176,30.806862,74.61,1.8076875,0.49
2026-08-11,2120.0,2120.199951171875,2075.60009765625,2114.699951171875,144121,0,2101.4400146484377,2083.2580981445312,2096.490994687471,2064.9173431406853,,53.160776862112115,0.5543161728201085,-1.197106482345152,1.7514226551652605,2207.09891789637,2101.4400146484377,1995.7811114005053,63.73690789600969,64.1664834378034,67.9248811315433,23019179.0,4.3306946231024135,-26.987366495253163,1849.2143869537742,-0.030411602565554887,542772658176,30.806862,74.61,1.8076875,0.49
2026-08-12,2114.699951171875,2119.800048828125,2060.0,2073.300048828125,108943,0,2096.605017089844,2086.7733715820314,2094.282333177057,2065.2460766970553,,47.178661821490856,-1.2358621593125463,-1.204857617738631,-0.0310045415739153,2198.0376166177257,2096.605017089844,1995.172417561962,63.455703676875075,47.0969821149579,59.03850777794049,22910236.0,-19.374223867053026,-45.28999347745304,1849.548868131175,0.015454823070543982,542772658176,30.806862,74.61,1.8076875,0.49
2026-08-13,2085.300048828125,2090.39990234375,2048.199951171875,2069.60009765625,69526,0,2090.7600219726564,2089.8069580078127,2091.931644079837,2065.4168226170236,,46.67317234146128,-2.919492431425624,-1.5477845804760295,-1.3717078509495946,2183.9348464669656,2090.7600219726564,1997.5851974783473,61.93743564080364,35.76767480049225,49.01038011775117,22840710.0,-37.40781536938878,-47.2591010319137,1849.7482588602777,0.008726560759692713,542772658176,30.806862,74.61,1.8076875,0.49
2026-08-14,2060.0,2075.0,2051.0,2057.699951171875,67688,0,2086.4300170898437,2091.8746704101563,2088.6714828505073,2065.11420020741,,45.00304568406474,-5.154604843584366,-2.269148633097697,-2.885456210486669,2177.2696500236066,2086.4300170898437,1995.5903841560805,59.22761880931767,19.240208957332975,34.03495529092769,22773022.0,-46.58331303359307,-53.59233821614837,1849.934826844661,0.014649795986600433,542772658176,30.806862,74.61,1.8076875,0.49
2026-08-17,2042.5,2079.800048828125,2035.0,2066.10009765625,136718,0,2081.855017089844,2093.8717407226563,2086.521827117721,2065.1528628524625,,46.45945716231463,-6.17692220086883,-3.0507033466519236,-3.1262188542169067,2166.929933856233,2081.855017089844,1996.7801003234542,58.197078096375336,25.866016264756638,26.957966674193937,22909740.0,-43.04523616497283,-49.12179492176841,1850.3089996572605,-0.003528520468797752,542772658176,30.806862,74.61,1.8076875,0.49
2026-08-18,2052.0,2079.800048828125,2038.0,2060.5,176263,0,2075.7500122070314,2096.015341796875,2084.043557868414,2064.970397642562,,45.592628018733116,-7.35422225450111,-3.911407128221761,-3.442815126279349,2147.5131658699197,2075.7500122070314,2003.986858544143,57.025861720071745,26.589221601340395,23.89848227447665,22733477.0,-38.17346166539766,-64.66312119638658,1850.7874573980491,-0.051676225737269876,542772658176,30.806862,74.61,1.8076875,0.49
2026-08-19,2072.89990234375,2088.0,2050.0,2057.39990234375,137295,0,2071.285009765625,2097.514248046875,2081.5060668660653,2064.6735154739813,,45.09107777380596,-8.440100773320864,-4.817145857241582,-3.6229549160792827,2135.556090159646,2071.285009765625,2007.0139293716043,55.66687159720948,35.66877611817842,29.374671328091797,22596182.0,-17.2653274663919,-66.71074316196177,1851.168764016003,-0.04553332521052784,542772658176,30.806862,74.61,1.8076875,0.49
2026-08-20,2068.0,2135.39990234375,2053.300048828125,2128.10009765625,278225,0,2072.385009765625,2100.6300073242187,2085.9435936079876,2067.1608324223057,,56.7706820043987,-3.5547751916460584,-4.564671724122477,1.0098965324764189,2139.683631954005,2072.385009765625,2005.0863875772452,57.55494173423916,54.41103884159205,38.8896788537036,22874407.0,97.73740438080257,-20.013093944212056,1852.0826843961827,0.06613108964016094,542772658176,30.806862,74.61,1.8076875,0.49
2026-08-21,2143.699951171875,2218.0,2143.5,2180.800048828125,411545,0,2077.1550170898436,2105.462009277344,2094.9775417241913,2071.6172722813576,,63.07551933388537,4.517254063452583,-2.748286566607465,7.265540630060048,2159.3436983189754,2077.1550170898436,1994.9663358607115,59.865296063489936,70.94484565073441,53.67488687016827,23285952.0,235.34461687670287,-17.630308612263033,1853.8198300994434,0.05350005437079735,542772658176,30.806862,74.61,1.8076875,0.49
2026-08-24,2180.0,2193.0,2120.5,2184.10009765625,599705,0,2084.12001953125,2108.800012207031,2103.465404193911,2076.0283634725297,,63.435147881906175,11.05326658791364,0.012024064296756176,11.041242523616884,2177.066324155883,2084.12001953125,1991.1737149066164,60.76777491609779,84.52271662579453,69.9595337060403,23885657.0,166.06459676032006,-18.524536799863387,1856.2047067890192,0.21425752469141116,542772658176,30.806862,74.61,1.8076875,0.49
2026-08-25,2190.0,2198.300048828125,2150.0,2181.199951171875,395332,0,2092.8900146484375,2112.2340112304687,2110.8686943822886,2080.152739460739,,62.85576040972399,15.816760252621862,3.1729713019617773,12.643788950660085,2187.702795164749,2092.8900146484375,1998.0772341321258,59.87722305267117,79.64469592686447,78.37075273446445,23490325.0,161.63607438561854,-20.109316299521858,1857.8103106795722,0.24978190948760415,542772658176,30.806862,74.61,1.8076875,0.49
2026-08-26,2185.0,2252.199951171875,2150.199951171875,2221.39990234375,856449,0,2101.7950073242187,2116.6260083007815,2121.395476092904,2085.691843887524,,67.31244460408908,22.575427915290675,7.0534626246275565,15.521965290663118,2208.955602115848,2101.7950073242187,1994.6344125325895,62.885992834623224,81.25890979088008,81.80877411451301,24346774.0,187.49136618417666,-14.180504489962917,1861.5717754183984,0.2483906285761387,542772658176,30.806862,74.61,1.8076875,0.49
2026-08-27,2228.0,2241.199951171875,2201.5,2228.699951171875,322634,0,2111.7950073242187,2120.9360083007814,2131.614949909949,2091.3000049574985,,68.06184705263608,28.195750601217696,11.281920219945585,16.913830381272113,2226.841904648346,2111.7950073242187,1996.7481100000916,61.22984700156978,81.58880597804445,80.8308038985963,24669408.0,181.4617815079179,-10.819523610944067,1863.0318437796514,0.2674539900800906,542772658176,30.806862,74.61,1.8076875,0.49
2026-08-28,2211.300048828125,2299.89990234375,2211.300048828125,2278.39990234375,394664,0,2122.9400024414062,2126.536005859375,2145.5944691893583,2098.6372558353905,1845.8186267089843,72.65784917509257,36.24248669534154,16.274033515024776,19.968453180316764,2255.8179824013064,2122.9400024414062,1990.0620224815061,63.18484746685944,84.89560332012736,82.58110636301727,25064072.0,189.58523291519674,-8.116273282766375,1864.9952704381817,0.31242861420665896,542772658176,30.806862,74.61,1.8076875,0.49
2026-08-31,2298.39990234375,2324.0,2259.10009765625,2300.39990234375,711123,0,2135.5699951171873,2129.482001953125,2160.337843775491,2106.549516482777,1850.3418234814696,74.41310118141939,43.88887552469441,21.797001916958703,22.09187360773571,2284.5253286475295,2135.5699951171873,1986.614661586845,63.307351386637336,85.53624534122419,84.00688487979863,25775195.0,181.8332668927297,-8.166123756487888,1868.7591416400185,0.340159166613058,542772658176,30.806862,74.61,1.8076875,0.49
2026-09-01,2295.10009765625,2299.89990234375,2210.0,2226.10009765625,1213854,0,2144.2599975585936,2132.29400390625,2166.6009155736583,2111.2377745680114,1854.0807117817162,60.32759416280572,43.452427931313196,26.1280871198296,17.324340811483594,2293.048404094715,2144.2599975585936,1995.471591022472,65.24253359785966,72.70776154406052,81.04653673513734,24561341.0,110.0098473209792,-33.87539873486159,1874.3091136383932,0.16644504267822485,542772658176,30.806862,74.61,1.8076875,0.49
2026-09-02,2204.0,2219.60009765625,2165.89990234375,2186.5,588816,0,2146.754992675781,2133.75400390625,2168.4960664714054,2114.189234388874,1857.3883663908534,54.415529102971696,39.456315298036316,28.793732755470945,10.66258254256537,2296.6155901154248,2146.754992675781,1996.8943952361374,64.88236657747683,47.712488438544256,68.65216510794296,23972525.0,47.77896195025164,-47.57785467128028,1876.5547416276181,0.1107506230059761,542772658176,30.806862,74.61,1.8076875,0.49
2026-09-03,2186.5,2262.0,2186.5,2232.89990234375,342240,0,2152.914990234375,2135.7160009765626,2174.629765125914,2118.84455470083,1861.1247995844146,59.43214383453963,39.57722991422361,30.950432187221477,8.626797727002131,2306.264233002124,2152.914990234375,1999.5657474666264,65.64076896479992,33.0263184244973,51.14885613570067,24314765.0,76.01954191731876,-31.522525140570934,1877.995224121453,0.1218832777993553,542772658176,30.806862,74.61,1.8076875,0.49
2026-09-04,2221.0,2258.300048828125,2201.60009765625,2225.0,98603,0,2158.6799926757812,2137.5960009765627,2179.4269303520177,2123.0075133400132,1864.7454483447686,58.25662792005891,38.590749384792616,32.47849562673571,6.112253758056909,2313.756719012115,2158.6799926757812,2003.6032663394478,65.00213912244814,30.92981334552235,37.22287340285461,24216162.0,69.97184273366614,-34.61538461538462,1878.409428127569,0.11711970004379235,542772658176,30.806862,74.61,1.8076875,0.49
2026-09-07,2221.199951171875,2290.800048828125,2209.89990234375,2261.0,500739,0,2166.6949951171873,2139.9180029296876,2187.195794128016,2128.418983405111,1868.6882797045223,61.95003238302257,40.249880031137764,34.032772507616116,6.217107523521648,2325.482178894274,2166.6949951171873,2007.9078113401004,66.1377110768715,50.24329347583964,38.06647508195308,24716901.0,86.51882800079387,-22.992700729927005,1880.6506687457754,0.12334165174065007,542772658176,30.806862,74.61,1.8076875,0.49
2026-09-08,2285.0,2309.89990234375,2236.60009765625,2298.5,481385,0,2175.8849975585936,2142.6060009765624,2197.796194687253,2135.088827193146,1872.9650132398008,65.38567987040311,44.082533614101976,36.042724728913285,8.039808885188691,2342.646384263745,2175.8849975585936,2009.1236108534422,66.6492891919164,66.81168871163987,49.32826517766727,25198286.0,103.21976761333941,-9.420023863916153,1882.9386232485313,0.14633742259195914,542772658176,30.806862,74.61,1.8076875,0.49
