Date,Open,High,Low,Close,Volume,Segment,SMA_20,SMA_50,EMA_20,EMA_50,EMA_200,RSI_14,MACD,MACD_Signal,MACD_Hist,BB_upper,BB_middle,BB_lower,ATR_14,STOCH_K,STOCH_D,OBV,CCI_20,Williams_%R,VWAP,CMF_20
2025-11-18,145.0,161.99000549316406,137.35000610351562,155.24000549316406,273389694,0,,,,,,,,,,,,,,,,273389694.0,,,151.52667236328125,
2025-11-19,156.5,161.0,138.5399932861328,143.27999877929688,160504001,0,,,,,,,,,,,,,,,,112885693.0,,,150.07660053691023,
2025-11-20,140.75999450683594,151.75,121.22000122070312,141.92999267578125,212737569,0,,,,,,,,,,,,,,,,-99851876.0,,,146.20217326807642,
2025-11-21,143.0,149.58999633789062,128.5500030517578,134.30999755859375,162327758,0,,,,,,,,,,,,,,,,-262179634.0,,,144.45262864887314,
2025-11-24,133.0,135.63999938964844,127.0500030517578,129.52000427246094,56559525,0,,,,,,,,,,,,,,,,-318739159.0,,,143.55632414939956,
2025-11-25,130.0,138.19000244140625,129.5,135.58999633789062,90283295,0,,,,,,,,,,,,,,,,-228455864.0,,,142.6939533521492,
2025-11-26,136.5,137.6999969482422,130.60000610351562,131.88999938964844,25053449,0,,,,,,,,,,,,,,,,-253509313.0,,,142.456477875836,
2025-11-27,132.0,133.38999938964844,125.0,126.98999786376952,18617289,0,,,,,,,,,,,,,,,,-272126602.0,,,142.1957638794188,
2025-11-28,126.98999786376952,127.77999877929688,123.25,124.88999938964844,22042292,0,,,,,,,,,,,,,,18.006391741491647,24.957309960448697,-294168894.0,,,141.83133019760217,
2025-12-01,125.97000122070312,144.1999969482422,123.3000030517578,134.69000244140625,188839751,0,,,,,,,,,,,,,,24.55872480594059,22.984550835411625,-105329143.0,,,140.61936602440537,
2025-12-02,134.75,138.44000244140625,132.60000610351562,136.75999450683594,56375555,0,,,,,,,,,,,,,,43.35677265452322,28.64062973398515,-48953588.0,,,140.4108151893915,
2025-12-03,136.2100067138672,139.0,130.50999450683594,134.94000244140625,29666762,0,,,,,,,,,,,,,,58.29754133165911,42.07101293070764,-78620350.0,,,140.28279860907244,
2025-12-04,136.2899932861328,138.8800048828125,133.91000366210938,135.86000061035156,20817682,0,,,,,,,,,,,,,,60.159113868456835,53.93780928487973,-57802668.0,,,140.2185362050551,
2025-12-05,135.85000610351562,137.0,134.52000427246094,135.89999389648438,10162538,0,,,,,,,,,,,,,,58.75918002137331,59.07194507382976,-47640130.0,,-63.99315394308851,140.1847584669798,
2025-12-08,135.38999938964844,141.3300018310547,134.50999450683594,138.44000244140625,30171732,0,,,,,,35.924925093072765,,,,,,,11.48785618373326,64.58940821924223,61.169234036357466,-17468398.0,,-56.71191113845606,140.1382762140906,
2025-12-09,142.75,145.60000610351562,135.0,137.88999938964844,82074266,0,,,,,,35.57188179386973,,,,,,,11.424438320860572,60.82794586607188,61.39217803556247,-99542664.0,,-45.39797302497883,140.10169755662162,
2025-12-10,137.0,137.83999633789062,129.3699951171875,131.8300018310547,17891019,0,,,,,,31.85712247993992,,,,,,,11.216978745974885,45.7846433385639,57.067332474626006,-117433683.0,,-67.42595662888465,140.01468770036203,
2025-12-11,130.11000061035156,131.25,128.0,129.9199981689453,13329935,0,,,,,,30.76656324357697,,,,,,,10.689337537766297,24.990926563175233,43.86783858927034,-130763618.0,,-70.15661589507964,139.92141942550464,
2025-12-12,130.5,137.16000366210938,129.5,135.99000549316406,19793538,0,,,,,,38.02733202497839,,,,,,,10.472956546647946,23.821322340172014,31.532297413970387,-110970080.0,,-42.99775385224581,139.84566850098747,
2025-12-15,134.58999633789062,137.47000122070312,129.5,132.05999755859375,17390346,0,135.39599952697753,,135.39599952697753,,,35.436126532529556,,,,148.0483922265901,135.39599952697753,122.74360682736497,10.294174023366173,26.458326469770572,25.090191791039278,-128360426.0,-42.61784318048167,-60.581677169171115,139.7668406226159,0.014788924454334246
2025-12-16,132.1999969482422,139.0800018310547,132.00999450683594,137.39999389648438,20588728,0,134.50399894714354,,135.58685613359722,,,41.290085355473494,,,,143.3891925306793,134.50399894714354,125.61880536360778,10.063876401998499,51.10112623584596,33.79359168192952,-107771698.0,28.314655004614995,-36.68908262956313,139.71830543568458,-0.07209552788845874
2025-12-17,135.08999633789062,138.5,132.5,133.80999755859375,8706574,0,134.0304988861084,,135.4176315074064,,,38.74658805665086,,,,141.95151831294743,134.0304988861084,126.10947945926937,9.773599516141463,53.44747612397477,43.66897627653044,-116478272.0,19.6052835907224,-52.7517016788077,139.6912247956375,-0.0023953919181672017
2025-12-18,134.60000610351562,135.1999969482422,129.47000122070312,130.8800048828125,7255942,0,133.47799949645997,,134.98547659077843,,,36.75648013448461,,,,140.62126545290175,133.47799949645997,126.33473354001818,9.484770674098433,50.64884068060331,51.73248101347468,-123734214.0,-52.76643328615174,-66.00896505053528,139.65438922030958,-0.09155443232039266
2025-12-19,132.22999572753906,134.80999755859375,130.0500030517578,132.2899932861328,10017807,0,133.37699928283692,,134.7287638950979,,,38.39625404998024,,,,140.52747282994721,133.37699928283692,126.22652573572661,9.147286662151114,32.15113149143419,45.41581609867077,-113716407.0,-33.11720698909071,-75.62504659997884,139.6075345996323,-0.012541866287194146
2025-12-22,133.89999389648438,139.99000549316406,132.8300018310547,137.1699981689453,15555748,0,133.75949897766114,,134.96126239736907,,,43.825010288564464,,,,140.86204316194838,133.75949897766114,126.65695479337388,9.043909915356839,39.07015322807064,40.623375133369386,-98160659.0,76.6405491465189,-47.897755745018785,139.57836595781458,0.025521679613894073
2025-12-23,136.49000549316406,136.74000549316406,133.6300048828125,134.50999450683594,4638684,0,133.7054988861084,,134.91828450303257,,,41.66946191258115,,,,140.76786211953967,133.7054988861084,126.6431356526771,8.650773013269408,50.14895601256262,40.456746910689155,-102799343.0,28.427393361271122,-63.01140767482145,139.56476216771895,-0.03277731062227334
2025-12-24,134.5,134.5,131.9199981689453,132.4499969482422,4903602,0,133.73349876403807,,134.68320949781443,,,40.02749895019394,,,,140.7712461172139,133.73349876403807,126.69575141086224,8.217860393599494,49.80982122179531,46.342976820809525,-107702945.0,-25.738295150321125,-74.71593519871965,139.54424967851392,-0.012070357248997186
2025-12-26,133.10000610351562,133.75,130.74000549316406,131.77999877929688,4296717,0,133.97299880981444,,134.406713238908,,,39.4825667936325,,,,140.3736798891301,133.97299880981444,127.57231773049878,7.8458699731163835,31.213328450934572,43.724035228430836,-111999662.0,-59.45900349788191,-78.52274165665308,139.52402937482472,0.002104215174268008
2025-12-29,132.0,132.7899932861328,129.1999969482422,130.7899932861328,3904582,0,134.26799850463868,,134.06226371959607,,,38.64536515667717,,,,139.3813876095986,134.26799850463868,129.15460939967878,7.541878999171686,20.155714772074642,33.726288148268175,-115904244.0,-118.02806642546297,-84.14777091710492,139.5028887452792,0.012123161287248179
2025-12-30,131.38999938964844,131.82000732421875,127.87999725341795,129.38999938964844,4311502,0,134.00299835205078,,133.61728616436298,,,37.4364587694795,,,,139.5337492435554,134.00299835205078,128.47224746054616,7.284602647145194,16.39436596242781,22.58780306181234,-120215746.0,-136.87583995196076,-87.53095698750623,139.47633471242915,-0.02913948505566941
2025-12-31,129.00999450683594,133.5,128.10000610351562,132.80999755859375,6734740,0,133.80549850463868,,133.5404015352421,,,42.193696657313374,,,,139.20898120416797,133.80549850463868,128.4020158051094,7.149987736383707,35.41666379708551,23.98891484386266,-113481006.0,-73.95850748510944,-59.28986828435754,139.44261206742726,-0.09046472154338119
2026-01-01,132.10000610351562,134.3000030517578,131.6999969482422,132.6300048828125,2300067,0,133.68999862670898,,133.45369709215356,,,42.012634742989334,,,,139.09029506407123,133.68999862670898,128.28970218934674,6.824989048321702,55.16725380441119,35.65942785464151,-115781073.0,-28.67513008559443,-60.77618168908751,139.43318057356302,-0.10497461026811337
2026-01-02,132.5,136.0800018310547,130.50999450683594,131.1199951171875,4678330,0,133.45299835205077,,133.2314397612044,,,40.44462085099174,,,,138.86758300617072,133.45299835205077,128.03841369793082,6.735347496600062,62.65700359144005,51.08030706431225,-120459403.0,-33.849729893929336,-73.2452877023189,139.41318691477272,-0.10797402657669386
2026-01-05,131.1199951171875,131.6699981689453,128.0,129.38999938964844,2796481,0,133.12749862670898,,132.8655882972467,,,38.66417529968677,-1.3749251546578023,-1.147793496618612,-0.22713165803919022,138.69507991184855,133.12749862670898,127.5599173415694,6.516393973196152,43.97146262874804,53.93190667486643,-123255884.0,-115.09826379166289,-87.53095698750623,139.39627901680697,-0.11728952740098111
2026-01-06,129.97000122070312,130.5500030517578,127.8499984741211,129.02999877929688,3207818,0,132.65699844360353,,132.50029405744195,,,38.28646735950283,-1.507497657280794,-1.2197343287510485,-0.2877633285297456,137.93201894793063,132.65699844360353,127.38197793927641,6.243794730656193,24.08819445632537,43.57222022550449,-126463702.0,-128.86403214010693,-90.2800690038744,139.3758751041549,-0.14939760097551286
2026-01-07,129.69000244140625,130.1999969482422,127.5,128.47000122070312,3668336,0,132.18599853515624,,132.1164566444192,,,37.66999933389717,-1.638857712075179,-1.3035590054158745,-0.3352987066593045,137.1827782015743,132.18599853515624,127.18921886873818,5.990666317626621,14.685936492067606,27.581864525713673,-130132038.0,-135.43281255286465,-92.2337806718018,139.3516876455005,-0.009747045661690304
2026-01-08,128.5500030517578,129.60000610351562,126.3000030517578,128.47999572753906,3818873,0,132.01849822998048,,131.77012703328776,,,37.68928292561372,-1.7223014101627712,-1.387307486365254,-0.33499392379751725,137.2698910220997,132.01849822998048,126.76710543786128,5.798476084350279,15.977825332902631,18.250652093765204,-126313165.0,-135.0974858501359,-84.07602420005608,139.32521698246057,0.0432989246391906
2026-01-09,128.47999572753906,132.47999572753906,127.16000366210938,129.25,7242665,0,131.9849983215332,,131.5301149348794,,,39.248701875672495,-1.706625318152902,-1.4511710527227835,-0.2554542654301186,137.29770133133192,131.9849983215332,126.67229531173447,5.764298654427379,27.110108194548033,19.25795667317276,-119070500.0,-83.736679438705,-78.45145053210689,139.2820491307086,0.01949888581152083
2026-01-12,128.0,129.0,126.62000274658205,128.63999938964844,2280880,0,131.61749801635742,,131.2548658353336,,,38.42821416836284,-1.7235557754592037,-1.5056479972700676,-0.2179077781891361,136.78609303386435,131.61749801635742,126.44890299885047,5.540419982926706,35.96300491688769,26.350312814779453,-121351380.0,-119.58372318029033,-77.58624721571002,139.266373056755,-0.06592955950777124
2026-01-13,128.0,130.67999267578125,128.0,128.39999389648438,1438224,0,131.43449783325195,,130.98297326972892,,,38.09081605167616,-1.7363244548494947,-1.551783288785953,-0.18454116606354165,136.78349059546807,131.43449783325195,126.08550507103584,5.3361037467020305,39.859724320925615,34.31094581078711,-122789604.0,-79.8655418049418,-78.5276982940733,139.25734016292398,-0.031943915190574296
2026-01-14,129.05999755859375,131.75999450683594,128.41000366210938,131.1999969482422,2927924,0,131.12449798583984,,131.00364219149208,,,44.24152714865058,-1.5031791658572047,-1.5420624642002034,0.03888329834299875,135.720245305437,131.12449798583984,126.52875066624266,5.194953522676997,50.3775196784294,42.066749638747574,-119861680.0,-29.087442991466716,-49.89780666581368,139.24156371469792,-0.1219188202197979
2026-01-16,131.0,131.0,126.5,127.23999786376952,2845140,0,130.79599800109864,,130.64519987456612,,,38.42684195150479,-1.6192825938598787,-1.5575064901321385,-0.06177610372774023,135.51454980374885,130.79599800109864,126.07744619844841,5.159599481645939,41.881016935420035,44.03942031159169,-122706820.0,-95.785724673619,-90.38859990451556,139.22244439563292,-0.09884059912076205
2026-01-19,127.37000274658205,127.4800033569336,118.5999984741211,121.3000030517578,3474352,0,130.3169979095459,,129.75518112953677,,,31.697191015648094,-2.1656391951750322,-1.6791330311407173,-0.4865061640343149,136.5923735435459,130.3169979095459,124.04162227554589,5.425342724586407,37.393111482817325,43.21721603222226,-126181172.0,-240.45882140856216,-84.5537525222172,139.18692484491598,-0.0783276612729686
2026-01-20,121.63999938964844,121.63999938964844,112.0,118.5,12398348,0,129.62749824523925,,128.68325911719992,,,29.10929592041393,-2.7923787793066026,-1.9017821807738944,-0.8905965985327082,137.66668016674993,129.62749824523925,121.58831632372856,5.7263896292336955,21.928686446477446,33.73427162157161,-138579520.0,-304.067940231161,-73.0066465708599,139.0232646981018,-0.026007454781365305
2026-01-21,119.0,119.26000213623048,113.06999969482422,113.81999969482422,3587978,0,128.4599983215332,,127.26771060078319,,,25.379530379458647,-3.6249254433062674,-2.246410833280369,-1.3785146100258983,138.34805994877755,128.4599983215332,118.57193669428885,5.7595048301031655,20.87401053776559,26.731936155686792,-142167498.0,-273.1769179710913,-92.44186230718196,138.97203303584445,-0.10010565886198633
2026-01-22,115.0,136.5,114.70999908447266,132.5500030517578,55541695,0,128.36199874877929,,127.77078607230459,,,51.92718040228665,-2.7417645795813144,-2.3454815825405584,-0.396282997040756,138.04499849314357,128.36199874877929,118.678999004415,6.96811164975121,41.99427893168812,28.265658638643725,-86625803.0,-9.153255088781469,-16.1224365234375,138.6132984396729,0.21167793856674963
2026-01-23,130.0,130.77000427246094,125.0,126.5,18584561,0,128.0644989013672,,127.6497588273232,,,46.20854016123041,-2.5012055756113227,-2.3766263811547113,-0.12457919445661148,137.59117310723963,128.0644989013672,118.53782469549473,7.00967532132311,50.75725475926682,37.875181409573514,-105210364.0,-14.398337785540752,-40.816326530612244,138.49307155664192,0.15216754839033594
2026-01-27,126.4499969482422,126.4499969482422,119.25,121.22000122070312,5238991,0,127.5364990234375,,127.03740096002605,,,41.87434038560855,-2.7054261380789058,-2.44238633253955,-0.2630398055393557,137.3472496456888,127.5364990234375,117.7257484011862,7.026841369800031,60.23129832987883,50.99427734027793,-110449355.0,-106.69232888647451,-62.36734195631378,138.44419447393886,0.14429964067326115
2026-01-28,121.3000030517578,126.98999786376952,121.2300033569336,124.91999816894533,4518521,0,127.24299926757813,,126.8357435513517,,,45.716758966991875,-2.539440484447809,-2.4617971629212017,-0.07764332152660725,136.99791749922292,127.24299926757813,117.48808103593332,6.937066746461914,49.130836240273304,53.373129776473,-105930834.0,-55.713574181956204,-47.265313596141524,138.40766118371081,0.15503988468178204
2026-01-29,124.9000015258789,126.0,120.5500030517578,121.70999908447266,2634666,0,126.85899925231934,131.51139892578124,126.34757741164893,131.51139892578124,,43.05742397009176,-2.6365235547580284,-2.496742441288567,-0.13978111346946154,136.84746770146714,126.85899925231934,116.87053080317153,6.830847475160506,40.11122060146167,49.82445172387128,-108565500.0,-75.2649064168134,-60.367350675621815,138.38398671223757,0.15339634986439032
2026-01-30,121.01000213623048,121.11000061035156,119.0,119.4499969482422,1974674,0,126.19099922180176,130.7955987548828,125.69066498656257,131.03840276979932,,41.23860207221599,-2.8628250075521464,-2.5699589545412826,-0.29286605301086377,136.28458097738485,126.19099922180176,116.09741746621867,6.536501161539945,28.841418656271568,39.361158499335524,-110540174.0,-108.52454747894191,-69.59184919084815,138.3630062770597,0.11608640215896282
2026-02-02,120.5,120.55999755859376,115.8000030517578,117.87000274658205,1995890,0,125.45299911499023,130.28739883422853,124.94584001132633,130.52199492575159,,39.967499958358424,-3.1335413526651195,-2.68267543416605,-0.45086591849906954,135.71250464467568,125.45299911499023,115.1934935853048,6.409607829061089,18.148914709253614,29.03385132232896,-112536064.0,-118.95703534704391,-76.04080511599166,138.33981781771473,0.11905468017286513
2026-02-03,121.9800033569336,121.9800033569336,118.05999755859376,119.41000366210938,4042689,0,124.86749954223633,129.83699905395508,124.4186175018771,130.08623056247148,,41.84891452069987,-3.187082104404851,-2.7835567682138103,-0.4035253361910409,135.10306522205042,124.86749954223633,114.63193386242226,6.245350170581837,18.19429508688654,21.728209484137253,-108493375.0,-81.21991881053206,-69.75508709343113,138.29703075782155,0.13618930868165685
2026-02-04,119.41000366210938,124.20999908447266,117.36000061035156,121.88999938964844,4126189,0,124.49249954223633,129.58859909057617,124.17779672928388,129.7648097321647,,44.84659302357112,-2.9948755458285348,-2.825820523736755,-0.1690550220917797,134.58639894948016,124.49249954223633,114.3986001349925,6.288539335120356,36.82183245532179,24.388347417153994,-104367186.0,-53.89730961296145,-59.63265555245536,138.256707260439,0.1487507393929598
2026-02-05,122.7300033569336,127.0,120.8000030517578,121.55999755859376,7835497,0,124.11899948120117,129.42939895629883,123.92848252255149,129.44305239202467,,44.517733537624245,-2.8364816583006984,-2.8279527506495437,-0.008528907651154771,134.06540233714514,124.11899948120117,114.1725966252572,6.282214878914773,47.79845613163377,34.27152789128071,-112202683.0,-18.334377277480133,-60.979601801658106,138.18939920314187,0.10747274066030992
2026-02-06,124.0,124.0,114.26000213623048,116.16000366210938,12407107,0,123.50349960327148,129.0407991027832,123.18862739298558,128.92214852026328,,39.423304207789904,-3.1108280497485765,-2.88452781046935,-0.22630023927922638,133.81361352291594,123.50349960327148,113.193385683627,6.529199377832969,42.01602431921044,42.212104302055344,-124609790.0,-92.1880120340697,-83.0203932158801,138.04921671616273,0.06044652747862701
2026-02-09,118.0,118.4000015258789,114.0500030517578,114.73999786376952,4610842,0,122.81649971008301,128.69779907226564,122.38399600925072,128.3659857494204,,38.18580210352188,-3.4035975876479654,-2.9883417659050733,-0.4152558217428921,133.5317814812617,122.81649971008301,112.10121793890431,6.373542170424979,23.890118388774763,37.901532946539675,-129220632.0,-120.22574603042051,-88.81633524992034,137.99137327945837,0.03275440572421687
2026-02-10,114.70999908447266,115.1999969482422,106.9000015258789,108.06999969482422,13615028,0,121.75749969482422,128.31939910888673,121.02075826501962,127.57006472767152,,32.95327186824421,-4.126267619847994,-3.2159269366936574,-0.9103406831543364,133.8217115070569,121.75749969482422,109.69328788259152,6.511145974134858,8.687568541749505,24.86457041657825,-142835660.0,-185.64853155929973,-96.0473032795315,137.7792214829844,-0.01802438085871223
2026-02-11,108.9499969482422,110.43000030517578,106.0999984741211,107.37999725341795,11803886,0,120.69449958801269,127.9691990661621,119.7216381686766,126.77829737574001,,32.457778083017644,-4.700482026500396,-3.512837954655005,-1.1876440718453907,133.84341911102942,120.69449958801269,107.54558006499596,6.355349963914846,5.7578096675747545,12.778498866033024,-154639546.0,-184.6698705609427,-95.78947791102173,137.58423273000898,-0.053584141784518424
2026-02-12,106.9499969482422,106.9499969482422,99.5500030517578,100.36000061035156,16524925,0,119.29249992370606,127.28259902954102,117.87767268693136,125.74228573788164,,27.866867960184127,-5.656798094105142,-3.9416299825450323,-1.7151681115601094,134.65007504528097,119.29249992370606,103.93492480213116,6.460681695182368,5.086052114797142,6.51047677470715,-171164471.0,-219.85065723968773,-97.40551721036888,137.26393103546175,-0.11174168175274664
2026-02-13,100.69000244140624,111.48999786376952,95.43000030517578,107.33000183105467,85349296,0,118.09900016784668,126.69399917602539,116.8731326054193,125.02023538859432,,37.34298352330248,-5.785572145487478,-4.310418415133522,-1.4751537303539566,133.2785891606801,118.09900016784668,102.91941117501325,7.146347113997465,20.414659258872224,10.419507013748055,-85815175.0,-162.14788769765354,-62.30598149853688,135.80829584037812,0.06545550359374797
2026-02-16,107.33999633789062,108.5999984741211,103.20999908447266,104.68000030517578,11422872,0,116.97100028991699,126.08879913330078,115.71188191015801,124.2225791108132,,35.43686956413594,-6.031927183301718,-4.654720168767161,-1.377207014534557,132.6117397475135,116.97100028991699,101.33026083232046,7.020893705115392,33.96921760547971,19.823309659716376,-97238047.0,-132.31371803832786,-70.70003139240923,135.6277559075692,0.05180827485065866
2026-02-17,104.1999969482422,106.6999969482422,102.01000213623048,104.22000122070312,7247092,0,116.11700019836425,125.45599914550782,114.61741708259088,123.4381642915932,,35.1019300607233,-6.192895562307257,-4.96235524747518,-1.2305403148320764,132.563428644235,116.11700019836425,99.67057175249352,6.854400927036558,51.109015673642865,35.16429751266495,-104485139.0,-123.51246248038515,-72.15710801236267,135.5098582785625,0.054431765308033314
2026-02-18,104.0999984741211,104.80999755859376,101.1999969482422,102.33999633789062,4189285,0,115.30900001525879,124.78479919433593,113.44813891642895,122.61078515615388,,33.69999607010008,-6.398407980244713,-5.2495657940290865,-1.1488421862156262,132.76462893274345,115.30900001525879,97.85337109777413,6.622658047273343,48.18215750075185,44.420130259958164,-108674424.0,-118.72688034782797,-78.11214412571657,135.43879480434418,0.03488993333919731
2026-02-19,102.58999633789062,104.95999908447266,99.0,99.7300033569336,7357493,0,114.60450019836426,124.01059921264648,112.14164981552463,121.71349959540015,,31.801089431919515,-6.694710220924534,-5.538594679408176,-1.1561155415163586,133.33445759078984,114.60450019836426,95.8745428059387,6.5753252642161515,41.51100672552293,46.93405996663923,-116031917.0,-113.23568851836922,-86.37946438604881,135.3088313825827,0.024327929862782004
2026-02-20,99.7300033569336,102.63999938964844,96.9000015258789,100.4499969482422,10769523,0,112.99949989318847,123.26179916381835,111.02815906625963,120.879636746492,,32.92392301033675,-6.793127470914882,-5.789501237709517,-1.003626233205365,130.78064096801646,112.99949989318847,95.2183588183605,6.5156590213271075,33.38086707975458,41.024677102009804,-105262394.0,-108.65174924999947,-84.09883848085867,135.1135477120947,-0.11012389739031829
2026-02-23,102.75,102.75,95.08000183105467,97.01000213623048,8177897,0,111.525,122.56539916992188,109.69309650149495,119.9435726441288,,30.35264881221887,-7.067235985444839,-6.045048187256581,-1.0221877981882574,129.47360677768688,111.525,93.57639322231314,6.598111817585552,24.575257132316946,33.155710312531504,-113440291.0,-109.76589571037121,-93.95363278230545,134.95951593459253,-0.0936806980535635
2026-02-24,97.08999633789062,97.27999877929688,88.62000274658203,91.0500030517578,22619964,0,110.01650009155273,121.78799926757813,107.91756379199617,118.81049148364367,,26.49227657562414,-7.676896589203224,-6.37141786764591,-1.3054787215573143,129.46120856550803,110.01650009155273,90.57179161759743,6.745389261523359,20.6075464285191,26.187890213530224,-136060255.0,-139.65431171590015,-93.66857613581679,134.4719103697347,-0.11804207143251895
2026-02-25,91.5,97.6500015258789,90.95999908447266,91.8000030517578,15798886,0,108.36050033569336,120.90419921875,106.38255800721157,117.75125664317756,,27.737776374209123,-8.007235847541523,-6.6985814636250325,-1.3086543839164904,128.08542489228137,108.36050033569336,88.63557577910534,6.741433060086423,16.980746897461355,20.72118348609915,-120261369.0,-119.63432930823498,-91.0118695533009,134.14704279297544,-0.16429172976626946
2026-02-26,92.0,92.08999633789062,88.0999984741211,89.30000305175781,10455142,0,106.74000053405761,120.04899932861328,104.75564801145407,116.63552120821991,,26.14739063482252,-8.374228305241985,-7.033710831948423,-1.3405174732935619,127.1259579142772,106.74000053405761,86.35404315383803,6.544901974635216,14.174697813322858,17.254330379767786,-130716511.0,-134.86561110597515,-96.03958925156907,133.91588669886227,-0.1695079648723032
2026-02-27,89.25,90.41999816894533,85.19999694824219,86.56999969482422,12421525,0,105.09600067138672,119.03239944458008,103.02368150510837,115.45648114887106,,24.495700590119263,-8.784103252936575,-7.3837893161460535,-1.4003139367905213,126.39936428175362,105.09600067138672,83.79263706101982,6.450266206497211,11.819629770015874,14.325024826933378,-143138036.0,-140.16879610197645,-95.43332417805989,133.62938382399471,-0.1804995142786317
2026-03-02,81.51000213623047,83.86000061035156,80.27999877929688,80.80999755859375,10730877,0,103.24300041198731,117.97239944458008,100.90809255782126,114.0977955178798,,21.421116064212292,-9.464613957833208,-7.799954244483485,-1.6646597133497236,126.16516926455574,103.24300041198731,80.32083155941888,6.43881868571365,6.34955634279978,10.781294642046186,-153868913.0,-164.28576194392184,-98.30183019915386,133.35428836830778,-0.2008079937888937
2026-03-04,79.98999786376953,80.79000091552734,77.72000122070312,79.55999755859375,25962965,0,101.25050010681153,116.9459992980957,98.87494065313292,112.74337206849603,,20.810659910570063,-9.989633866708544,-8.237890168928496,-1.7517436977800482,125.11361224781359,101.25050010681153,77.38738796580947,6.199617089440577,6.696602311543813,8.288596141453171,-179831878.0,-160.0635763938944,-94.55138726444497,132.67160353906874,-0.16515304725246574
2026-03-05,80.0999984741211,84.12000274658203,78.69000244140625,82.68000030517578,19448469,0,99.2900001525879,115.95379943847657,97.33256538189892,111.5644163130717,,26.445134613114877,-10.038243161778595,-8.597960767498517,-1.4402823942800786,122.4815673100539,99.2900001525879,76.09843299512188,6.144644461993091,15.599961235767603,9.548706630037081,-160383409.0,-126.34725316327285,-85.31240871328,132.19462119192,-0.1327370886531653
2026-03-06,82.4800033569336,84.37000274658203,80.75,82.98999786376953,11032603,0,97.36150016784669,114.87019943237304,95.9666065706485,110.4438508836873,,27.00090088958297,-9.937202283876957,-8.865809070774205,-1.071393213102752,119.1999936251589,97.36150016784669,75.52300671053447,5.964312910892302,28.414899994021848,16.90382118044444,-149350806.0,-106.88380440521192,-82.93394717681494,131.93262244352226,-0.10490659947783083
2026-03-09,80.98999786376953,85.0,78.80999755859375,83.33000183105469,10899991,0,95.72000007629394,113.84659957885742,94.7631204049729,109.38056268554485,,27.646629378831584,-9.717671908827256,-9.036181638384814,-0.6814902704424419,116.57285476511575,95.72000007629394,74.86714538747214,5.980433591643298,51.024288756089355,31.679716661959617,-138450815.0,-97.13809395150491,-80.64181698612019,131.67480058907415,-0.06612530086672501
2026-03-10,83.5,84.9000015258789,82.75,83.30999755859375,5270033,0,94.14850006103515,112.86379959106445,93.67234680055583,108.35818758252715,,27.63114282612875,-9.436528258841307,-9.116250962476112,-0.32027729636519453,113.7294262089996,94.14850006103515,74.5675739130707,5.7068313012315555,65.11406141802588,48.18441672271238,-143720848.0,-79.85102185535857,-79.47871961720826,131.55430127626101,-0.06404816265098698
2026-03-11,84.26000213623047,85.12000274658203,82.25,83.16999816894531,4428311,0,92.90349998474122,111.89159957885742,92.67212312135483,107.37041544866119,,27.51497929126761,-9.11988827630185,-9.11697842524126,-0.00290985106058983,111.94441483672101,92.90349998474122,73.86258513276142,5.504200690185161,74.50649129348243,63.548280489199236,-148149159.0,-73.86342586245426,-79.9926674902903,131.45321995248267,-0.03968569329943604
2026-03-12,83.30999755859375,88.5999984741211,82.08000183105469,84.29000091552734,11193515,0,91.74900016784667,110.96159973144532,91.87382576841888,106.46530115324418,,30.048619203316218,-8.678533218729612,-9.02928938393893,0.35075616520931874,109.91902046779633,91.74900016784667,73.57897986789702,5.576757543962392,67.47817575279326,69.03290948810053,-136955644.0,-56.64644440936596,-73.75149814126847,131.2074135559791,-0.03584484308228542
2026-03-13,84.66000366210938,85.4000015258789,83.05999755859375,84.08000183105469,4703833,0,90.93500022888183,110.05539978027343,91.13155682200325,105.5874462778642,,29.83802341961921,-8.250593619464524,-8.87355023104405,0.6229566115795251,108.94699888177507,90.93500022888183,72.9230015759886,5.345560859914018,59.8264427439158,67.27036993006384,-141659477.0,-57.273672024753395,-74.59048773261577,131.10309634937568,0.003825788367227686
2026-03-16,84.19999694824219,84.83999633789062,80.5999984741211,83.72000122070312,10408408,0,89.75450019836425,109.07359985351563,90.42569438378419,104.7298994128775,,29.45688520668422,-7.8500074451456925,-8.668841673864378,0.8188342287186856,106.35298810582655,89.75450019836425,73.15601229090196,5.266592074475127,49.60200880224858,58.96887576631923,-152067885.0,-61.259287558646456,-69.89463167021722,130.86840230454385,-0.15622303098491797
2026-03-17,85.0,85.05000305175781,79.4000015258789,80.25,4521133,0,88.53300018310547,108.02599975585937,89.4565806329476,103.76990335747054,,26.008338407383135,-7.723508318255156,-8.479775002742533,0.7562666844873771,104.12320690981417,88.53300018310547,72.94279345639677,5.2939784638611105,34.02320969229276,47.81722041281906,-156589018.0,-69.26256734725395,-87.30557581256113,130.76402272734288,-0.15184324531243756
2026-03-18,80.80000305175781,87.77999877929688,80.5999984741211,86.81999969482422,8315494,0,87.66300010681152,107.13999984741211,89.20547768645966,103.10520125305304,,40.267139739458024,-7.0122795871355095,-8.186275919621128,1.1739963324856184,101.49764571392272,87.66300010681152,73.82835449970032,5.453694200677951,42.9637773365958,42.19633194371239,-148273524.0,-31.050904426606223,-36.673614709605076,130.58676819798418,-0.12133969637980889
2026-03-19,82.91000366210938,88.08000183105469,82.6500015258789,86.25,11141960,0,86.85850028991699,106.27719985961915,88.92400362108255,102.44421296861958,,39.55495109153603,-6.420607142829624,-7.833142164262827,1.4125350214332029,98.94671808410719,86.85850028991699,74.77028249572679,5.452001779570653,56.26944267163392,44.418809900174175,-159415484.0,-18.26768318682592,-32.83463914156683,130.3544765244357,-0.09466676627724507
2026-03-20,86.93000030517578,95.19000244140624,86.48999786376953,89.94999694824219,25398502,0,86.36949996948242,105.49559982299805,89.02171727128822,101.95424371291851,,46.205991663015105,-5.588720347085399,-7.384257800827341,1.7955374537419422,97.04399650388994,86.36949996948242,75.6950034350749,5.70114468398748,75.46120591832624,58.231475308852,-134016982.0,57.77083020341188,-29.994305249127827,129.8907190994393,-0.08618688671956509
2026-03-23,87.55999755859375,88.76000213623047,84.58999633789062,86.77999877929688,9837397,0,85.68600006103516,104.66179977416992,88.80822027205096,101.35917528414903,,41.94730883856515,-5.1261454140724965,-6.932635323476372,1.8064899094038758,94.19821543568851,85.68600006103516,77.17378468638181,5.676777250156343,64.15661964629072,65.2957560787503,-143854379.0,14.383958489747833,-48.13968560083985,129.6967676133388,-0.0949878522837468
2026-03-24,89.70999908447266,91.18000030517578,87.37000274658203,87.72000122070312,6007417,0,85.22150001525878,103.8465998840332,88.70458036239879,100.82430571303351,,43.60710978424052,-4.630325594715771,-6.472173377724252,1.8418477830084807,92.06076875965586,85.22150001525878,78.38223127086171,5.585578984136526,54.117794159198525,64.5785399079385,-137846962.0,70.97984241107326,-45.27273467092798,129.58477996907294,-0.09934192375210299
2026-03-25,88.69999694824219,89.75,85.30000305175781,86.05000305175781,8218541,0,84.97150001525878,102.98259994506836,88.45176347567107,100.24492129494426,,41.34542138823303,-4.322314757190128,-6.042201653617427,1.7198868964272993,91.28565798644459,84.97150001525878,78.65734204407298,5.504465981572644,40.88407455059684,53.0528294520287,-146065503.0,44.333362230082656,-55.79973543987774,129.42613719960508,-0.08587256137078195
2026-03-27,86.05000305175781,92.75,84.9000015258789,89.5,13034464,0,84.8564998626709,102.19979995727539,88.55159552560715,99.82355183239743,,47.41332379961548,-3.756525144942003,-5.585066351882342,1.828541206940339,90.73795057003639,84.8564998626709,78.97504915530541,5.672004016754676,40.74485476593096,45.24890782524212,-133031039.0,106.97514115001643,-34.73748928717809,129.18879837544176,-0.02394889327570183
2026-03-30,87.5,88.79000091552734,85.5,87.30000305175781,5231885,0,84.75649986267089,101.37780014038086,88.4323962423834,99.33243227237234,,44.26834308651856,-3.4459316138957945,-5.157239404285033,1.7113077903892382,90.395352571503,84.75649986267089,79.11764715383879,5.552575158415057,35.548287369520175,39.05907222868267,-138262924.0,65.46665108114064,-49.96832762618573,129.08995365895635,-0.0031695801995926583
2026-04-01,87.9800033569336,89.9000015258789,86.51000213623047,89.0,5192147,0,84.87799987792968,100.53380020141601,88.4864537431088,98.92723884992637,,47.183729101255565,-3.027706935707556,-4.731332910569537,1.703625974861981,90.76708412014692,84.87799987792968,78.98891563571244,5.398105460646013,43.920301452608186,40.07114786268645,-133070777.0,96.8430179592385,-39.20203978784577,128.99528626531358,0.03623614134739323
2026-04-02,87.5,90.5,85.94999694824219,89.97000122070312,2898130,0,85.33600006103515,99.78840026855468,88.62774397907016,98.57597462917252,,48.82859418591444,-2.588155230795053,-4.30269737461464,1.7145421438195871,91.31247255758123,85.33600006103515,79.35952756448907,5.337526717153999,50.00871256401388,43.15910046204743,-130172647.0,94.75417222152258,-33.05890385079044,128.9430742571058,0.08575923642258593
2026-04-06,89.0199966430664,94.27999877929688,88.23999786376953,93.02999877929688,6482752,0,86.0095001220703,99.22300018310547,89.04700634099652,98.35848538015779,,53.72464370119757,-1.9701800985593252,-3.836193919403577,1.8660138208442518,92.2601718017214,86.0095001220703,79.75882844241922,5.387703445609238,67.8296853634266,53.919566460016235,-123689895.0,155.25818458731368,-13.679566414624393,128.8355908496656,0.08745469369995149
2026-04-07,92.5,95.8000030517578,91.31999969482422,95.01000213623048,3720032,0,86.62600021362304,98.75320022583008,89.61491070244738,98.22717231176848,,56.61709848043922,-1.3056103670687236,-3.3300772089366064,2.024466841867883,93.8048093412217,86.62600021362304,79.44719108602439,5.322867724989548,81.19661882804262,66.34500558516105,-119969863.0,181.51785824502335,-4.817078305027647,128.7778348776018,0.05559944511918813
2026-04-08,97.98999786376952,99.75,96.70999908447266,99.0500030517578,3712094,0,87.42900047302246,98.45780029296876,90.51349092619122,98.25944018392492,,61.85603209422611,-0.4477780500802453,-2.7536173771653343,2.305839327085089,96.21439343582624,87.42900047302246,78.64360751021867,5.281234163473831,91.31047334139289,80.11225917762071,-116257769.0,234.3239211570024,-3.4397887013720485,128.72776865985165,0.054283384026746914
2026-04-09,99.0,103.87999725341795,98.0500030517578,101.29000091552734,5677738,0,88.32700042724609,97.83260025024414,91.5398252108899,98.3782857028113,,64.42147891061549,0.40810496860267165,-2.121272908011733,2.529377876614405,98.76839030215217,88.32700042724609,77.88561055234001,5.320431309058569,90.93753549036171,87.81487588659907,-110580031.0,229.58159798665568,-11.125414405923083,128.6579949475871,0.02788544727945002
2026-04-10,102.0500030517578,103.70999908447266,100.56999969482422,101.8000030517578,3439054,0,89.25150070190429,97.3386003112793,92.51698500525828,98.51247069688763,,64.99868458018676,1.1147017494512141,-1.4740779765191436,2.5887797259703578,100.95082187347776,89.25150070190429,77.55217953033082,5.164686171957846,89.0611066060117,90.43637181258877,-107140977.0,198.4397650674896,-9.797431089267894,128.61735807209686,0.03980910050819865
2026-04-13,99.52999877929688,102.58999633789062,98.5,100.77999877929688,3229500,0,90.13200073242187,96.92980026245117,93.30393869802386,98.60139336678603,,62.804133939836646,1.5742321998974802,-0.8644159412358188,2.438648141133299,102.49959199479261,90.13200073242187,77.76440947005113,5.087922612381616,82.52474634631699,87.50779614756347,-110370477.0,145.24851212946626,-16.07049417828571,128.5773020991846,0.05298874866163185
2026-04-15,102.0,108.6999969482422,102.0,105.41000366210938,7595852,0,91.18800086975098,96.53960037231445,94.456897266032,98.86839769209283,,68.07348043919022,2.285668330358689,-0.23439908691691713,2.520067417275606,104.91222947483834,91.18800086975098,77.46377226466362,5.290213723564738,78.19326688984425,83.25970661405766,-102774625.0,169.39609648091928,-13.645761936315653,128.4994610587275,0.07941922516632106
2026-04-16,107.0,107.1500015258789,104.05999755859376,105.4499969482422,3125308,0,92.25650062561036,96.21440032958985,95.5038591405282,99.12649962370652,,68.11549811672475,2.820204155336228,0.37652156153371186,2.443682593802516,106.8976706694753,92.25650062561036,77.61533058174541,5.133055883830481,72.45418247915387,77.72406523843837,-99649317.0,143.237044404925,-13.655464811334324,128.46783749579356,0.08223782444645975
2026-04-17,105.88999938964844,113.30999755859376,105.55999755859376,108.31999969482422,10204664,0,93.4865005493164,95.99180038452148,96.72444395522307,99.48702903826016,,71.05905898222548,3.435807038959524,0.9883786570188744,2.4474283819406497,109.14999623372353,93.4865005493164,77.82300486490928,5.327837650010559,69.45020908243511,73.36588615047775,-89444653.0,150.80848949041126,-17.564232877834378,128.3809094484225,0.028972211251902996
2026-04-20,108.87000274658205,110.0,106.11000061035156,107.01000213623048,2522704,0,94.82450065612792,95.77460037231445,97.70402092484282,99.78204759112174,,67.97436966065538,3.77446126460039,1.5455951785351776,2.2288660860652127,110.30739927324645,94.82450065612792,79.3416020390094,5.22513491712755,64.41710262105686,68.77383139421528,-91967357.0,119.7194414671232,-22.17527737458559,128.35803904525568,0.041823898403044256
2026-04-21,108.98999786376952,111.2300033569336,108.12999725341795,109.29000091552734,3320859,0,95.94800071716308,95.57220031738281,98.8074475906223,100.15490850580431,,70.3840860386394,4.17865509027888,2.0722071608839183,2.106447929394962,112.18705464472976,95.94800071716308,79.70894678959641,5.153339653097233,62.741337569109085,65.53621642420035,-88646498.0,119.0480931032738,-14.455221129007878,128.33069014269006,-0.006168667405844212
2026-04-22,109.31999969482422,110.2699966430664,108.0999984741211,108.41999816894533,1663433,0,97.05650062561035,95.30280029296875,99.72292859808164,100.47902966906474,,68.2730849247144,4.378309234997317,2.533427575706598,1.8448816592907193,113.5213627501391,97.05650062561035,80.5916385010816,4.940243832800667,56.350865314099366,61.169768501421764,-90309931.0,101.63736754182952,-17.87280438801716,128.31656957058453,-0.04343106533979609
2026-04-23,108.47000122070312,109.5,107.01000213623048,107.44000244140624,1318713,0,97.93100090026856,95.020400390625,100.4578880117316,100.7520089934703,,65.87628741574918,4.406661863163933,2.908074433198065,1.498587429965868,114.6491235504548,97.93100090026856,81.21287825008231,4.7652262635841565,45.28317489466218,54.79179259262353,-91628644.0,84.62385894756034,-21.454660037422048,128.30484394577778,-0.012543682757619119
2026-04-24,107.16999816894533,110.5,106.01000213623048,109.22000122070312,4090624,0,99.05300102233886,94.88160034179687,101.2923749840146,101.08408712002844,,68.06896614444494,4.520651296535675,3.230589805865587,1.2900614906700882,115.63851952003876,99.05300102233886,82.46748252463897,4.745567092168825,44.29583006930692,48.64329009268948,-87538020.0,82.45188173186364,-16.314305495324874,128.26961663043252,-0.0007164036919331774
2026-04-27,110.01000213623048,110.4800033569336,106.25,107.30999755859376,2103198,0,100.03250083923339,94.73300033569336,101.86548189587928,101.32824047056042,,63.363959765929444,4.406076898963093,3.4656872244850883,0.9403896744780047,116.13187864496022,100.03250083923339,83.93312303350656,4.708741111080594,36.88548983857648,42.154831600848524,-89641218.0,71.66174055016538,-27.285132254994565,128.2510366853071,0.0390822700583272
2026-04-28,107.9000015258789,108.83000183105467,106.0,106.31999969482422,1778296,0,101.04600067138672,94.69800033569337,102.28972168625499,101.52399573425704,,61.01001152095827,4.187124741943549,3.6099747279767804,0.5771500139667687,116.00881182400363,101.04600067138672,86.08318951876981,4.5745454482216,31.169815441665204,37.45037844984953,-91419514.0,58.52728908041031,-42.10842473670548,128.23460701062217,0.08694298170248949
2026-04-29,106.69000244140624,112.13999938964844,105.6500015258789,110.63999938964844,6614524,0,102.10300064086914,94.76320037841796,103.08498622943532,101.88148607368416,,66.80510040948005,4.312479868174108,3.750475756016246,0.5620041121578625,116.63447193001961,102.10300064086914,87.57152935171867,4.711363477903595,36.30091234117467,34.785405873805445,-84804990.0,76.30604073454643,-17.496717759297077,128.1806930142114,0.10926785399854222
2026-04-30,110.63999938964844,110.97000122070312,107.76000213623048,108.58000183105467,1787149,0,103.16700057983398,94.92760040283203,103.60832104863717,102.14417296613006,,62.06769770003594,4.19721721461309,3.8398240477356147,0.35739316687747547,116.25133608859504,103.16700057983398,90.08266507107292,4.604123164087099,43.04833819645964,36.839688659766495,-86592139.0,67.60408971013361,-31.937856227359244,128.1658896765911,0.0969578210784053
2026-05-04,109.5500030517578,111.3000030517578,109.11000061035156,109.41000366210938,1706720,0,104.18750076293945,94.96920043945312,104.16086224992023,102.42910750322729,,63.200033237721264,4.125291153877484,3.8969174689639887,0.2283736849134952,115.79303347894202,104.18750076293945,92.58196804693688,4.469543025273958,59.98974909981339,46.44633321248256,-84885419.0,73.77898751806006,-26.33352153539923,128.15239352652551,0.05362267091116703
2026-05-05,109.0,109.86000061035156,105.3000030517578,105.87000274658205,2326879,0,104.9825008392334,94.99300048828125,104.32363753531659,102.56404457159414,,55.57943494646948,3.739533726662188,3.8654407205036287,-0.12590699384144077,114.58973733446311,104.9825008392334,95.37526434400368,4.47600406336823,37.138356326672024,46.72548120764835,-87212298.0,30.528405157282542,-65.78246169786773,128.1310705109309,0.002098387811048017
2026-05-06,106.81999969482422,108.5,106.4000015258789,108.1999969482422,1540617,0,105.74100074768066,95.07260040283204,104.69281462226189,102.78506231185484,,59.07707103561115,3.580554838501598,3.8084635441032226,-0.22790870560162446,113.70941964822556,105.74100074768066,97.77258184713575,4.344146434086068,36.22208821945275,44.450064548646054,-85671681.0,36.131887774021294,-55.243249841638516,128.1174367199681,-0.03551723204185079
2026-05-07,108.1500015258789,111.77999877929688,108.05999755859376,109.94000244140624,4243896,0,106.48750076293945,95.22460052490234,105.19254679551373,103.06564819928823,,61.514163124452736,3.5539985428047913,3.7575705438435363,-0.20357200103874495,112.94986159226723,106.48750076293945,100.02513993361167,4.299564633130142,40.778634560935345,38.04635970235337,-81427785.0,81.27308533552969,-42.072377381925484,128.0840595857018,-0.0680692786872716
2026-05-08,109.01000213623048,110.79000091552734,108.01000213623048,108.52999877929688,1463011,0,106.96150054931641,95.40060043334961,105.51039936539784,103.27993645732779,,58.47516128389605,3.3802119957196055,3.68209883421875,-0.30188683849914444,112.49634377086035,106.96150054931641,101.42665732777247,4.191024214999194,54.61607209784273,43.87226495941027,-82890796.0,59.22865823938725,-52.77781495808282,128.07206551955173,-0.11210166108419972
2026-05-11,110.5,115.6999969482422,108.4000015258789,110.33000183105467,14592242,0,107.41350059509277,95.59820053100586,105.96940912403183,103.55640960923866,,61.116128593670815,3.349123497195137,3.6155037668140273,-0.26638026961889016,112.47842427461214,107.41350059509277,102.3485769155734,4.413093586953773,56.605341090121335,50.666682582966466,-68298554.0,134.76305005348095,-51.63459873762803,127.96808817665128,-0.1948557177960564
2026-05-12,111.04000091552734,111.2699966430664,106.9499969482422,107.6500015258789,1989369,0,107.70600051879883,95.81100051879883,106.12946554325536,103.71694262557749,,55.46044970807055,3.0728105637822267,3.506965126207667,-0.43415456242544037,112.06720937210177,107.70600051879883,103.34479166549589,4.4064440232302315,37.217304679110576,49.479572622358205,-70287923.0,25.373577916721764,-77.40384756460773,127.95157856683164,-0.20628298701129302
2026-05-13,107.9800033569336,111.5,106.3499984741211,111.05999755859376,3282175,0,108.22000045776367,96.21120040893555,106.59904002090664,104.00490556412714,,60.47266948906884,3.093330763133622,3.424238253592858,-0.3309074904592362,111.47872998360275,108.22000045776367,104.9612709319246,4.459555273419423,37.393532691070334,43.73872615343407,-67005748.0,66.28123956608378,-44.61540493035227,127.92582640373719,-0.17572681012456481
2026-05-14,112.0,116.8000030517578,111.8000030517578,112.5999984741211,13130908,0,108.57950019836426,96.62720031738282,107.17055987359373,104.34196803118573,,62.523792478156516,3.1970052856517412,3.3787916600046346,-0.18178637435289335,112.09518192385505,108.57950019836426,105.06381847287346,4.551016003401181,41.207927683932645,38.60625501803784,-53874840.0,269.0326820663661,-36.52177893597134,127.84643666939012,-0.2734553584112593
2026-05-15,113.5,118.9000015258789,111.37999725341795,113.8499984741211,11963782,0,108.9995002746582,97.11820022583008,107.80669688316776,104.71483197012437,,64.14993240530043,3.341513754454809,3.3713360788946694,-0.029822324439860548,112.9047902811812,108.9995002746582,105.0942102681352,4.763086594048308,56.64795262141569,45.08313766547288,-41911058.0,263.4718136949736,-37.1323795467129,127.77982516449882,-0.28844951414622216
2026-05-18,111.11000061035156,113.5,107.3000030517578,110.37000274658205,4611542,0,109.1020004272461,97.59420028686523,108.05082125111198,104.93660337312271,,56.76515382407471,3.139046214659743,3.324878106047684,-0.1858318913879411,113.03806141603091,109.1020004272461,105.16593943846128,4.89072293892795,50.533808882884784,49.46322972941103,-46522600.0,45.769979485423235,-62.72058629659594,127.74590199230543,-0.2735937876290928
2026-05-19,109.8000030517578,114.8000030517578,107.8000030517578,113.33999633789062,4563431,0,109.4185001373291,98.24480026245118,108.55455221175757,105.26614819527047,,60.9018960290555,3.1815677595439524,3.2962160367469377,-0.11464827720298532,113.6385378550888,109.4185001373291,105.19846241956941,5.041385586147382,49.163340332515936,52.11503394560546,-41959169.0,106.32288567200236,-40.882395675030345,127.71552618305998,-0.22167571977234657
2026-05-20,113.5,115.0,112.01000213623048,112.5500030517578,2585143,0,109.58150024414063,98.90460037231445,108.93507133937663,105.55178956219154,,59.27722667928179,3.1156057703509674,3.2600939834677436,-0.14448821311677618,114.01550541899594,109.58150024414063,105.14749506928531,4.894857891691821,44.329235332409304,48.00879484927,-44544312.0,133.9194570408735,-46.691170489498695,127.69968601217491,-0.23288162406163276
2026-05-21,112.9000015258789,113.9800033569336,109.0,109.8499984741211,2661414,0,109.65300025939942,99.44800033569337,109.02220725697134,105.72034677442407,,53.977286079404706,2.813035689771766,3.1706823247285483,-0.3576466349567822,114.05578957160587,109.65300025939942,105.25021094719297,4.900939710637663,40.97950976094174,44.824028475288976,-47205726.0,39.957206348447,-66.54414755250671,127.68089939681762,-0.23681643323065657
2026-05-22,109.8000030517578,111.76000213623048,109.0199966430664,109.62000274658205,1772113,0,109.7620002746582,99.98060043334961,109.07914016074379,105.87327445960673,,53.538162720019145,2.5255747345311335,3.041660806689065,-0.5160860721579317,114.0465977601934,109.7620002746582,105.47740278912302,4.746587266532407,32.457075600320614,39.25527356455721,-48977839.0,3.9893951073021583,-68.23529279768228,127.66780936140948,-0.23710214291503537
2026-05-25,110.37999725341795,112.5,109.75,110.98999786376952,1789741,0,109.85050010681152,100.5338003540039,109.261126608651,106.07393027937782,,55.842590071151456,2.380861918724719,2.909501029096196,-0.5286391103714769,114.15970998250448,109.85050010681152,105.54129023111857,4.613259408452803,32.13936747907044,35.19198428011092,-47188098.0,37.78713898877648,-63.02790230000364,127.65532159675209,-0.26576598697760345
2026-05-26,111.2300033569336,113.69000244140624,110.75,112.02999877929688,3896139,0,110.08650016784668,101.10820037841796,109.52482872014109,106.30750159310014,,57.56329987547352,2.3233136384201742,2.7922635509609917,-0.4689499125408174,114.32981466134208,110.08650016784668,105.84318567435128,4.493741053663763,41.64512001407316,35.41385436448807,-43291959.0,72.95596662119885,-54.74104443042176,127.62996314454215,-0.2541913456862632
2026-05-27,112.02999877929688,112.8000030517578,111.1999969482422,111.98999786376952,1737050,0,110.37000007629395,101.68460037231445,109.75960673381998,106.53034458410679,,57.4705378556898,2.2485584894965456,2.6835225386681025,-0.43496404917155695,114.31608479806168,110.37000007629395,106.42391535452622,4.287045700081751,51.615186402869284,41.79989129867096,-45029009.0,58.55784549823485,-55.059776747556576,127.61856745741936,-0.23896396534190273
2026-05-29,114.51000213623048,117.9499969482422,102.62999725341795,106.72000122070312,38188192,0,110.17400016784669,102.13320037841797,109.47012049447552,106.53778209926743,,46.775786279098256,1.7439664498445637,2.4956113209033948,-0.751644871058831,114.42462826005081,110.17400016784669,105.92337207564256,5.075113842563359,45.74573709819638,46.3353478383796,-83217201.0,-62.79263859180787,-74.86169088346202,127.32648222264476,-0.35420797283259964
2026-06-01,108.20999908447266,109.0,99.75,101.26000213623048,6238557,0,109.80800018310546,102.47680038452148,108.68820446035694,106.33081033601108,,38.733506630293135,0.8932010621838486,2.1751292691594855,-1.2819282069756368,115.54522261777846,109.80800018310546,104.07077774843246,5.373319996665976,31.677982688353254,43.012968729806296,-89455758.0,-250.3126184210407,-92.11487197956669,127.264827473426,-0.3682962869282484
2026-06-02,100.0500030517578,100.54000091552734,96.1999969482422,96.79000091552734,5518100,0,109.17700004577637,102.73820037841797,107.55504221799222,105.9566609469725,,33.634936052316114,-0.14011323991050517,1.7120807673454874,-1.8521940072559926,117.25072640425967,109.17700004577637,101.10327368729307,5.3509403674747125,12.568844236411588,29.997521340987067,-94973858.0,-312.90450682581314,-97.40086410437823,127.19809708478931,-0.37903009805730437
2026-06-03,96.98999786376952,96.98999786376952,91.01000213623048,92.04000091552734,7758600,0,108.48549995422363,102.97400039672851,106.0774192368051,105.41090957319034,,29.231573331161087,-1.3270106191592248,1.1042624900445448,-2.4312731092037696,119.43175362458298,108.48549995422363,97.53924628386427,5.395872893193593,4.944228536891084,16.397018487218634,-102732458.0,-305.06449179590993,-96.30692433905483,127.090488483914,-0.3886309328779888
2026-06-04,91.0,108.44000244140624,89.80000305175781,106.45999908447266,77354358,0,108.39850006103515,103.36680038452148,106.11385541277343,105.45205033833867,,50.44249593525808,-1.0914801008865567,0.6651139718583245,-1.7565940727448812,119.38004921639511,108.39850006103515,97.4169509056752,6.341881928654652,21.90630547140849,13.139792748237047,-25378100.0,-122.63758654743182,-42.749151524764734,126.30639772542463,0.03787097068012279
2026-06-05,106.45999908447266,107.3499984741211,101.25,102.7300033569336,12977786,0,108.03800010681152,103.69640045166015,105.79158378840773,105.34530339789141,,46.55546084410357,-1.1920586406089768,0.29367944936486423,-1.485738089973841,119.26411724688892,108.03800010681152,96.81188296673413,6.3246045390451116,43.45000559637768,23.433513201559077,-38355886.0,-73.20498797411047,-54.067484516255654,126.19087699916084,0.005511460529345032
2026-06-08,101.0,111.87000274658205,100.5,105.52999877929688,71696602,0,107.88800010681152,104.00800048828125,105.76667093039718,105.35254635402497,,49.68956643406892,-1.0339133187715106,0.02816089573758923,-1.0620742145090998,119.16387291718698,107.88800010681152,96.61212729643606,6.68499012529775,65.93330423900933,43.763205102265154,33340716.0,-34.85397673128672,-44.120784589215994,125.63376544283153,-0.021307074505439477
2026-06-09,106.0,107.62000274658205,103.1500015258789,106.26000213623048,8694879,0,107.68450012207032,104.39760055541993,105.81365485476226,105.38813285528792,,50.504511106765115,-0.8399939148554836,-0.14547006638102533,-0.6945238484744582,118.92358636850483,107.68450012207032,96.44541387563581,6.526776632112421,71.06594713078034,60.149752322055775,42035595.0,-34.426173519230694,-41.527521657728194,125.56731704536837,0.014650297103332939
2026-06-10,107.5,109.58000183105467,105.61000061035156,107.0999984741211,10411836,0,107.65699996948243,104.78520050048829,105.93616377089168,105.4552648403402,,51.47847251327088,-0.6114819228404684,-0.23867243767291396,-0.37280948516755447,118.89898044562148,107.65699996948243,96.41501949334338,6.344149817011756,74.7470033510108,70.58208490693347,52447431.0,-7.073021934239642,-38.543519810411574,125.49528995742456,0.009921985868448018
2026-06-11,105.8000030517578,107.27999877929688,104.33000183105467,105.9499969482422,4386059,0,107.40149993896485,105.18320037841796,105.93748121635363,105.47466609947362,,50.02707313712439,-0.5172178693621845,-0.29438152401076806,-0.22283634535141644,118.55442320186415,107.40149993896485,96.24857667606554,6.101710326385359,66.96697529030737,70.92664192403284,48061372.0,-27.760148954757042,-42.628783665557606,125.46248580574648,0.002039700327855511
2026-06-12,107.5,108.54000091552734,105.6500015258789,106.79000091552734,6441229,0,107.11100006103516,105.52900039672852,106.01867356865588,105.52624785696592,,51.11134203397204,-0.3704611819890715,-0.30959745560642876,-0.06086372638264276,118.00687292184546,107.11100006103516,96.21512720022486,5.872302402332722,60.547021627959715,67.42033342309261,54502601.0,-6.03173502112052,-39.64475471559024,125.41729798667362,0.028624131690270397
2026-06-15,108.81999969482422,110.25,107.55999755859376,108.5199966430664,5619722,0,106.84449996948243,105.95340026855469,106.25689481383785,105.64364977014634,,53.35598127608107,-0.11325373433477637,-0.2703287113520983,0.15707497701732193,117.32067248405411,106.84449996948243,96.36832745491074,5.699995022485575,59.6292947430874,62.38109722045149,60122323.0,28.815964385241497,-33.49912024795677,125.38185222467321,0.038224484871479496
2026-06-16,108.5999984741211,112.37000274658205,107.6999969482422,109.4000015258789,9194417,0,106.79599990844727,106.36140029907227,106.55623831022271,105.79095768213585,,54.50036348498095,0.15975253279063395,-0.18431246252355182,0.3440649953141858,117.21526404782219,106.79599990844727,96.37673576907235,5.626424363618022,64.67148524429618,61.61593387178109,69316740.0,47.344855669258486,-30.372992100119397,125.32781896303153,0.02894375474125315
2026-06-17,109.0,114.0,108.91999816894533,113.37999725341795,8852944,0,106.79799995422363,106.82960021972656,107.20612011433654,106.08856707708809,,59.35707492116865,0.6893183268060596,-0.009586304657629524,0.6989046314636892,117.2223021159683,106.79799995422363,96.37369779247895,5.587394182720639,77.4272763284763,67.24268543861994,78169684.0,85.9663425032093,-16.234460695193928,125.28373354822911,0.04252383561901115
2026-06-18,113.37000274658205,115.75,112.0,115.0199966430664,6942244,0,106.92149963378907,107.26940017700196,107.95029883135844,106.43881921693037,,61.19516171611685,1.2271909848037126,0.2377691532346389,0.9894218315690737,117.668973981718,106.92149963378907,96.17402528586014,5.456151741097736,83.14010719490076,75.07962292255773,85111928.0,120.31882437028554,-2.8131153864472536,125.2549896735966,0.0620543252653087
2026-06-19,114.25,123.5,112.9800033569336,122.61000061035156,20593842,0,107.55949974060059,107.82140014648438,109.34646090554826,107.07298319314296,,68.33305735148375,2.240086506439397,0.6382326238755905,1.6018538825638062,120.26346053245518,107.55949974060059,94.85553894874599,5.817854948381212,93.59239928690704,84.71992760342802,105705770.0,185.52111832724768,-2.64094798291921,125.21233946586281,0.11929872359546495
2026-06-22,122.61000061035156,131.4199981689453,121.66000366210938,126.16000366210938,27541568,0,108.38649978637696,108.36360015869141,110.9477506918874,107.8214937997691,,71.0182776089478,3.2913286941125364,1.1688518379229798,2.1224768561895564,123.45306934276242,108.38649978637696,93.3199302299915,6.099436345413693,88.33781818795711,88.35677488992162,133247338.0,232.33068504980352,-12.638143017618367,125.22453880278465,0.10672441006533293
2026-06-23,126.11000061035156,130.8300018310547,125.3499984741211,129.97999572753906,18195148,0,109.33599967956543,108.93740005493164,112.76034545718757,108.69045465968165,,73.61132134392801,4.382172183188601,1.811515906976104,2.570656276212497,127.09256159208499,109.33599967956543,91.57943776704587,6.055191131950829,88.61373360478972,90.18131702655127,151442486.0,212.07550650030004,-3.4598813319215957,125.24783909575699,0.13788361632789442
2026-06-24,129.97999572753906,130.0,123.25,125.12999725341795,10098801,0,109.99099960327149,109.40399993896484,113.93840753301903,109.33514260453406,,65.58767611995519,4.799987891130968,2.4092103038070767,2.3907775873238912,129.01776856165264,109.99099960327149,90.96423064489034,6.104820336811484,79.67844562053783,85.54333247109487,141343685.0,154.7556416058541,-20.342824346751605,125.25107854135875,0.12442241272123457
2026-06-25,126.8499984741211,128.8300018310547,123.05999755859376,125.33999633789062,10157249,0,110.65849952697754,109.89519989013672,115.02427313348299,109.96278392741078,,65.76169638492475,5.089387727270179,2.945245788499697,2.1441419387704816,130.82170497020547,110.65849952697754,90.49529408374961,6.080904903643586,76.07962411620419,81.45726778051056,151500934.0,128.10385920351132,-19.663655210565874,125.25289679853132,0.11581977036980266
2026-06-29,123.5999984741211,124.66999816894533,119.68000030517578,123.69000244140624,5421744,0,111.50699958801269,110.26079986572266,115.84958068661854,110.50110622207727,,63.06326192487878,5.126503325354619,3.3814972958706813,1.745006029483938,132.35254357687418,111.50699958801269,90.6614555991512,6.0508399842915335,56.26521224729152,70.67442732801116,146079190.0,88.90609132512871,-27.343461780831024,125.24783393287235,0.19030454830714325
2026-06-30,123.69000244140624,124.69000244140624,121.5,124.12999725341795,4657246,0,112.65049934387207,110.63439987182618,116.63819178821848,111.03557253703181,,63.49345116796298,5.132260108568673,3.7316498584102797,1.400610250158393,133.63082727462063,112.65049934387207,91.67017141312353,5.846494445514012,47.03173832403038,59.79219156250867,150736436.0,83.75038627744833,-26.91030602071685,125.24478330419367,0.21293444643713869
2026-07-01,124.55999755859376,129.8000030517578,122.4000015258789,128.8699951171875,8100013,0,114.25449905395507,111.04539978027344,117.80312543859648,111.73496165782223,,67.83901048904212,5.456402601831172,4.076600407094459,1.3798021947367136,135.0435881718309,114.25449905395507,93.46540993607925,5.957459236968647,54.37245819039655,52.55646958723946,158836449.0,97.98894605993138,-9.41308009034736,125.24998782396361,0.24138014210795533
2026-07-02,128.10000610351562,134.39999389648438,128.10000610351562,133.33999633789062,8521152,0,116.31949882507324,111.57199966430665,119.28282742900545,112.58221791978569,,71.30762175825592,6.0047604634253275,4.462232418360633,1.542528045064695,136.04977469589403,116.31949882507324,96.58922295425246,5.981925562397227,73.91984917419576,58.441348562874204,167357601.0,119.69627344093988,-3.686949008297864,125.27053971104807,0.27280870051110595
2026-07-03,132.97999572753906,133.3699951171875,129.10000610351562,130.16000366210938,3441975,0,117.50449905395507,111.98939971923828,120.31874897501535,113.2715428508572,,65.86527859074882,6.112280620584357,4.792242058805377,1.32003856177898,137.56782010433744,117.50449905395507,97.44117800357272,5.859644380345416,84.34832414295165,70.88021050251463,163915626.0,100.43709828248046,-15.797283207484321,125.27748078583228,0.11060068207117325
2026-07-06,130.16000366210938,135.5,128.11000061035156,135.10000610351562,7342857,0,119.12299919128418,112.52299987792969,121.72648774915824,114.12756101762812,,69.73023616049771,6.520938709176292,5.1379813888795605,1.3829573202967316,139.37940335980673,119.12299919128418,98.86659502276163,5.968955452438489,87.04584440307444,81.77133924007393,171258483.0,104.9406218401251,-1.4388268078232578,125.29757004680071,0.1646425440413444
2026-07-07,135.10000610351562,152.6699981689453,133.52999877929688,148.77999877929688,56701910,0,121.28549919128417,113.3497998046875,124.30301260917145,115.4864801455367,,77.37126750146024,7.858081200480996,5.6820013511998475,2.176079849281148,144.3196016854375,121.28549919128417,98.25139669713083,6.909744305096342,85.16253323605378,85.5189005940266,227960393.0,172.17013715063277,-8.891427176339288,125.69024642902434,0.3485632158283847
2026-07-08,145.99000549316406,159.42999267578125,145.0,146.63999938964844,86650598,0,123.30449905395508,114.09819976806641,126.43034468350258,116.70818678256069,,74.21518609178646,8.645436976540012,6.2746884762678805,2.370748500272131,147.7520236656776,123.30449905395508,98.85697444223257,7.446904903002406,81.15613526814286,84.45483763575702,141309795.0,188.0625288940163,-26.966045248123454,126.4195488932636,0.0430841589308484
2026-07-09,145.5,155.08999633789062,142.3300018310547,151.3800048828125,27523109,0,125.51849937438965,114.97959991455077,128.80650279772257,118.06786592374704,,76.50160865258016,9.541907758074643,6.928132332629233,2.61377542544541,151.65666892901066,125.51849937438965,99.38032981976863,7.82641130327623,73.54103698810611,79.95323516410089,168832904.0,163.53597929723398,-17.330440568481183,126.63521895145783,0.0828527560724431
2026-07-10,152.39999389648438,154.25,145.44000244140625,147.42999267578125,11707106,0,127.59249916076661,115.80179977416992,130.58016850039482,119.2193218748072,,70.86246657559695,9.820430527569954,7.506591971617377,2.313838555952577,153.7733214837859,127.59249916076661,101.41167683774731,7.8966674643703385,65.05331067324522,73.25016097649804,157125798.0,143.79471484058962,-30.188685039531787,126.72353616560606,0.0611595315237793
2026-07-13,147.0,147.4499969482422,141.1999969482422,142.6199951171875,5707220,0,129.3839988708496,116.44139968872071,131.72681865437508,120.13699533529271,,64.61627252517883,9.543029125462567,7.913879402386415,1.6291497230761518,154.50796975445022,129.3839988708496,104.260027987249,7.779048359772458,57.02664639181799,65.20699801772308,151418578.0,96.85732144499394,-42.28931015097375,126.75620550561646,0.05617542911253278
2026-07-14,141.0,146.44000244140625,140.6199951171875,142.55999755859375,7593287,0,131.08599891662598,117.12099960327149,132.7585499785864,121.01632875581431,,64.53985365905905,9.212153245912674,8.173534171091667,1.038619074821007,154.90378149243298,131.08599891662598,107.26821634081897,7.639116857232907,35.69867017978381,52.59287574828232,143825291.0,83.0101916318985,-42.44024743426772,126.79807737814059,0.0531797733972816
2026-07-15,143.89999389648438,143.99000549316406,136.17999267578125,136.8699951171875,6439461,0,132.4594985961914,117.67019943237305,133.15011618226268,121.63804116214267,,57.58437670663707,8.39403487491768,8.21763431185687,0.17640056306080965,154.19369255853286,132.4594985961914,110.72530463384994,7.651323711529329,16.35302391016111,36.35944682725428,137385830.0,47.989966038646514,-56.754721732416066,126.82438793881164,0.04542172875102072
2026-07-16,137.9499969482422,138.9499969482422,133.6300048828125,135.2899932861328,6934310,0,133.55499839782715,118.25859924316406,133.35391400167887,122.1734118336717,,55.78650814249942,7.53136039402645,8.080379528290786,-0.549019134264336,153.46408109069174,133.55499839782715,113.64591570496256,7.484800022522212,7.337644879484576,19.79644632314314,130451520.0,19.85469509718283,-60.72956986904885,126.84552060427303,0.018349941071944455
2026-07-17,135.6199951171875,137.1999969482422,127.37999725341795,136.0500030517578,14377520,0,134.60649871826172,118.81559936523438,133.61068438740068,122.71759188143977,,56.49020653031983,6.830275919998826,7.830358806632394,-1.0000828866335683,152.61995795325194,134.60649871826172,116.5930394832715,7.651599999115214,18.299363702688517,13.99667749744471,144829040.0,-5.766588527817934,-61.639847452308736,126.87750293606594,0.0374300562265576
2026-07-20,136.0500030517578,137.3000030517578,132.00999450683594,133.02999877929688,4356588,0,135.12749862670898,119.27739929199218,133.5553809961527,123.12199999508123,,52.88805169133632,5.962243288470347,7.456735702999985,-1.4944924145296374,152.30634687195345,135.12749862670898,117.94865038146452,7.482914895244261,26.96414923495836,17.533719272377127,140472452.0,-7.523958651299808,-71.29354633009142,126.88795735913395,-0.02042790015193139
2026-07-21,133.14999389648438,137.17999267578125,133.0500030517578,133.83999633789062,4173125,0,135.51149826049806,119.78359924316406,133.58248721917536,123.54231357715219,,53.74008174021908,5.278830139799169,7.021154590359822,-1.7423244505606528,152.2079452896968,135.51149826049806,118.81505123129932,7.244849109618555,37.24475811935386,27.502757019000217,144645577.0,-6.375476909070756,-79.8439937374683,126.89874022506937,-0.02337949818999145
2026-07-22,134.0500030517578,134.74000549316406,131.11000061035156,131.91000366210938,1936567,0,135.60799865722657,120.21519927978515,133.42320307088337,123.87045828636619,,51.35678400044193,4.529275349583628,6.522778742204583,-1.9935033926209549,152.19741524451456,135.60799865722657,119.0185820699386,6.9866459505609795,35.896159632728875,33.36835566234701,142709010.0,-27.99258366478335,-85.86581261871085,126.90238585801019,-0.07139773269115757
2026-07-23,132.0,134.8800048828125,130.25999450683594,133.25,3060756,0,136.01399879455568,120.72719924926758,133.40670754032305,124.23828345160673,,52.91801573437981,3.997295944322474,6.017682182628161,-2.0203862383056874,151.94207862579682,136.01399879455568,120.08591896331453,6.817600552376378,45.73954241952717,39.62682005720328,145769766.0,-30.280947560659182,-81.68485620910205,126.90835079673121,-0.05429156050182703
2026-07-24,132.60000610351562,132.60000610351562,124.80999755859376,128.0500030517578,12191137,0,136.149499130249,121.06699935913086,132.89654520807875,124.38776265161266,,46.6595256296117,3.1201351614880366,5.438172778400136,-2.3180376169120995,151.754897737648,136.149499130249,120.54410052285003,6.933486401592797,41.422401214423566,41.01936775555985,133578629.0,-74.57947310822526,-90.64123064663428,126.9146871325652,-0.05362792813266142
2026-07-27,129.85000610351562,129.85000610351562,122.05999755859376,123.08999633789062,10401923,0,136.11949882507324,121.27679931640625,131.96258817282273,124.33686985499611,,41.605051876873006,2.0016737828165105,4.750872979283411,-2.7491991964669005,151.8225933198354,136.11949882507324,120.41640433031108,6.99466655468773,30.64210960299569,39.268017745648784,123176706.0,-111.44017803566167,-97.24378133829849,126.90815092563072,-0.09021349242593403
2026-07-28,124.0,127.75,123.1500015258789,124.1999969482422,6241445,0,136.12299880981445,121.48379928588867,131.22329377048172,124.33150229002537,,43.09079517684595,1.191122337870354,4.0389228510008,-2.847800513130446,151.81543020596425,136.12299880981445,120.43056741366466,6.8279049195035615,16.481867340464706,29.515459385961297,129418151.0,-112.84462802321619,-93.52104308586961,126.90431853333752,-0.11158781822248277
2026-07-29,124.8000030517578,130.5,123.0199966430664,126.5500030517578,6296045,0,136.00699920654296,121.80739929199218,130.77821846393658,124.41850231989723,,46.21106332999952,0.7299657401118793,3.3771314288230156,-2.6471656887111363,151.94455913693204,136.00699920654296,120.06943927615387,6.874483379319992,19.50941354094448,22.211130161468265,135714196.0,-95.83561146204906,-86.05155280327502,126.90387751278665,-0.13428639209929877
2026-07-30,126.4000015258789,127.72000122070312,124.4800033569336,125.22000122070312,1826073,0,135.6009994506836,122.04499938964844,130.24886444077148,124.4499336493406,,44.716730375028014,0.25424500332110256,2.752554143722633,-2.4983091404015303,152.19002466546732,135.6009994506836,119.01197423589987,6.614877271066388,27.23237076365453,21.074550548354548,133888123.0,-98.38868409275123,-87.55414045658583,126.90322305835997,-0.1607681006280162
2026-07-31,126.0,127.68000030517578,124.16999816894533,124.88999938964844,3016805,0,135.33749923706054,122.29179931640626,129.73849634066454,124.46719112935267,,44.333655429978364,-0.14769298499879824,2.1725047179783465,-2.320197702977145,152.4238167324618,135.33749923706054,118.25118174165928,6.393100475720964,32.845092188244614,26.528958830947847,130871318.0,-95.07862057119078,-88.39211950671191,126.90192041739668,-0.16117029558108095
2026-08-03,125.1999969482422,129.08999633789062,123.8499984741211,126.02999877929688,4198871,0,134.8839988708496,122.61539932250976,129.38530609672478,124.52847770386029,,46.052965610852084,-0.36997843211506165,1.6640080879596648,-2.0339865200747265,152.446294494759,134.8839988708496,117.32170324694022,6.310736003438719,34.5841683335149,31.553877095137988,135070189.0,-81.91062203234785,-81.89694580800935,126.9011287323993,-0.18875261986597838
2026-08-04,126.1999969482422,128.47999572753906,125.02999877929688,126.12999725341795,2667639,0,133.75149879455566,122.94559921264648,129.0752766830765,124.59128239207824,,46.20990691777051,-0.53194033226643,1.2248184039144459,-1.7567587361808759,150.485020481961,133.75149879455566,117.01797710715032,6.10639749949611,38.44966650033866,35.2929756740327,137737828.0,-74.46112476527996,-75.90290206097568,126.90082085886456,-0.38593488934694625
2026-08-05,127.01000213623048,129.1300048828125,125.12000274658205,127.80999755859376,4112542,0,132.80999870300292,123.28199920654296,128.95477390931626,124.71750651625533,,48.89955254375833,-0.5187544424306623,0.8761038346454242,-1.3948582770760865,148.63095493967649,132.80999870300292,116.98904246632935,5.956654973548562,52.272691148744094,41.768841994199185,141850370.0,-61.86044451157741,-62.27035480676709,126.90142596784534,-0.13375979611694086
2026-08-06,128.0,128.0,124.62999725341795,125.48999786376952,1963238,0,131.51549835205077,123.55119918823242,128.6247952383118,124.74780029458921,,45.51493250706494,-0.6875830862497878,0.5633664504663818,-1.2509495367161696,145.12972576905534,131.51549835205077,117.9012709350462,5.771894100193811,49.21265934530613,46.64500566479626,139887132.0,-69.49809367201684,-77.4934444300936,126.90087641985808,-0.2671340667754961
2026-08-07,125.48999786376952,133.5,125.08000183105467,131.58999633789062,12678121,0,130.72349853515624,123.94319915771484,128.9071953430336,125.01612170805201,,54.44350142544583,-0.3254109706653878,0.3856109662400279,-0.7110219369054157,142.2206728573991,130.72349853515624,119.22632421291335,5.96104439081892,62.08922249834901,54.524857664133044,152565253.0,-14.441519621156733,-36.97088718987918,126.91382408107121,-0.15393026034461396
2026-08-10,131.42999267578125,131.4499969482422,127.0,127.5199966430664,2772174,0,129.9684986114502,124.3591990661621,128.77508118113198,125.11431288197414,,48.70820556943779,-0.3626218418525582,0.23596440462151066,-0.5985862464740689,140.14946499711826,129.9684986114502,119.78753222578214,5.863112387038328,47.94983169548065,53.08390451304523,149793079.0,-26.678291384204307,-57.41032788524261,126.91538621069368,-0.1493432405952465
2026-08-11,127.5999984741211,128.60000610351562,125.0500030517578,125.5199966430664,5045638,0,129.11649856567382,124.84439895629883,128.46507312988763,125.1302220490758,,46.13620001959933,-0.5471873752117205,0.07933404865486443,-0.6265214238665848,137.66033406499577,129.11649856567382,120.57266306635188,5.697890291661149,40.94091672308614,50.32665697230524,144747441.0,-57.42303312025154,-73.01094299738634,126.91453050545576,-0.16293647510333004
2026-08-12,125.9499969482422,127.4000015258789,123.20999908447266,123.9000015258789,3295580,0,128.4679988861084,125.38659896850587,128.0303044056963,125.08197810698964,,44.104672248969614,-0.814784627217918,-0.09948968651969206,-0.715294940698226,136.51373963635945,128.4679988861084,120.42225813585736,5.590184016642942,16.440364530296197,35.110370982954294,141451861.0,-83.14652872674161,-83.91605266948733,126.91232240888111,-0.13981404867780817
2026-08-13,124.0,125.2300033569336,116.8499984741211,118.22000122070312,6920726,0,127.61449928283692,125.91019897460937,127.09598981664934,124.81288097419409,,37.81703156836703,-1.468260736442275,-0.37324389650420864,-1.0950168399380664,136.18867374107742,127.61449928283692,119.04032482459641,5.789456935655053,8.322539447195783,21.90127356685934,134531135.0,-172.36019601406338,-91.7717560298559,126.89715372322323,-0.15821991121281428
2026-08-14,118.51000213623048,119.62000274658205,115.5999984741211,117.12000274658205,5446152,0,126.66799926757812,126.12339904785156,126.14589580997627,124.51119947507205,,36.725102226211916,-2.05126029304148,-0.708847175811663,-1.342413117229817,135.4843684333745,126.66799926757812,117.85163010178175,5.663067459712617,8.174579899910146,10.979161292467344,129084983.0,-210.82126447785424,-91.50835674363822,126.88062327084775,-0.29224254937625405
2026-08-17,114.6500015258789,128.3699951171875,114.0,119.97000122070312,103684614,0,126.01499938964844,126.46819900512695,125.55771537290263,124.33311326901837,,41.44274486001783,-2.257299836110491,-1.0185377078714286,-1.2387621282390622,134.7842843043417,126.01499938964844,117.24571447495518,6.284990863817966,19.569526479141498,12.022215275415777,232769597.0,-133.62619000453677,-69.38460912459935,126.68401459549946,-0.22206371178477866
2026-08-18,119.6500015258789,125.0,115.6500015258789,122.0500030517578,52106492,0,125.4254997253418,126.79859909057618,125.2236475327936,124.24357953500815,,44.68424612982437,-2.227076541893979,-1.2602454746759386,-0.9668310672180402,133.57463724057,125.4254997253418,117.27636221011356,6.503919978839618,35.49995359251769,21.081353323856415,284876089.0,-121.1526405870188,-58.717933067908724,126.59183013505175,-0.09220276387963951
2026-08-19,123.0,124.08999633789062,118.16999816894533,121.91999816894533,19723170,0,124.92599945068359,127.11179901123047,124.90901426004615,124.15245869712334,,44.51836943837091,-2.1883882930097514,-1.4458740383427011,-0.7425142546670502,132.63692612104902,124.92599945068359,117.21507278031815,6.462211278132881,50.67491868943916,35.24813292036609,265152919.0,-96.74040046469783,-59.38462477463935,126.56065709102435,-0.06236176587740653
2026-08-20,122.98999786376952,124.08999633789062,121.5,121.9499969482422,7546593,0,124.3609992980957,127.40879898071289,124.6272030874934,124.0660876481476,,44.56950326583179,-2.130745023962703,-1.5828482354667015,-0.5478967884960015,131.15032994079883,124.3609992980957,117.57166865539259,6.185624496687006,55.48598073944461,47.220284340467124,272699512.0,-59.3536598748452,-59.23078488080922,126.55139202952635,-0.08273950020368652
2026-08-21,122.88999938964844,123.13999938964844,120.05999755859376,120.83000183105467,5529387,0,123.99999923706055,127.70639907836915,124.26556487259447,123.93918232198709,,42.97695728613923,-2.150645263841497,-1.6964076411416606,-0.45423762269983636,130.73391082567085,123.99999923706055,117.26608764845027,5.963794306284696,52.656007101657444,52.93896884351371,267170125.0,-77.59864979649674,-64.974349584335,126.5426712710556,-0.0875074444774965
2026-08-24,121.0,124.55999755859376,119.5999984741211,121.45999908447266,10228734,0,123.91849937438965,127.99979904174805,123.99836813086858,123.8419594499277,,44.18508177919284,-2.0914716507805338,-1.7754204430694354,-0.3160512077110984,130.73346052413183,123.91849937438965,117.10353822464748,5.892094647583837,54.997404745097754,54.37979752873324,277398859.0,-57.55103481089092,-61.74359443860176,126.52825225832828,-0.06836348457731505
2026-08-25,121.98999786376952,123.58000183105467,120.5199966430664,121.3499984741211,4812168,0,123.7759994506836,128.25639907836913,123.74614244927359,123.74423549009215,,44.009753745362936,-2.030051100623723,-1.826346574580293,-0.20370452604343003,130.68006070168533,123.7759994506836,116.87193819968188,5.689802543327011,53.144631201597974,53.59934768278436,272586691.0,-53.12413519033148,-62.307700132712334,126.52141730321625,-0.0642222654841558
2026-08-26,123.0999984741211,129.8800048828125,122.5999984741211,126.12999725341795,27224374,0,123.7549991607666,128.59099899291994,123.97317624014448,123.83779477492845,,52.7784208021208,-1.5774846575583865,-1.7765741911759116,0.19908953361752513,130.6276652841997,123.7549991607666,116.88233303733351,5.892674247995897,58.475212837159376,55.539082927951675,299811065.0,48.87827346689439,-37.79488587990792,126.51882803287522,-0.061150518136960215
2026-08-27,127.5999984741211,128.25,122.6500015258789,124.08999633789062,8276711,0,123.69849891662598,128.80519897460937,123.98430196373936,123.84768503229952,,49.234545774644175,-1.3676678916369127,-1.6947929312681118,0.3271250396311991,130.5405723559019,123.69849891662598,116.85642547735006,5.871768835576268,52.321203947026056,54.64701599526111,291534354.0,22.08439522398284,-42.17766130379161,126.51507032318415,-0.07019337065142463
2026-08-28,124.68000030517578,124.73999786376952,118.25,119.45999908447266,16232251,0,123.42699890136718,128.8939990234375,123.55341597523777,123.67561891669847,,42.293420651047676,-1.5570400879353627,-1.667242362601562,0.11020227466619925,130.48590543179367,123.42699890136718,116.3680923709407,5.915928051875786,39.20081970423849,49.999078829474605,275302103.0,-68.53057337834683,-65.6171448008671,126.48761421398586,-0.09473730432175055
2026-08-31,120.0,120.1999969482422,115.56999969482422,116.3000030517578,9879919,0,122.94049911499023,128.76779907226563,122.86261474443015,123.38637907885766,,38.32239188843186,-1.9397440268138268,-1.721742695444015,-0.21800133136981192,130.53557156572325,122.94049911499023,115.34542666425723,5.824075851985944,19.72748638705161,37.08317001277202,265422184.0,-130.4302129837614,-85.51635803180908,126.46091463439262,-0.11253878385049026
2026-09-01,117.0,117.22000122070312,113.58999633789062,114.94000244140624,6598735,0,122.38099937438965,128.54339904785155,122.10808023938026,123.05514862248701,,36.72423211939797,-2.32596802731004,-1.84258776181722,-0.4833802654928201,130.57855848809893,122.38099937438965,114.18344026068036,5.667356497044984,7.930930102436764,22.28641206457559,258823449.0,-157.0079752791104,-91.71267406157101,126.43906271538837,-0.11343548000507024
2026-09-02,114.5,116.23999786376952,112.38999938964844,115.47000122070312,5535743,0,121.76399955749511,128.25319915771485,121.47588223760148,122.75769186163274,,37.812636252039944,-2.5597793156487967,-1.9860260725835353,-0.5737532430652614,130.09075133509722,121.76399955749511,113.43724777989301,5.537545209693277,10.936203475393853,12.864873321627378,264359192.0,-154.22634586912767,-82.38993216864054,126.41989865003923,-0.10684951116787308
2026-09-03,116.98999786376952,121.25,115.51000213623048,120.5999984741211,13968782,0,121.51949958801269,128.1625991821289,121.39246473631763,122.6730764346715,,47.26755152664078,-2.3045629735828754,-2.0497334527834035,-0.25482952079947196,129.67977171915143,121.51949958801269,113.35922745687395,5.55486332180782,31.39499822267074,16.754043933500423,278327974.0,-58.40163035144878,-53.05891077231782,126.38995061928551,-0.06700558367237099
2026-09-04,123.37000274658205,130.6999969482422,123.02999877929688,126.41999816894533,62160413,0,121.26099967956543,128.18419921875,121.87127744418694,122.82001454189792,,55.528465871355046,-1.614070844188177,-1.9626009310643582,0.34853008687618114,128.39140981882437,121.26099967956543,114.13058954030649,5.879515832687339,54.17415582451522,32.168452507526574,340488387.0,115.99836180497947,-23.375201256037606,126.39580819035562,-0.09571618169862449
2026-09-07,127.47000122070312,130.32000732421875,126.54000091552734,129.6699981689453,18012338,0,121.36849975585938,128.30379913330077,122.61401275130679,123.08864135080174,,59.357390754899185,-0.7954337531332101,-1.7291674954781286,0.9337337423449186,128.92520315148695,121.36849975585938,113.81179636023178,5.738122498586344,79.15906563703287,54.90940656140625,358500725.0,163.99482256905466,-5.625335426729468,126.40845797456119,-0.05645190023014426
2026-09-08,129.6699981689453,129.6699981689453,126.16000366210938,126.62999725341795,5315181,0,121.42399978637695,128.35379913330078,122.99648746579356,123.22751805286512,116.67849956512451,54.62017807195022,-0.3874938402617545,-1.4608327644348538,1.0733389241730993,129.1169271289693,121.42399978637695,113.73107244378461,5.578970499175601,82.92372382282588,72.08564842812463,353185544.0,129.056832451032,-22.228291848755543,126.41009986587817,-0.05687716068551015
2026-09-09,126.0,126.8000030517578,123.56999969482422,125.37000274658205,4582078,0,121.49749984741212,128.28379928588868,123.22253654015437,123.31153706046186,116.76498218384548,52.74138382034839,-0.16397929550592494,-1.201462070649068,1.037482775143143,129.31079575964375,121.49749984741212,113.68420393518048,5.4111871318726,79.01917488432827,80.3673214480623,348603466.0,77.83667439456904,-29.109748292448696,126.40857455932063,-0.04974580761136223
2026-09-10,125.79000091552734,130.6199951171875,125.79000091552734,126.7300033569336,13200512,0,121.92299995422363,128.15159942626954,123.55658099889524,123.44559456228428,116.86413662337868,54.55830371638817,0.12149772466422348,-0.9368701115864096,1.0583678362506332,129.90114577855758,121.92299995422363,113.94485412988968,5.3996732203535185,63.6409423252976,75.19461367748387,361803978.0,113.86794174206794,-21.682108796597234,126.41348406304175,-0.05747494391972884
2026-09-11,125.5,137.1199951171875,125.37000274658205,136.10000610351562,41161986,0,122.87200012207032,128.27039947509766,124.751192913621,123.94184599527375,117.0555383097482,64.64395153537258,1.0912420738164315,-0.5312476745058414,1.6224897483222729,132.65116929721614,122.87200012207032,113.09283094692451,5.853267445371514,68.54117402824586,70.40043041262386,402965964.0,180.08251875938836,-4.124501374401881,126.48828321483836,0.028339110544157598
2026-09-15,137.0,137.6999969482422,130.10000610351562,130.72000122070312,7983867,0,123.40950012207031,128.1827993774414,125.31965084762882,124.20765600411411,117.19150311483233,56.8429003335711,1.40940330174476,-0.1431174792557211,1.552520781000481,133.66183787890654,123.40950012207031,113.15716236523407,5.978033402468303,63.77131592067331,65.31781075807221,394982097.0,150.36073579538464,-27.57801817791593,126.50253861507943,0.0682241708538048
2026-09-16,130.0,130.8000030517578,125.2699966430664,127.52999877929688,6610404,0,123.68349990844726,127.7577993774414,125.53016017445435,124.33794395608207,117.29437371845884,52.77607648358751,1.388140213750276,0.16313405934547837,1.2250061544047977,134.06792003325552,123.68349990844726,113.299079783639,5.946031474341382,57.03315251370311,63.115214154207386,388371693.0,63.34093897696762,-40.18174298674396,126.50506879615374,0.009395720722437401
2026-09-17,127.68000030517578,129.99000549316406,127.01000213623048,127.8000030517578,3147971,0,123.9775001525879,127.38099945068359,125.74633568657849,124.4737109794419,117.3989073436658,53.08204903923478,1.377200639891086,0.4059473754545999,0.9712532644364862,134.47786056083226,123.9775001525879,113.47713974434353,5.734172323097967,32.99369588014645,51.266054771507584,391519664.0,63.27398661797897,-39.11495397644931,126.50662341369843,-0.014298327493503972
2026-09-18,128.0,137.5,128.0,136.60000610351562,20005965,0,124.71000061035156,127.08539947509766,126.78001858342965,124.9492519646997,117.58996305271903,61.7749599052746,2.054929699943443,0.7357438403523686,1.3191858595910746,136.50638643263005,124.71000061035156,112.91361478807306,6.01744551060827,46.51000879482856,45.51228572955933,411525629.0,134.6812686318354,-4.346072504274391,126.54860134802635,0.059092920928453224
2026-09-21,136.0,137.1999969482422,132.6999969482422,134.75999450683594,8286541,0,125.40650024414063,126.83199951171875,127.54001629042072,125.3339869663521,117.7608091368396,59.300901729079605,2.415714452101824,1.0717379627022596,1.3439764893995643,137.83243557581588,125.40650024414063,112.98056491246538,5.909056545564822,62.617358969244115,47.37368788140634,403239088.0,131.61131683260882,-11.61597283682077,126.56781865530573,0.06557938115004062
2026-09-22,135.00999450683594,136.83999633789062,132.5,136.35000610351562,6126383,0,126.15100059509277,126.70659973144531,128.3790629392869,125.7659877168291,117.94577627083638,60.76326318579102,2.7976895909684174,1.4169282883554912,1.3807613026129262,139.30485309521242,126.15100059509277,112.99714809497311,5.796980816445236,86.03166297391283,65.05301024599514,409365471.0,122.54974665544484,-5.333824476281654,126.58255352252888,0.09175944829539101
2026-09-23,137.0,140.0,134.3300018310547,136.11000061035156,8529523,0,126.8890007019043,126.57759979248047,129.11534271748354,126.17163528128096,118.12651482147832,60.41041544544734,3.0459296223526167,1.7427285551549163,1.3032010671977003,140.52980973040212,126.8890007019043,113.24819167340648,5.787910627338099,78.99945331724048,75.88282508679912,400835948.0,129.17497895940238,-15.884033193009378,126.60672598848473,0.08727376491213258
2026-09-24,135.0,135.5,131.63999938964844,132.63999938964844,3851869,0,127.21450080871583,126.49299987792969,129.45102430530878,126.425296618864,118.27092760325117,55.40131803014897,2.928899012556485,1.97996264663523,0.9489363659212551,141.07622687757637,127.21450080871583,113.35277473985528,5.693774241149887,66.43916477787016,77.15676035634112,396984079.0,75.29572577520766,-43.37065457233133,126.61381737558445,0.09100880692454623
2026-09-25,132.63999938964844,135.5,131.5,134.36000061035156,6520141,0,127.72800102233887,126.47440002441407,129.91854585817,126.73646148127527,118.43101788192878,57.29167576009336,2.9410386719169423,2.1721778516915724,0.76886082022537,141.84720240116914,127.72800102233887,113.60879964350859,5.572790366782038,47.45587165477371,64.29816324996142,403504220.0,74.94478974673162,-34.327445434506316,126.62673522342928,0.11709539764873272
2026-09-28,133.75,134.19000244140625,126.41000366210938,128.07000732421875,7121679,0,128.15850143432618,126.31480010986328,129.74249456922226,126.78875739668482,118.52692822463814,49.09617100737491,2.415267844636986,2.220795850280655,0.1944719943563311,141.75857303745633,128.15850143432618,114.55842983119604,5.742590836886334,28.176207231226723,47.357081221290166,396382541.0,19.010341074776868,-72.61103137060236,126.63248735112927,0.14479746443251404
2026-09-29,128.07000732421875,128.32000732421875,124.38999938964844,125.1500015258789,5275797,0,128.60100135803222,126.15720016479492,129.30511427938004,126.72449246057478,118.59282945151615,45.819359849975974,1.7428797784431254,2.125212635913149,-0.38233285747002377,141.16540108274293,128.60100135803222,116.03660163332151,5.613120629578047,16.910215844964387,30.84743157698824,391106744.0,-36.510500521573476,-90.38343395187304,126.6315010456874,0.1613166377729575
2026-09-30,126.05000305175781,126.69999694824219,122.0,123.4800033569336,5681880,0,129.0280014038086,125.95000030517578,128.7503418105756,126.59725759376532,118.64145804758996,44.010211378048396,1.0629989065127745,1.9127698900330743,-0.8497709835202998,140.21080830151487,129.0280014038086,117.8451945061023,5.547897509482628,9.34885645329829,18.14509317649643,385424864.0,-76.69732716576563,-91.7777591281467,126.62748538642131,0.16026945235850396
2026-10-01,123.0,123.80000305175781,117.70999908447266,120.16999816894531,5922570,0,129.26300125122071,125.7152001953125,127.93316622565844,126.3452082045567,118.65666740203132,40.589355985952906,0.2541687621521618,1.5810496644568919,-1.32688090230473,139.44942559281253,129.26300125122071,119.0765769096289,5.586619399325666,9.886554215819563,12.04854217136071,379502294.0,-145.0155264295121,-88.96366539510096,126.61762507356244,0.1424315892487413
