Date,Open,High,Low,Close,Volume,SMA_20,SMA_50,EMA_20,EMA_50,RSI_14,MACD,MACD_Signal,MACD_Hist,BB_upper,BB_middle,BB_lower,ATR_14,STOCH_K,STOCH_D,OBV,CCI_20,Williams_%R,VWAP,CMF_20,Adj Close
2024-10-18,136.0,142.10000610351562,133.0,140.25,1447894,,,,,,,,,,,,,,,1447894.0,,,138.45000203450522,,140.25
2024-10-21,141.60000610351562,143.0,130.5,133.0800018310547,688513,,,,,,,,,,,,,,,759381.0,,,137.5078809948898,,133.0800018310547
2024-10-22,134.39999389648438,137.5,126.0,129.6699981689453,674550,,,,,,,,,,,,,,,84831.0,,,135.95977227717708,,129.6699981689453
2024-10-23,132.0,133.5,128.0,128.91000366210938,444283,,,,,,,,,,,,,,,-359452.0,,,135.16502095696208,,128.91000366210938
2024-10-24,126.69999694824219,130.94000244140625,125.9800033569336,127.51000213623047,201408,,,,,,,,,,,,,,,-560860.0,,,134.755889472297,,127.51000213623047
2024-10-25,129.0,129.0,117.95999908447266,123.9800033569336,657735,,,,,,,,,,,,,,,-1218595.0,,,132.97994296299171,,123.9800033569336
2024-10-28,125.25,131.39999389648438,124.0,126.5199966430664,532154,,,,,,,,,,,,,,,-686441.0,,,132.33019921784705,,126.5199966430664
2024-10-29,129.47999572753906,131.1999969482422,121.51000213623047,123.16000366210938,333582,,,,,,,,,,,,,,,-1020023.0,,,131.85862746823938,,123.16000366210938
2024-10-30,124.0,132.0,121.30999755859375,129.9600067138672,542250,,,,,,,,,,,,,54.24658494822645,37.876605931044054,-477773.0,,,131.4558496979735,,129.9600067138672
2024-10-31,130.5,133.5,129.63999938964844,130.85000610351562,273135,,,,,,,,,,,,,67.29315613764335,51.77004373277932,-204638.0,,,131.4499186422567,,130.85000610351562
2024-11-01,131.7899932861328,134.0,130.4199981689453,132.36000061035156,167230,,,,,,,,,,,,,85.16461763382638,68.9014529065654,-37408.0,,,131.47263805878768,,132.36000061035156
2024-11-04,131.49000549316406,132.3000030517578,125.5999984741211,129.75,921656,,,,,,,,,,,,,78.84426245378638,77.10067874175205,-959064.0,,,131.17061724058908,,129.75
2024-11-05,127.4000015258789,130.5,127.0,128.16000366210938,205596,,,,,,,,,,,,,69.18835442388563,77.73241150383281,-1164660.0,,,131.09472106093168,,128.16000366210938
2024-11-06,129.6999969482422,131.3000030517578,126.95999908447266,130.1999969482422,315098,,,,,,,,,,,,,58.41683149480205,68.81648279082471,-849562.0,,-51.11822118113626,131.02629579800632,,130.1999969482422
2024-11-07,130.1999969482422,132.7899932861328,128.0,131.61000061035156,193477,,,,,38.92874782038101,,,,,,,7.1521421160016745,60.096352423182985,62.567179447290236,-656085.0,,-45.4872163466475,131.02053372993305,,131.61000061035156
2024-11-08,133.0,136.5,125.5999984741211,127.58999633789062,391321,,,,,35.040978807103485,,,,,,,7.419846359564334,48.18878890365011,55.5673242738784,-1047406.0,,-50.71649538273281,130.9654899308147,,127.58999633789062
2024-11-11,127.62000274658203,128.6199951171875,125.0,125.77999877929688,188978,,,,,33.4225067810172,,,,,,,7.148428413680274,32.19569604757705,46.826945791470074,-1236384.0,,-57.82093145273294,130.8615415801535,,125.77999877929688
2024-11-12,126.0,127.8499984741211,115.5999984741211,117.56999969482422,392079,,,,,27.269863507749804,,,,,,,7.512826384131683,11.488433044559029,30.624305998595418,-1628463.0,,-90.57415752690822,130.38023189635655,,117.56999969482422
2024-11-13,117.26000213623047,123.4000015258789,114.38999938964844,117.79000091552734,416002,,,,,27.654192149785533,,,,,,,7.619767509281596,10.528701399812968,18.07094349731637,-1212461.0,,-84.62233635449527,129.83153500508132,,117.79000091552734
2024-11-14,120.69999694824219,122.38999938964844,117.51000213623047,118.77999877929688,193918,127.67400093078614,,127.67400093078614,,29.46059249090452,,,,138.3926270916291,127.67400093078614,116.95537476994316,7.424069633862765,14.88625730632173,12.301130583564598,-1018543.0,-156.93139862999686,-80.14473419963133,129.61457976098174,-0.07176937043658937,118.77999877929688
2024-11-18,119.0,121.1500015258789,114.4000015258789,115.23999786376953,156844,126.4235008239746,,126.48981016249884,,26.87639635136066,,,,136.8121331037176,126.4235008239746,116.0348685442316,7.3759218028725675,13.735405456723422,13.050121387619393,-1175387.0,-173.95129150101184,-96.15559271525693,129.40151877797913,-0.20734344906849672,115.23999786376953
2024-11-19,117.0,120.06999969482422,111.19999694824219,114.08999633789062,199737,125.4740005493164,,125.30887551253615,,26.076179515439403,,,,136.69357019380865,125.4740005493164,114.25443090482416,7.4826418702803865,14.395301608514663,14.338988123853293,-1375124.0,-169.21089201921603,-88.57707888913616,129.10242927560972,-0.17581154977011637,114.08999633789062
2024-11-21,113.80000305175781,115.1500015258789,110.2699966430664,113.0999984741211,248706,124.6455005645752,,124.14612531840137,,25.375731762490627,,,,136.9025393739834,124.6455005645752,112.38846175516703,7.296739228318395,14.961446262080377,14.364051109106176,-1623830.0,-166.87740609034893,-89.21082169702959,128.68913439796162,-0.14586323751960467,113.0999984741211
2024-11-22,113.88999938964844,117.9000015258789,113.3499984741211,116.87999725341797,310385,124.04400024414062,,123.45411312173628,,32.79829892839889,,,,136.58238932865837,124.04400024414062,111.50561115962286,7.118400929992639,31.149666111358002,20.168804660651038,-1313445.0,-106.47154890742777,-74.79984840107049,128.3003803548541,-0.08023860424420724,116.87999725341797
2024-11-25,118.25,120.88999938964844,114.0,115.0199966430664,386042,123.41949996948242,,122.65086393329153,,31.156109030578317,,,,136.44006419834017,123.41949996948242,110.39893574062467,7.102086534253767,39.91657162509204,28.675894666176827,-1699487.0,-87.31471417003094,-81.89096686202141,127.87084040601442,-0.1058260463117157,115.0199966430664
2024-11-26,115.98999786376953,118.41000366210938,114.44999694824219,116.05999755859375,151937,123.02349967956543,,122.02316237379651,,33.17095850734807,,,,136.42788143543373,123.02349967956543,109.61911792369712,6.877652261369012,50.905261215399605,40.657166317283234,-1547550.0,-80.97559018416483,-77.92603822142925,127.70562113797384,-0.12752760643848512,116.05999755859375
2024-11-27,116.05999755859375,118.0,114.37999725341797,116.7300033569336,200813,122.53400001525878,,121.51905199123814,,34.50092856879341,,,,136.10586545671802,122.53400001525878,108.96213457379955,6.644963010312799,53.002169965611834,47.94133426870118,-1346737.0,-72.08496966677676,-75.37168933621366,127.49553602590801,-0.09725178534462486,116.7300033569336
2024-11-28,117.52999877929688,119.58000183105469,114.0999984741211,115.0999984741211,187852,122.13099975585938,,120.90771356103652,,32.79119325901279,,,,136.07805659213562,122.13099975585938,108.18394291958315,6.561751606499999,46.18599583606888,50.03114233902679,-1534589.0,-66.45309668328915,-81.58596563893335,127.30406505770003,-0.08293574451352537,115.0999984741211
2024-11-29,115.11000061035156,125.0,114.7699966430664,123.87999725341797,1059455,121.82699928283691,,121.19078819840618,,47.79765601125071,,,,135.33639814820182,121.82699928283691,108.317600417472,6.8237695886738265,57.95212527515747,52.38009702561275,-475134.0,-10.951676004644233,-48.11285219773363,126.7702965968733,-0.0013728099473555638,123.87999725341797
2024-12-02,123.19999694824219,127.5,121.27999877929688,122.11000061035156,366869,121.3899990081787,,121.27833223763908,,45.58780253530469,,,,134.25363256469728,121.3899990081787,108.52636545166011,6.780643276675919,57.60127721363616,53.91313277495419,-842003.0,21.617682505296028,-35.4768122516029,126.67775652382794,-0.0264608583810353,122.11000061035156
2024-12-03,122.51000213623047,125.83000183105469,121.9000015258789,122.55000305175781,155256,120.89949913024903,,121.39944374374562,,46.2530421357621,,,,132.76169296618343,120.89949913024903,109.03730529431463,6.577025921568767,70.88467128691748,62.14602459190373,-686747.0,27.040758644284836,-30.147866156651677,126.6377120425825,-0.044261103474880735,122.55000305175781
2024-12-04,122.0999984741211,126.5,120.91999816894531,122.91000366210938,349336,120.5574993133545,,121.5433065931136,,46.825858151988484,,,,131.75508564558154,120.5574993133545,109.35991298112745,6.505809915103476,62.86071896597044,63.78222248884139,-337411.0,33.28190683565553,-26.639555679735526,126.55156850170754,-0.10119892171759044,122.91000366210938
2024-12-05,124.5,125.5999984741211,121.7300033569336,123.01000213623047,498562,120.29999923706055,,121.68299188293425,,46.99484549943342,,,,131.0127978469101,120.29999923706055,109.58720062721099,6.317537429538049,64.51168036251643,66.08569020513481,161151.0,39.287749384540525,-26.059181595937957,126.43649934699364,-0.11216934396784865,123.01000213623047
2024-12-06,124.30000305175781,128.5,122.0999984741211,124.2699966430664,611438,120.00349922180176,,121.92937328866113,,49.186116294255974,-2.002225728717164,-3.93153114899377,1.9293054202766058,129.90110448587728,120.00349922180176,110.10589395772622,6.323427722133824,58.22351082252802,61.86530338367165,772589.0,69.33501907202069,-23.203524838215433,126.37216337749709,-0.16006491676848536,124.2699966430664
2024-12-09,126.0,127.9000015258789,123.69999694824219,123.98999786376953,296187,119.62249908447265,,122.12562324819525,,48.704260518336525,-1.6448827902754886,-3.4742014772501135,1.829318686974625,128.20260426639703,119.62249908447265,111.04239390254828,6.171754640384031,49.80851267755463,57.51456795419971,476402.0,83.79540855055397,-24.739447645329893,126.347918219719,-0.20990393053729037,123.98999786376953
2024-12-10,125.98999786376953,129.4499969482422,122.91999816894531,127.94999694824219,1401558,119.64049911499023,,122.68032550534258,,55.36434956139866,-1.0302707857233742,-2.9854153389447657,1.9551445532213916,128.28862900335702,119.64049911499023,110.99236922662345,6.197343507449234,55.703842883317066,54.57862212779992,1877960.0,118.41247896206411,-7.820646382342447,126.38574631594378,-0.053167969207150105,127.94999694824219
2024-12-11,128.5,129.49000549316406,123.0999984741211,124.95999908447266,515857,119.59949913024903,,122.89743727478354,,50.07744600796288,-0.7755145344151657,-2.5434351780388456,1.7679206436236798,128.13789191405368,119.59949913024903,111.06110634644438,6.211105186848786,54.846651206958114,53.45300225594328,1362103.0,103.25404287552152,-28.06694199913685,126.36876799091043,-0.06435805509930455,124.95999908447266
2024-12-12,125.55000305175781,125.55000305175781,121.0,122.2699966430664,298600,119.83449897766113,,122.83768102414382,,45.83662182483869,-0.7816684976970976,-2.191081841970496,1.4094133442733985,128.39521094682087,119.83449897766113,111.2737870085014,6.092455034342287,46.332457993480695,52.29431736125196,1063503.0,46.60200205537358,-46.61075719620589,126.30700326749121,-0.048362782079607376,122.2699966430664
2024-12-13,121.05000305175781,122.20999908447266,118.27999877929688,119.48999786376953,227311,119.91949882507325,,122.51885405648912,,41.88859159566427,-0.9993483601815853,-1.952735145612714,0.9533867854311286,128.43094002271678,119.91949882507325,111.40805762742973,5.942279522158519,22.4587633303657,41.212624176934845,836192.0,-6.302549309595978,-64.97727789871004,126.22159498542689,-0.04764967748428569,119.48999786376953
2024-12-16,120.54000091552734,121.0,117.48999786376953,117.98999786376953,374990,119.87999877929687,,122.08753441908725,,39.89201849467014,-1.2781647953454325,-1.8178210755592576,0.5396562802138252,128.41951240523343,119.87999877929687,111.3404851533603,5.768545423163658,9.973103061472173,26.254774795106197,461202.0,-26.183135568017736,-74.72386214746288,126.06017172201572,-0.06847329871070709,117.98999786376953
2024-12-17,119.80000305175781,119.80000305175781,111.11000061035156,113.55000305175781,1354290,119.79549903869629,,121.2744361936273,,34.63036322341649,-1.8362323600890278,-1.8215033324652117,-0.014729027623816116,128.54778900337516,119.79549903869629,111.04320907401744,5.9772209244667005,9.41196412263438,13.94794350482409,-893088.0,-92.44740630453643,-86.72469100545264,125.23879663918632,-0.11131824613826571,113.55000305175781
2024-12-18,113.0,119.5,112.98999786376953,114.8499984741211,1006883,119.83349914550782,,120.66258498224575,,37.24048056670911,-2.1488357191715295,-1.8869698098064753,-0.26186590936505416,128.49247405864918,119.83349914550782,111.17452423236645,6.015276725306969,14.447410282523549,11.277492488876709,113795.0,-77.18858799479109,-79.6518124580757,124.75138536321978,-0.13852088664896445,114.8499984741211
2024-12-19,114.5,118.0,114.0,117.54000091552734,227024,120.05549926757813,,120.36519602351066,,42.368388926621456,-2.154677635159075,-1.9405113748769953,-0.21416626028207975,128.2264680533149,120.05549926757813,111.88453048184135,5.871328387785042,32.36783515680395,18.742403187320633,340819.0,-71.06079181222464,-65.01632972258565,124.65677033669621,-0.12528996945656273,117.54000091552734
2024-12-20,118.4000015258789,118.4000015258789,114.19999694824219,116.25,236083,120.02399940490723,,119.97327259270013,,40.65295197572611,-2.2376059599189233,-1.999930291885381,-0.23767566803354234,128.24837562799019,120.02399940490723,111.79962318182429,5.751948115631591,45.26662736205403,30.693957600460518,104736.0,-75.7087927862704,-72.03483120695495,124.5579432257449,-0.14408127430880222,116.25
2024-12-23,117.30000305175781,117.30000305175781,112.51000213623047,113.16000366210938,300602,119.93099975585938,,119.32438983740577,,36.80850705612305,-2.523573945475107,-2.104659022603326,-0.4189149228717808,128.41749769689753,119.93099975585938,111.44450181482122,5.683237601338431,44.496662152696935,40.71037489051832,-195866.0,-105.99880012665194,-88.84655872058657,124.40641531416499,-0.13996623155360663,113.16000366210938
2024-12-24,113.69000244140625,116.25,112.51000213623047,113.38999938964844,127995,119.79749984741211,,118.75920979476221,,37.28391559640043,-2.700517022041936,-2.223830622491048,-0.4766863995508879,128.6014400991932,119.79749984741211,110.99355959563101,5.544434762940653,29.38380860663658,39.71569937379586,-67871.0,-105.67430216344498,-87.595222124076,124.34153651454088,-0.14432685457010755,113.38999938964844
2024-12-26,113.95999908447266,115.29000091552734,112.22000122070312,112.94000244140625,203754,119.60799980163574,,118.20499957063308,,36.70211529527048,-2.844269707279807,-2.3479184394488,-0.4963512678310069,128.82151542154944,119.60799980163574,110.39448418172205,5.367689400932336,15.943414941222423,29.94129523351866,-271625.0,-108.87820276829673,-90.04351825408948,124.23432169037105,-0.16143610673502232,112.94000244140625
2024-12-27,113.5,117.5999984741211,112.80999755859375,115.2300033569336,284203,119.61450004577637,,117.92166659789979,,41.6888345422869,-2.7418049892642244,-2.426695749411885,-0.3151092398523394,128.8154595851879,119.61450004577637,110.41354050636482,5.326425937689122,24.31513879870329,23.214120782187447,12578.0,-78.35608344256323,-77.58432180594943,124.11176614000627,-0.14751015821735247,115.2300033569336
2024-12-30,117.30000305175781,117.54000091552734,113.76000213623047,115.94999694824219,190372,119.21800003051757,,117.73388853602764,,43.203867712285465,-2.5728453369337814,-2.455925666916264,-0.11691967001751724,128.332583438561,119.21800003051757,110.10341662247416,5.215966854946819,43.228949797752335,27.829167845892698,202950.0,-62.795467991836716,-73.66705629976954,124.03635821839615,-0.2500288241034098,115.94999694824219
2024-12-31,117.0,118.9000015258789,114.6999969482422,117.91000366210938,159781,119.00800018310548,122.03700012207032,117.75066140517828,122.03700012207032,47.223829332349545,-2.2547955542360825,-2.415699644380228,0.1609040901441454,128.03953761522197,119.00800018310548,109.976462750989,5.143398120853241,28.58178808386853,21.025267300853585,362731.0,-36.17412004795671,-63.00325764267545,123.98477687936004,-0.2158300066832754,
2025-01-01,117.58000183105467,122.9000015258789,117.38999938964844,120.0500030517578,372027,118.88300018310548,121.63300018310548,117.96964632390014,121.95907866833257,51.27857743149606,-1.809203373697713,-2.294400390243725,0.485197016546012,127.78323419795429,118.88300018310548,109.98276616825666,5.169584121951615,41.74701661267149,29.965724192201293,734758.0,14.634291740334966,-38.08863621954055,123.91822539963086,-0.2005750876026516,
2025-01-02,121.0,127.5,121.0,126.23999786376952,758618,119.04949989318848,121.49620010375976,118.75729885150676,122.12695785246734,60.68711700774514,-0.9456862287428152,-2.024657557943543,1.0789713292007277,128.3599783167666,119.04949989318848,109.73902146961038,5.332470752400941,63.74015947291189,44.689654723150646,1493376.0,92.51991883111673,-7.687627719048351,123.95192623149993,-0.1321062022940448,
2025-01-03,126.4499969482422,132.10000610351562,125.98999786376952,128.32000732421875,881575,119.31500015258788,121.46920028686525,119.66803299176505,122.36982253763406,63.2549170211228,-0.09243772540907,-1.6382135914366482,1.5457758660275782,129.33769404830696,119.31500015258788,109.29230625686884,5.388009144354166,78.7383903592716,61.40852214828501,2374951.0,142.04944666653736,-18.008564983596262,124.13562690542553,-0.1310733302063161,
2025-01-06,130.5,135.0,124.0999984741211,125.72000122070312,969995,119.38750038146972,121.4054002380371,120.24441091833056,122.50120209383284,58.14263554441423,0.3697073413145233,-1.236629404886414,1.6063367462009372,129.57218385651765,119.38750038146972,109.2028169064218,5.781722885891647,78.48636883905691,73.65497289041348,1404956.0,126.00927219263453,-38.84470078018465,124.3011220484601,-0.1740527301301697,
2025-01-07,126.47000122070312,130.00999450683594,126.47000122070312,127.41999816894533,337038,119.55900039672852,121.4036001586914,120.92780018029389,122.69409605756276,60.39642486978904,0.8631859126379169,-0.8166663413815478,1.6798522540194647,130.15511930849138,119.55900039672852,108.96288148496566,5.675170771623159,69.95730731894842,75.72735550575898,1741994.0,115.52068588222193,-33.27481227937384,124.35136546957251,-0.1636648520253864,
2025-01-08,127.9000015258789,128.25,123.5500030517578,125.77999877929688,300666,119.45050048828124,121.43960006713868,121.38991433257988,122.81511185057192,57.196839530464494,1.1091513842995226,-0.4315027962453337,1.5406541805448564,129.7407408460849,119.45050048828124,109.1602601304776,5.605515498524518,62.46879310837102,70.30415642212546,1441328.0,86.97245673435316,-40.47410761532845,124.36958983298832,-0.2680932854945547,
2025-01-09,124.0,126.0,123.5999984741211,124.0,283527,119.40250053405762,121.38920013427736,121.63849391995322,122.86157805251028,53.861633347676985,1.14722526848594,-0.1157571832990789,1.2629824517850188,129.59801449089588,119.40250053405762,109.20698657721935,5.376550214764117,59.32103520417618,63.915711877165215,1157801.0,69.83477716747718,-48.28797449276915,124.37143409109892,-0.272113111914325,
2025-01-10,123.69000244140624,124.83999633789062,119.30999755859376,121.06999969482422,849544,119.34250068664552,121.34740005493164,121.58435161279807,122.79132007769908,48.81568619094265,0.930249224418688,0.0934440982444744,0.8368051261742135,129.48378802211357,119.34250068664552,109.20121335117744,5.387510826516456,50.02926052697973,57.27302961317565,308257.0,30.11108550217724,-61.15013631096315,124.28552709680883,-0.2749667233300032,
2025-01-13,120.0,122.0,113.31999969482422,114.16999816894533,405762,119.0765007019043,121.0315998840332,120.87822271338352,122.45322902245384,39.44412910354984,0.1992251453851423,0.114600307672608,0.0846248377125343,129.4644403546297,119.0765007019043,108.68856104917889,5.622688646420693,33.04067224414063,47.46365599176553,-97505.0,-44.34459085818391,-91.43987246384576,124.16594241188795,-0.2946957050652048,
2025-01-14,115.01000213623048,119.9800033569336,114.5,117.27999877929688,251400,119.04100074768068,120.76019973754885,120.535534719661,122.25035724821238,44.60604257594542,-0.1276936729223337,0.0661415115536196,-0.1938351844759533,129.4483844433937,119.04100074768068,108.63361705196763,5.636068399389806,23.20748292484699,35.42580523198912,153895.0,-31.7594639170008,-77.78754245065007,124.1008057126814,-0.2699193419641381,
2025-01-15,117.6999969482422,120.0,116.0500030517578,119.5199966430664,137397,119.3395004272461,120.50339965820312,120.43881680760435,122.1432842833047,48.04148748557013,-0.2036821633990229,0.0121767765630911,-0.215858939962114,129.4376637963556,119.3395004272461,109.2413370581366,5.5156347243078345,20.337141319953613,25.52843216298042,291292.0,-16.72866640514395,-69.76116112564328,124.0722296500497,-0.2253397073499047,
2025-01-16,120.0,123.5,118.1500015258789,119.4499969482422,253277,119.56950035095215,120.29739959716797,120.3446434876651,122.03766517212576,47.94142650052363,-0.2664801624946733,-0.0435546112484617,-0.2229255512462115,129.45548132951026,119.56950035095215,109.68351937239404,5.5038035635802105,26.908730368679937,23.484451537826853,38015.0,7.412234279754455,-71.7251053176668,124.0375595394538,-0.2078757972772956,
2025-01-17,119.4499969482422,119.4499969482422,118.0,118.45999908447266,71188,119.6155002593994,120.10339950561524,120.16515354450392,121.8973645412374,46.46735327251801,-0.3916182516310584,-0.1131673393249811,-0.2784509123060773,129.4717967729228,119.6155002593994,109.75920374587602,5.214245948198923,27.40740583085217,24.88442583982858,-33173.0,-21.102310024227304,-76.29151606413336,124.02339387026711,-0.2395001703292045,
2025-01-20,118.0,120.0,115.0,118.27999877929688,128871,119.71700019836426,119.86499954223632,119.98561499543658,121.755507060377,46.18927126884627,-0.4995570267048634,-0.1904452768009575,-0.3091117499039059,129.47388322797602,119.71700019836426,109.9601171687525,5.198942666184714,24.95386761851103,26.423334606014382,-162044.0,-36.5174106078956,-77.12177576266672,123.99379518706556,-0.2367274047795493,
2025-01-21,118.27999877929688,120.8000030517578,114.9800033569336,116.6999969482422,172400,119.8939998626709,119.56679946899412,119.67269899094188,121.5572517618619,43.716201335973885,-0.7044715176108554,-0.2932505249629371,-0.4112209926479182,129.29043918487304,119.8939998626709,110.49756054046875,5.243303882516107,20.72570039635548,24.36232461523956,-334444.0,-44.66648822876854,-84.40960698413346,123.95295836518729,-0.2201756863427959,
2025-01-22,118.8000030517578,118.8000030517578,112.54000091552734,113.87999725341795,202520,119.91849975585936,119.29259948730468,119.12101311117767,121.2561829576092,39.63702489370293,-1.0819461340888807,-0.4509896467881258,-0.6309564873007549,129.249304222944,119.91849975585936,110.58769528877475,5.315925186352848,14.811587752420596,20.163718589095705,-536964.0,-86.01269681337561,-94.033853995938,123.887909478583,-0.2245627089321496,
2025-01-23,114.3000030517578,116.4800033569336,113.5,114.26000213623048,541849,119.98449974060058,119.06219955444335,118.65805968499224,120.98182292539826,40.44348730943022,-1.3350447046767755,-0.6278006583658557,-0.7072440463109197,129.1338342584617,119.98449974060058,110.83516522273946,5.149073627108615,9.738201179416356,15.091829776064149,4885.0,-93.6380816758953,-92.34193548167944,123.71218552821188,-0.235336493663889,
2025-01-24,114.37000274658205,115.0,110.9000015258789,114.0500030517578,132008,119.9254997253418,118.99179962158205,118.21919714849372,120.70998685192215,40.124454357012354,-1.5348791846146668,-0.809216363615618,-0.7256628209990488,129.21091846280544,119.9254997253418,110.64008098787816,5.074139687609507,10.035913681654105,11.528567537830355,-127123.0,-113.84178018064732,-83.51646947742022,123.66372761383732,-0.2310053805880515,
2025-01-27,112.86000061035156,115.77999877929688,107.41999816894533,113.18000030517578,466475,119.78699989318848,118.899599609375,117.7392736396063,120.41469326185369,38.76030464953969,-1.743355088172379,-0.9960441085269702,-0.7473109796454087,129.38292091909102,119.78699989318848,110.19107886728594,5.308844039233939,17.26467575119035,12.346263537420276,-593598.0,-125.76474385080456,-72.34756778732927,123.476768548498,-0.2036617808077489,
2025-01-28,114.0,114.56999969482422,107.0,110.25,431820,119.403999710083,118.72899963378906,117.02600948345332,120.0160778398202,34.50555826286733,-2.1205558336726824,-1.2209464535561128,-0.8996093801165697,129.8434055455007,119.403999710083,108.96459387466534,5.470355157490388,20.41374196438174,15.904777132408734,-1025418.0,-135.16747458762904,-82.89473684210526,123.28655514179208,-0.2149965928326641,
2025-01-29,111.75,120.0,109.62999725341795,118.43000030517578,428519,119.3229995727539,118.7927996826172,117.15972289504592,119.95387872081454,50.75726565322908,-1.7393819679546425,-1.3246335564358187,-0.4147484115188238,129.7662376248254,119.3229995727539,108.87976152068238,5.820329985282648,36.27573898651085,24.651385567360983,-596899.0,-50.52682950861064,-35.93047841103286,123.1815206917964,-0.1745517422852812,
2025-01-30,120.6999969482422,127.5,113.0,115.05999755859376,2771686,118.76399955749513,118.81219970703124,116.95974905347906,119.76196181249216,45.7234724159671,-1.689751586074351,-1.3976571623635252,-0.2920944237108258,128.85741132492865,118.76399955749513,108.6705877900616,6.440306414905316,40.16394866943158,32.284476540108066,-3368585.0,-10.607801302153613,-60.682938738567074,122.78296506453492,-0.3839118481258318,
2025-01-31,119.5999984741211,119.5999984741211,113.0500030517578,113.62000274658205,581956,118.02899932861328,118.82259979248047,116.64167797663173,119.52110067265257,43.72788400539085,-1.7464823364303328,-1.4674221971768868,-0.2790601392534459,127.3426851463621,118.02899932861328,108.71531351086446,6.448141344009456,45.226426391730136,40.5553713492242,-3950541.0,-55.1762432408756,-67.7073036752096,122.65317657722272,-0.4236824187986642,
2025-02-01,114.9000015258789,116.55999755859376,110.0999984741211,115.20999908447266,395123,117.50349922180176,118.78919982910156,116.50532760594992,119.35203786527296,46.50421482594754,-1.6441892582002424,-1.502775609381558,-0.1414136488186845,126.18677006389564,117.50349922180176,108.82022837970788,6.448988325471113,37.219511202680366,40.86996208794736,-3555418.0,-76.7220323465192,-59.95122397818217,122.55028063339968,-0.3506123566110674,
2025-02-03,114.0,115.0,112.5,113.58000183105467,198062,116.81149940490722,118.76039993286132,116.22672515119798,119.12568351098987,44.10200082910441,-1.6753361799940478,-1.5372877235040558,-0.1380484564899919,124.35438437102856,116.81149940490722,109.26861443878587,6.181917665399794,34.813014084730675,39.0863172263804,-3753480.0,-76.85726228062644,-67.90243009241617,122.49806050918352,-0.3416742352560268,
2025-02-04,113.0199966430664,115.9000015258789,111.5,112.37999725341795,228111,116.14149932861328,118.6867999267578,115.86037011331418,118.86114679500666,42.36689209041965,-1.776373749644037,-1.585104928732052,-0.191268820911985,122.69438871126356,116.14149932861328,109.588609945963,6.054637941148302,32.79674499015496,34.943090092522,-3981591.0,-80.78679230472324,-73.75611095893674,122.4357529598749,-0.3580548716157917,
2025-02-05,112.37999725341795,115.80999755859376,112.01000213623048,112.83000183105467,340231,115.58299942016602,118.60879989624024,115.57176361024185,118.62463130622425,43.26828273458011,-1.7993928621264956,-1.6279625154109407,-0.1714303467155549,121.1985730547226,115.58299942016602,109.96742578560944,5.893592046949372,28.926830756955013,32.178863277280215,-3641360.0,-67.38447228156427,-71.56096667778202,122.34725471797222,-0.356282936872873,
2025-02-06,113.8499984741211,114.66000366210938,112.01000213623048,112.33999633789062,134812,115.14649925231932,118.55359985351562,115.2639762509703,118.37817503295624,42.4890155725345,-1.836010635040353,-1.669572139336823,-0.1664384957035296,120.32863366340187,115.14649925231932,109.9643648412368,5.6619070097300535,26.910561662379298,29.54471246982976,-3776172.0,-76.61984876506308,-73.9512373761433,122.3105253256818,-0.3619757075080432,
2025-02-07,113.7699966430664,113.7699966430664,111.0,111.44000244140624,280801,115.0099994659424,118.3047999572754,114.89978826910706,118.10608983328764,41.02746223176197,-1.915570960147804,-1.7187719034990192,-0.1967990566487845,120.42635443367595,115.0099994659424,109.59364449820882,5.455341983539793,25.38211481357976,27.073169077638024,-4056973.0,-94.53472909339662,-78.34145150533537,122.2273612794348,-0.3509961581358142,
2025-02-10,112.3499984741211,113.8000030517578,110.0,110.23999786376952,225045,114.65799942016602,118.06739990234377,114.45599870669396,117.79761563840457,39.09637236364617,-2.0518015405973244,-1.7853778309186803,-0.2664237096786441,120.3466977500133,114.65799942016602,108.96930109031874,5.3371034884125095,21.17072624888844,24.487800908282495,-4282018.0,-104.95559320151128,-84.19513237185595,122.15700170204951,-0.3767946008759786,
2025-02-11,110.23999786376952,110.25,105.43000030517578,106.26000213623048,314182,113.99499969482422,117.7415998840332,113.67542760474504,117.34516020694676,33.469562358546575,-2.452645084279169,-1.918831281590778,-0.533813802688391,120.31801182686188,113.99499969482422,107.67198756278655,5.300167503156203,13.741395228568956,20.09807876367905,-4596200.0,-194.7100633078047,-96.23923043710174,122.02419601818566,-0.4061200967766038,
2025-02-12,106.5,107.5500030517578,99.62000274658205,103.75,365553,113.2099998474121,117.358399810791,112.73014878524552,116.81201666941944,30.48933179854259,-2.9389740130251454,-2.122859827877652,-0.816114185147494,120.4595645324522,113.2099998474121,105.96043516237202,5.488012703300458,11.459705056366412,15.457275511274604,-4961753.0,-259.3549249478308,-85.18652202194299,121.83479098284884,-0.3834124358239462,
2025-02-13,103.6999969482422,105.73999786376952,101.91999816894533,103.58999633789062,121804,112.466499710083,116.96999969482422,111.85965807597364,116.293506068183,30.30408889634635,-3.2992721950539448,-2.35814230131291,-0.9411298937410346,120.42523160734837,112.466499710083,104.50776781281768,5.368868916980726,10.937941411798844,12.04634723224474,-5083557.0,-208.9518386935956,-85.76042330555865,121.77292052194852,-0.3798526946966873,
2025-02-14,104.48999786376952,104.94000244140624,98.05999755859376,102.58000183105467,523021,111.6814998626709,116.53619979858398,110.97588129074325,115.75572158829564,29.102123083110705,-3.624527914339168,-2.6114194239181616,-1.0131084904210068,120.26437398196558,111.6814998626709,103.09862574337625,5.476807200254425,14.80210959375978,12.399918687308348,-5606578.0,-201.26948030851548,-84.64672589121895,121.4846309995952,-0.348945246661077,
2025-02-17,101.6500015258789,101.6500015258789,94.55999755859376,95.41999816894533,410051,110.61749992370603,115.9647998046875,109.49436861247678,114.9582422385172,22.337969094086247,-4.409221115721337,-2.970979762278797,-1.4382413534425402,121.4335791363706,110.61749992370603,99.80142071104147,5.658464133983462,10.734553330492348,12.158201445350327,-6016629.0,-220.5036644064743,-97.38919081174528,121.21219553222409,-0.3662262105169291,
2025-02-18,95.06999969482422,96.88999938964844,88.0,93.0199966430664,987934,109.57449989318847,115.26619979858398,107.92538080586628,114.09791888183284,20.608847718069264,-5.165214815555586,-3.4098267729341547,-1.7553880426214317,122.70621036277836,109.57449989318847,96.44278942359858,5.889288080816675,11.283383130096851,12.273348684782995,-7004563.0,-217.15981721957837,-84.11393390674513,120.4598659540515,-0.3124502604165119,
2025-02-19,89.70999908447266,95.76000213623048,89.01000213623047,94.04000091552734,271779,108.56349983215333,114.64779983520508,106.60296367345305,113.31133386354637,23.325342016614645,-5.617286862744436,-3.8513187908962103,-1.7659680718482251,123.13150178187044,108.56349983215333,93.9954978824362,5.950767503615484,13.215113226244618,11.744349895611274,-6732784.0,-169.77874859152166,-78.85153560277564,120.26195649421544,-0.2797352129773074,
2025-02-20,94.6500015258789,98.19000244140624,93.7300033569336,95.97000122070312,557146,107.65949974060058,114.12179992675782,105.59030058271496,112.6312816030427,28.32289297372498,-5.753499560696099,-4.231754944856188,-1.5217446158399106,122.97800861334775,107.65949974060058,92.3409908678534,5.844284045105281,21.866947182388877,15.455147846243449,-6175638.0,-117.03965242667486,-71.43368894331252,119.90897877560316,-0.2746933783823611,
2025-02-21,97.0,97.75,93.6999969482422,94.69000244140624,153284,106.73499984741213,113.62580001831054,104.55217695020936,111.92770202807657,27.06304288603778,-5.896760129112735,-4.564755981707497,-1.3320041474052378,122.8217739372186,106.73499984741213,90.64822575760562,5.716121117009033,24.564425838906484,19.88216208251333,-6328922.0,-106.39726758964376,-76.02149793719232,119.81133587014294,-0.3097414569258083,
2025-02-24,94.5,94.69000244140624,89.0999984741211,90.5,359396,105.74749984741212,113.07600006103516,103.21387438352276,111.08739998775982,23.39456695640905,-6.276046978564295,-4.907014181078857,-1.3690327974854384,123.21540396928724,105.74749984741212,88.27959572553699,5.707112749171613,20.511462001682343,22.31427834099257,-6688318.0,-121.8489624725636,-91.01042711444804,119.5488923577252,-0.3243315602748704,
2025-02-25,89.1500015258789,92.0,88.87999725341797,90.19000244140624,136738,104.33549995422364,112.60880004882812,101.9735056271307,110.26789420162832,23.144597263288038,-6.526416287184077,-5.230894602299901,-1.295521684884176,122.0383438261248,104.33549995422364,86.63265608232247,5.522319177558072,13.727545538650498,19.601144459746443,-6825056.0,-115.85349868785448,-91.78543833240803,119.44654869429397,-0.3687180322760222,
2025-02-27,92.9000015258789,92.9000015258789,86.13999938964844,87.47000122070312,367654,102.9560001373291,112.06120010375976,100.59221949318524,109.3738591827685,21.022114143183057,-6.865179617387483,-5.557751605317417,-1.3074280120700656,121.38599313533412,102.9560001373291,84.52600713932407,5.610725103177529,7.337509366552943,13.858838968961932,-7192710.0,-115.68122307971387,-95.19160645348498,119.16070354481076,-0.2429032067591012,
2025-02-28,86.94999694824219,86.94999694824219,79.83000183105469,81.55000305175781,473643,101.3525001525879,111.34140014648438,98.77867507019214,108.28272756978768,17.30290361643237,-7.524607383959719,-5.951122761045878,-1.573484622913841,121.30942739647278,101.3525001525879,81.395572908703,5.75567326649688,6.028749921624415,9.031268275609287,-7666353.0,-143.3841142059562,-94.93670544923364,118.72819139124566,-0.2122860013642753,
2025-03-03,83.13999938964844,83.1500015258789,75.0,77.61000061035156,650761,99.47250022888184,110.5686001586914,96.7626108359216,107.07987553216272,15.355730933479157,-8.269804747580508,-6.414859158352804,-1.8549455892277047,120.88456569997444,99.47250022888184,78.06043475778925,5.926696713595596,5.758648382641337,6.374969223606235,-8317114.0,-152.2332107896096,-92.59574294935727,118.08310809770175,-0.2699852398969823,
2025-03-04,76.5,86.94000244140625,75.20999908447266,83.88999938964844,630066,97.98800010681153,109.9832000732422,95.53664784103844,106.17046862461316,29.059167981689853,-8.258437483150544,-6.783574823312351,-1.4748626598381929,119.39874814321912,97.98800010681153,76.57725207040394,6.341218616691167,13.259791707543627,8.349063337269795,-7687048.0,-115.90634779033324,-72.68817647877809,117.530490566112,-0.2107738624131022,
2025-03-05,85.1500015258789,91.8000030517578,84.41000366210938,88.33999633789062,776937,96.78600006103515,109.48220001220704,94.85125245978628,105.4712344172907,36.85968728144962,-7.800432747533392,-6.98694640815656,-0.8134863393768326,117.51838521107962,96.78600006103515,76.05361491099069,6.453274691363896,26.037432696513772,15.018624262232915,-6910111.0,-66.75943828784727,-56.60378248232321,116.98634034937513,-0.1734068971166234,
2025-03-06,88.5999984741211,92.36000061035156,88.5999984741211,90.41000366210938,440834,95.6650001525879,109.0316000366211,94.42827638381704,104.88059791708751,40.1561172495243,-7.187574518579055,-7.027072030241059,-0.1605024883379959,115.19584494454142,95.6650001525879,76.13415536063437,6.279469661442256,40.72588498393815,26.67436979599852,-6469277.0,-44.80584059753405,-48.53038608708415,116.71013711057942,-0.1496425579917789,
2025-03-07,91.4000015258789,94.98999786376952,90.61000061035156,93.3499984741211,481832,94.71550025939942,108.59399993896484,94.32558324956028,104.42841754677512,44.58150394849231,-6.390975755692764,-6.8998527753314,0.5088770196386356,112.69628013951024,94.71550025939942,76.7347203792886,6.1580785571721055,54.57378549058421,40.44570105701205,-5987445.0,-18.13112962307269,-31.14447495883992,116.44317931598286,-0.1174944722535229,
2025-03-10,94.0,94.98999786376952,88.36000061035156,89.33000183105469,519187,93.61000022888184,108.06160003662109,93.849813590655,103.83632281282529,40.20365466077113,-6.014711776175261,-6.722824575500172,0.708112799324911,109.98922022997672,93.61000022888184,77.23078022778694,6.1917870354753815,60.70633900512473,52.00200315988237,-6506632.0,-31.10127359243369,-38.206121938701656,116.13713363649498,-0.1343381423066879,
2025-03-11,89.0999984741211,93.01000213623048,87.05000305175781,90.0199966430664,546396,92.59900016784668,107.50379989624024,93.48506911945609,103.29450610028572,41.269693859432536,-5.596332014897925,-6.4975260633797225,0.9011940484817976,107.14054837402335,92.59900016784668,78.05745196167001,6.175230753260901,65.13955963956496,60.13989471175797,-5960236.0,-34.188546317263025,-35.23072418376344,115.81207946191056,-0.1081554380625541,
2025-03-12,90.4800033569336,92.19000244140624,88.5,89.05999755859375,232007,91.73899993896484,106.88399978637696,93.06363373270727,102.7362900790429,40.19597452869972,-5.281346863770793,-6.254290223457937,0.972943359687144,104.91771518725383,91.73899993896484,78.56028469067583,5.997714445271283,62.3975728943224,62.74782384633736,-6192243.0,-28.56379767761266,-39.370435194567634,115.67591371879747,-0.1042133609412842,
2025-03-13,90.01000213623047,90.73999786376952,86.19999694824219,86.9800033569336,334643,90.90050010681152,106.09879989624024,92.48424036358595,102.11839648209744,37.89547140434404,-5.140302800042704,-6.03149273877489,0.891189938732186,103.00599443466584,90.90050010681152,78.79500577895719,5.8935920502895724,59.35273201225385,62.2966215153804,-6526886.0,-49.84062802627491,-47.34064458490728,115.46738568726823,-0.1307409100312037,
2025-03-17,87.77999877929688,90.0199966430664,85.19999694824219,85.62999725341797,337769,90.00250015258788,105.24499969482422,91.83145530547472,101.47179259077669,36.43782882041652,-5.078912037002937,-5.840976598420499,0.7620645614175627,100.80381277635688,90.00250015258788,79.20118752881888,5.816906882042047,55.488500152534975,59.07960168637041,-6864655.0,-59.87132683614984,-46.82341976292007,115.25235282247549,-0.1561962844369762,
2025-03-18,85.62999725341797,85.62999725341797,85.62999725341797,85.62999725341797,0,89.15499992370606,104.44319961547852,91.2408402528979,100.85054571480184,36.43782882041653,-4.972934521379159,-5.667368183012231,0.694433661633072,98.42756022120987,89.15499992370606,79.88243962620223,5.4014135333247575,53.00417196308416,55.948468042624334,-6864655.0,-73.7340619527013,-46.82341976292007,115.25235282247549,-0.1845646219066107,
2025-03-19,89.97000122070312,91.5,88.55000305175781,89.37999725341797,500797,88.85299987792969,103.68239959716796,91.06361711009028,100.40072028494365,43.44581711735096,-4.534086786672447,-5.440711903744274,0.9066251170718278,97.67204985609364,88.85299987792969,80.03394989976573,5.434884191414563,59.42970746860171,55.97412652807362,-6363858.0,12.761425261628885,-28.064038068354648,114.97105532630948,-0.1721966286491066,
2025-03-20,90.0,91.0199966430664,87.06999969482422,90.11000061035156,972690,88.70750007629394,102.96899963378908,90.97279649106756,99.9971626506459,44.72347233002126,-4.080355823181918,-5.168640687631803,1.0882848644498848,97.34081922412967,88.70750007629394,80.0741809284582,5.32882081690225,66.9001157322152,59.777998387967024,-5391168.0,7.996079963680208,-24.412194972079615,114.43347606535654,-0.1271242304038666,
2025-03-21,90.87999725341795,91.0,88.80999755859375,89.95999908447266,378099,88.50349998474121,102.28819961547852,90.87633959520136,99.60354839314893,44.50100091276159,-3.690334753301528,-4.872979500765748,1.18264474746422,96.80978513948894,88.50349998474121,80.19721482999348,5.104619504366822,74.12039636216383,66.81673985432691,-5769267.0,23.27169993711503,-25.162577873074188,114.23480429081047,-0.1385102690418665,
2025-03-24,90.79000091552734,99.79000091552734,90.79000091552734,95.75,1085708,88.49249992370605,101.78179962158202,91.34049772899172,99.45242884831954,54.010634132855,-2.880827178187346,-4.474549036250068,1.5937218580627217,96.75969493891654,88.49249992370605,80.22530490849556,5.442146813415954,77.99636590736148,73.00562600058016,-4683559.0,147.3475390264723,-16.4361294327617,113.80737327365227,-0.119136416323348,
2025-03-25,96.0,96.75,88.2699966430664,90.23999786376952,1435729,88.26999969482422,101.30319961547852,91.23568821801818,99.09115704500384,45.942848461412574,-2.653311987148328,-4.110301626429719,1.4569896392813917,96.08520476768238,88.26999969482422,80.45479462196606,5.659136566524357,65.43587789152869,72.51754672035133,-6119288.0,72.04731876869978,-62.093659019577984,113.16337852341078,-0.1695567990761386,
2025-03-26,91.1500015258789,92.04000091552734,87.41000366210938,88.29000091552734,1337908,88.15949974060058,100.72339965820312,90.95514657016192,98.6675822948283,43.46819963965034,-2.6003774830641646,-3.808316797756608,1.2079393146924438,95.90766656307235,88.15949974060058,80.41133291812879,5.585626615588187,47.54970754366232,63.6606504475175,-7457196.0,16.519193006042787,-78.82108891667333,112.52981582708438,-0.2111432312802857,
2025-03-27,88.0,92.41000366210938,86.5999984741211,90.2699966430664,677310,88.16349945068359,100.13839965820311,90.88989419615282,98.33826521044548,46.61267929700229,-2.3713222724473724,-3.520917892694761,1.1495956202473887,95.91593624885206,88.16349945068359,80.41106265251511,5.601653656473908,31.278356390908865,48.08798060869996,-6779886.0,29.77186005692524,-65.25018289102205,112.2284989450494,-0.1853293827163368,
2025-03-28,91.5999984741211,98.6999969482422,91.5999984741211,97.76000213623048,1568579,88.67799949645996,99.7045997619629,91.54419019044592,98.31558822714294,56.47533692419683,-1.5673461305157304,-3.1302035402589548,1.5628574097432244,97.473670017854,88.67799949645996,79.88232897506593,5.80367841709547,47.33836695442914,42.05547696300011,-5211307.0,157.98759013350474,-13.913627329017158,111.74653352956264,-0.0658462608710559,
2025-04-01,97.98999786376952,97.98999786376952,94.0999984741211,95.19000244140624,334879,89.35999946594238,99.23919982910157,91.8914104048231,98.19301623554544,52.866463037520816,-1.1246030191249048,-2.7290834360321448,1.60448041690724,97.9520244830899,89.35999946594238,80.76797444879486,5.66698705799211,63.10258822389241,47.23977052307681,-5546186.0,146.5628841696549,-31.528425108283518,111.645687085513,-0.0591661782432715,
2025-04-02,96.5999984741211,96.5999984741211,93.2300033569336,93.87999725341795,188405,90.1734992980957,98.75119979858398,92.0807996284988,98.02387823624632,51.07484845313245,-0.8694103625855689,-2.3571488213428298,1.4877384587572609,97.07634996764595,90.1734992980957,83.27064862854546,5.502916205077495,71.35024558904503,60.59706692245553,-5734591.0,112.04311374982504,-40.50721079556418,111.58529912237664,-0.0520555976067914,
2025-04-03,93.87999725341795,96.98999786376952,93.12000274658205,96.41000366210938,260761,90.79949951171876,98.34539993286133,92.49310477455695,97.96058903726056,54.29628184149008,-0.4577414126082999,-1.977267339595924,1.5195259269876238,97.57918721933954,90.79949951171876,84.01981180409796,5.386278984513924,68.26594559582556,67.57292646958767,-5473830.0,120.07357406828768,-23.1665273086756,111.5069830442458,-0.0632585246433445,
2025-04-04,96.4000015258789,97.19000244140624,92.01000213623048,94.5199966430664,587085,91.10849952697754,97.9581999206543,92.68614209536736,97.82566384533138,51.56480910857956,-0.2807621238305842,-1.637966296442856,1.3572041726122717,97.97441752704162,91.10849952697754,84.24258152691345,5.371544793132628,66.73520395508261,68.78379837998439,-6060915.0,83.25848111020983,-36.12065003051234,111.32329787629868,-0.0697685257400642,
2025-04-07,88.44999694824219,89.37999725341797,82.80999755859375,86.2699966430664,783241,90.9014991760254,97.39839981079102,92.07508062371966,97.37250042563473,41.70276676292172,-0.7970232266533941,-1.4697776824849635,0.6727544558315695,98.08161589786904,90.9014991760254,83.72138245418176,5.824291528228344,53.69657575233487,62.89924176774768,-6844156.0,-119.43800233294162,-79.62309540380743,110.9642431096361,-0.0632392642295419,
2025-04-08,87.8499984741211,91.29000091552734,87.12999725341797,88.8499984741211,249238,90.6764991760254,96.89439971923828,91.76792994280552,97.03828466283024,45.230555228293504,-0.9866063010127276,-1.3731434061905163,0.3865371051777886,97.81752693137943,90.6764991760254,83.53547142067134,5.766842438530673,39.94250441043642,53.4580947059513,-6594918.0,-44.87494746178066,-64.42874133437095,110.86539622717152,-0.0777443856881732,
2025-04-09,89.63999938964844,89.63999938964844,86.41000366210938,88.12999725341797,223382,90.61649894714355,96.39339965820312,91.42146016286384,96.68894005853956,44.42265632541657,-1.1813326668943631,-1.3347812583312857,0.1534485914369225,97.82164992968602,90.61649894714355,83.41134796460109,5.585639102031272,29.093044297058665,40.91070815327665,-6818300.0,-64.31258964041271,-68.66903037064561,110.7734050701046,-0.0479309695743572,
2025-04-11,92.48999786376952,93.0,89.5999984741211,91.66999816894533,195250,90.6989990234375,96.02179962158203,91.44513044915732,96.49211880796724,49.22476381094875,-1.0380403430057754,-1.2754330752661835,0.2373927322604081,97.91272099986548,90.6989990234375,83.48527704700952,5.534522219499183,39.69375191053091,36.24310020600866,-6623050.0,13.566198784985572,-47.82097256339069,110.7054212736892,-0.0455772775853213,
2025-04-15,92.01000213623048,96.86000061035156,92.01000213623048,96.0,248523,91.0459991455078,95.57319961547852,91.87892754923756,96.4728200311842,54.41326551156364,-0.5685315062225413,-1.1340527614574551,0.5655212552349138,98.57188816439994,91.0459991455078,83.52011012661568,5.509913663921116,53.72987305762378,40.83888975507112,-6374527.0,85.40064478626327,-22.320377893092346,110.63530695399528,-0.0179937162708444,
2025-04-16,96.98999786376952,97.61000061035156,95.0500030517578,95.48999786376952,210013,91.47149887084962,95.18179962158204,92.22283900776442,96.43427798540324,53.71700715973644,-0.2348876420464023,-0.9542197375752446,0.7193320955288423,98.99201521154384,91.47149887084962,83.95098253015539,5.299205370683447,69.88575667021765,54.4364605461241,-6584540.0,97.45745106701489,-20.201379532864014,110.58064000287538,-0.0111178865652324,
2025-04-17,95.83000183105467,101.9000015258789,95.0,100.77999877929688,895610,92.22899894714357,94.92499954223632,93.03780660505322,96.60469840869318,59.50508723480654,0.4511854031142519,-0.6731387094373453,1.1243241125515973,100.2768524776286,92.22899894714357,84.1811454166585,5.413547953197408,83.87042778690746,69.16201917158295,-5688930.0,143.41214660351878,-5.866959213321263,110.40201464932107,0.0621163149007994,
2025-04-21,102.27999877929688,105.04000091552734,101.2300033569336,102.54000091552734,566554,93.07449913024902,94.67159957885742,93.94277749176504,96.8374553697455,61.24176490458253,1.1239643365079246,-0.3137181002482913,1.437682436756216,101.70366200142333,93.07449913024902,84.44533625907474,5.331151823414055,87.56186635814343,80.43935027175617,-5122376.0,188.45080234840992,-11.246062179384438,110.32845040770675,0.0454114407337298,
2025-04-22,102.54000091552734,103.18000030517578,99.01000213623048,100.43000030517578,327570,93.62699928283692,94.40859954833984,94.5606082358994,96.9783394848604,58.0287268868742,1.4699424910588732,0.0430140180131415,1.4269284730457317,102.64543799838536,93.62699928283692,84.60856056728849,5.248212276666288,87.38307906762958,86.27179107089349,-5449946.0,132.13748211763246,-20.737741404405558,110.2748856503647,0.0551814057480608,
2025-04-23,100.43000030517578,102.69000244140624,99.3000030517578,101.37000274658205,262567,94.18999938964843,94.18839965820312,95.20912199882154,97.15056157355538,59.05924376867513,1.799242465123399,0.394259707435193,1.404982757688206,103.65474053668912,94.18999938964843,84.72525824260775,5.115482784736441,83.83566179124519,86.26020240567273,-5187379.0,124.17560797023842,-16.50921104247441,110.23350155789268,0.01902492679389,
2025-04-24,101.37000274658205,103.3000030517578,100.9000015258789,102.12000274658205,456660,94.79799957275392,93.97419967651368,95.86730111765588,97.34544161955642,59.90512387102409,2.096565892494496,0.7347209444470537,1.3618449480474424,104.65198750768148,94.79799957275392,84.94401163782634,4.921519837675189,83.20588505482031,84.80820863789836,-4730719.0,129.54742705422797,-13.135392388659076,110.17010674799464,0.0179425529902384,
2025-04-25,102.8499984741211,102.9000015258789,95.5999984741211,99.37999725341795,717467,94.9794994354248,93.7149996948242,96.20184360677608,97.42522811500196,55.401622627918144,2.087043172119777,1.0051853899815986,1.081857782138179,105.02872771462788,94.9794994354248,84.9302711562217,5.091411495823948,81.63143177367208,82.89099287324586,-5448186.0,73.39836888338799,-25.461101247850262,110.03841723131046,0.0111042732307183,
2025-04-28,99.37999725341795,101.5500030517578,97.0500030517578,100.25,414885,95.47999954223631,93.49119964599608,96.58738231089264,97.53600348304111,56.519350831212186,2.1252003120422103,1.2291883743937209,0.8960119376484894,105.53226534605147,95.47999954223631,85.42773373842118,5.049167817550809,79.95201570311968,81.59644417720403,-5033301.0,71.62045169443465,-21.54745925413156,109.96595904488424,0.1020214404241966,
2025-04-29,100.7300033569336,102.04000091552734,100.0,101.0500030517578,446432,96.11799964904785,93.30739974975586,97.01239381002266,97.67380738769668,57.57233534108403,2.1946946074260154,1.42228962100018,0.7724049864258355,105.87943617315592,96.11799964904785,86.35656312493978,4.834227324549133,78.34757795646429,79.97700847775202,-4586869.0,87.11496686362699,-17.94870562862529,109.899603291461,0.1991061203528306,
2025-04-30,101.7699966430664,101.7699966430664,96.1500015258789,97.01000213623048,413999,96.45499992370604,93.12239974975586,97.01216603156624,97.6477758092078,50.87223530586829,1.9018516648792456,1.518202029775993,0.3836496351032525,105.84385886020826,96.45499992370604,87.06614098720385,4.890353595451873,72.46710416747071,76.92223260901824,-5000868.0,35.12356691943091,-43.10252261483101,109.82034045314738,0.1549157424339229,
2025-05-02,96.01000213623048,98.02999877929688,94.11000061035156,94.97000122070312,430836,96.31549987792968,92.94679977416992,96.8176741448174,97.54276504103116,47.8444007432971,1.4880076720170052,1.5121631582241954,-0.0241554862071902,105.70556213294694,96.31549987792968,86.92543762291243,4.821042493558546,61.63205403260084,70.81557871884529,-5431704.0,-10.88348822856444,-54.05260965874119,109.72057588468992,0.0065257055375503,
2025-05-05,94.0,99.47000122070312,93.5,98.77999877929688,479859,96.49499969482422,92.85059982299803,97.004562205244,97.59128401115922,53.42043884082352,1.4507450022604331,1.499879527031443,-0.0491345247710097,105.9292877170909,96.49499969482422,87.06071167255753,4.903110974068873,54.1002729502913,62.73314371678763,-4951845.0,15.108125414191136,-40.54404887555392,109.623185321336,0.0681646009984147,
2025-05-06,99.5,103.3499984741211,96.80999755859376,99.61000061035156,836911,96.7814998626709,92.791199798584,97.25269919620662,97.67044936799029,54.56016514955152,1.4712288685778816,1.4941493953407303,-0.0229205267628489,106.22874600582892,96.7814998626709,87.33425371951287,5.02003168417305,54.57675768508856,56.76969488932692,-4114934.0,56.61555204538308,-41.673068410439214,109.49284291562287,0.0627501242787196,
2025-05-07,98.01000213623048,108.4499969482422,98.0,106.23999786376952,1795104,97.2729995727539,93.00759979248046,98.10863240264118,98.00651009331496,62.46150916380567,1.999400010625436,1.5951995183976715,0.4042004922277644,107.57587328989304,97.2729995727539,86.97012585561477,5.407886345892274,67.66675904156533,58.78126322564841,-2319830.0,116.67561635389288,-14.782605589310885,109.34540437252627,0.1345593350352253,
2025-05-08,107.9000015258789,112.0999984741211,96.3000030517578,97.56999969482422,5417983,97.4254997253418,93.09859985351562,98.05733404951576,97.9893920384722,50.17469457516482,1.6988003390872848,1.6159196825355944,0.0828806565516904,107.65086125604036,97.4254997253418,87.20013819464322,6.150179851354489,55.1420155282424,59.12851075163211,-7737813.0,73.45122986532046,-78.11827941552271,108.77195706988746,-0.2023435917458162,
2025-05-09,93.97000122070312,99.0500030517578,93.97000122070312,94.77999877929688,859916,97.85099983215332,93.113399810791,97.74520688092348,97.86353347928883,46.97254961304984,1.221364052294959,1.5370085564874674,-0.3156445041925084,106.81450931880391,97.85099983215332,88.88749034550273,6.073738564190217,37.99360980896856,53.60079479292545,-8597729.0,-38.33009770064383,-93.11828556826072,108.61503541194872,-0.2419520830711468,
2025-05-12,97.0,102.5,97.0,98.70999908447266,705785,98.3439998626709,93.1681997680664,97.83709185269008,97.8967282089039,51.65310865052295,1.1468899026307326,1.4589848257161204,-0.3120949230853878,106.30115243444878,98.3439998626709,90.38684729089302,6.191328753941138,18.92472836003416,37.35345123241506,-7891944.0,20.639439079396094,-71.98924993611408,108.52354287360498,-0.2490764609692832,
2025-05-13,99.0,99.91000366210938,97.16999816894533,98.54000091552734,490773,98.86450004577635,93.24519973754884,97.9040355729603,97.9219545895558,51.441590465297615,1.061910131979289,1.379569886968754,-0.3176597549894651,105.29684866119509,98.86450004577635,92.43215143035764,5.944805663885632,20.663081944762904,25.860473371255225,-8382717.0,-12.76842849321233,-72.90321866133648,108.4550651133907,-0.2458563370905254,
2025-05-14,98.7699966430664,101.83999633789062,98.66000366210938,99.69000244140624,570476,99.26550025939942,93.42899978637696,98.07412765566944,97.99128979943228,52.84824662124559,1.0749670130833948,1.3186493121916822,-0.2436822991082874,104.78963126932888,99.26550025939942,93.74136924946995,5.755890646634036,29.462372383667788,23.016727562821632,-7812241.0,21.60279067947975,-66.72041425154609,108.38868709698262,-0.2549913631684547,
2025-05-15,100.0,101.23999786376952,98.81999969482422,99.52999877929688,421243,99.44200019836424,93.61579971313476,98.21278204839584,98.05163132805444,52.61985020007938,1.0601826020071456,1.266955970154775,-0.2067733681476293,104.75920886510175,99.44200019836424,94.12479153162676,5.517612612513413,30.9319060074924,27.019120111974377,-8233484.0,7.2839196805923105,-67.58064906464026,108.33918184388992,-0.2723598517366467,
2025-05-16,98.5500030517578,100.7300033569336,98.25,98.63999938964844,547765,99.5995002746582,93.83919967651369,98.25346941422944,98.07470458537183,51.291988879922656,0.9655204186334884,1.2066688598505175,-0.2411484412170292,104.61731448788004,99.5995002746582,94.58168606143634,5.3006405228291404,31.111114757178097,30.501797716112776,-8781249.0,-26.29877390325236,-72.36559241227938,108.27073967762136,-0.2808994990567061,
2025-05-19,98.62999725341795,100.0,98.37000274658205,98.91000366210938,2542246,99.50600051879884,94.1863996887207,98.3159964854561,98.10746141191056,51.6902823834436,0.9018906110170092,1.145713210083816,-0.2438225990668068,104.50198454928542,99.50600051879884,94.51001648831225,5.038451717871199,29.713267367778005,30.58542937748285,-6239003.0,-30.662687903308758,-70.91395641974636,107.96225925701518,-0.334367934553536,
2025-05-20,99.91000366210938,104.8000030517578,99.08000183105467,100.58000183105467,1390573,99.4080005645752,94.64579971313476,98.53161604217978,98.20442378128875,54.18564925242963,0.9749794691135064,1.1115664618897545,-0.1365869927762477,104.23615803415352,99.4080005645752,94.57984309499686,5.099276551569574,31.594993421355777,30.80645851543731,-4848430.0,76.24809953248061,-61.93547090390695,107.84534944270987,-0.3450581861684522,
2025-05-21,100.5999984741211,102.5,99.3000030517578,101.38999938964844,2872715,99.45600051879885,94.99579971313476,98.803843027653,98.32934831494993,55.38927531270994,1.085747132192452,1.106402595950294,-0.0206554637578417,104.34257966408788,99.45600051879885,94.56942137350975,4.963613722760475,36.52330923784394,32.610523342325926,-1975715.0,56.86831827476298,-57.5806449628149,107.601497554182,-0.2606851867539712,
2025-05-22,101.18000030517578,102.0,99.4000015258789,101.47000122070312,2030743,99.46100044250488,95.25839981079102,99.05776285556252,98.45251117399908,55.51358881960618,1.1665396395641636,1.1184300046730675,0.0481096348910958,104.3556009988416,99.46100044250488,94.56639988616816,4.794784062143377,41.111118859003454,36.40980717273441,55028.0,52.84884903262695,-57.15052755626782,107.4367901947706,-0.193339814221395,
2025-05-23,102.0,113.0999984741211,100.4000015258789,111.80999755859376,5540593,99.94550018310548,95.6863996887207,100.27226139870837,98.97633416947338,67.94622789188084,2.041387726259032,1.3030215489902606,0.7383661772687713,107.16378543069318,99.94550018310548,92.72721493551776,5.359442125436148,59.50849555037593,45.71430788240779,5595621.0,298.1983569839964,-6.7433408297895,107.50012700843568,-0.0069925319533955,
2025-05-26,113.5,116.4000015258789,111.62000274658205,112.52999877929688,2984382,100.6030002593994,96.06999969482422,101.4396649587644,99.50785042868216,68.60419637234656,2.760982333426384,1.5946137058774852,1.1663686275488985,109.65752281915084,100.6030002593994,91.54847769964798,5.318053314997629,72.95081383129649,57.85680941355864,8580003.0,320.8422652858286,-17.253690120053268,107.69863789061026,-0.066549560840509,
2025-05-27,112.5999984741211,116.12999725341795,111.6999969482422,112.48999786376952,2453620,101.21500015258788,96.53319961547852,102.49207761638397,100.01695424966596,68.52004427169064,3.2901121397014634,1.933713392642281,1.3563987470591825,111.64195674982308,101.21500015258788,90.7880435553527,5.254620957153212,86.19031408684681,72.88320782283976,6126383.0,232.83137156288785,-17.432026789616813,107.8502665334703,-0.1152379174335783,
2025-05-28,113.25,117.1999969482422,112.08999633789062,113.66000366210938,1327318,101.84550018310549,97.00599975585938,103.55568962073876,100.551975795252,69.69112507429739,3.760512169673987,2.299073148048622,1.461439021625365,113.59715880597396,101.84550018310549,90.093841560237,5.2442909323816655,83.35846466447877,80.83319752754072,7453701.0,187.7146419697052,-15.238889096893656,107.94134924138574,-0.1276473817852327,
2025-05-29,114.5,117.0,112.1500015258789,115.72000122070312,824134,102.7810001373291,97.53919982910156,104.71419548740204,101.14680032174029,71.68815380973275,4.250534651737723,2.6893654487864422,1.5611692029512811,115.75885771349428,102.7810001373291,89.80314256116394,5.216127185363054,86.66745716137343,85.40541197089969,8277835.0,156.4461872277655,-7.326712629369245,108.00217141645902,-0.1065375381445741,
2025-05-30,117.0,119.5,116.5500030517578,118.45999908447266,1563602,103.95550003051758,98.16879974365234,106.023319639504,101.82574929282782,74.12979873852763,4.8045915866269695,3.112410676354548,1.692180910272422,118.0930687059518,103.95550003051758,89.81793135508337,5.113546584929756,90.92566100056423,86.98386094213883,9841437.0,160.6454310683978,-4.657415272044438,108.16671674121368,-0.083438717590421,
2025-06-02,122.0,122.36000061035156,116.80999755859376,118.16000366210938,1186146,104.9245002746582,98.81939987182618,107.17919430832356,102.4663082877016,73.3835865504058,5.159997338541103,3.5219280087918587,1.6380693297492446,120.12684957349197,104.9245002746582,89.72215097582445,5.144722046846046,90.19857586209196,89.26389800800989,8655291.0,141.402868474665,-17.420144512310507,108.29943106758066,-0.1087152086646896,
2025-06-03,118.7300033569336,122.0,116.23999786376952,117.4499969482422,1472598,105.81650009155274,99.45579986572264,108.1573659883158,103.0539039214483,71.54789837821852,5.3230070377831,3.882143814590107,1.4408632231929928,121.74313192499424,105.81650009155274,89.88986825811124,5.188670624659219,85.85247725450132,88.99223803905251,7182693.0,115.9297342106551,-20.365008452141137,108.45167448851014,-0.1266759093653834,
2025-06-04,117.5,118.45999908447266,113.75,114.61000061035156,667680,106.23500022888184,99.96039993286132,108.77190261898588,103.50708418375822,64.58816026119455,5.163507726328632,4.138416596937812,1.0250911293908196,122.61749980313589,106.23500022888184,89.85250065462778,5.154479800360178,76.6901698001717,84.24707430558834,6515013.0,78.31045707775499,-32.14433763503332,108.49947234751396,-0.1713510074748798,
2025-06-05,114.69000244140624,119.6999969482422,114.69000244140624,115.25,1740356,107.11900024414062,100.46319992065428,109.38886427432055,103.96759068635592,65.40485110013684,5.030754567795484,4.316884191109347,0.7138703766861365,123.44376871159912,107.11900024414062,90.79423177668212,5.1498738387552105,72.61776661138407,78.38680455535238,8255369.0,77.53629523541659,-29.637354078673408,108.63719845955316,-0.0916579412002419,
2025-06-06,116.3499984741211,121.01000213623048,115.25,120.1500015258789,3199157,108.38750038146972,101.06699996948242,110.41373448875468,104.6021950330039,70.93226220521328,5.260298459125423,4.505567044712562,0.754731414412861,124.62242885601384,108.38750038146972,92.1525719069256,5.193454431432015,76.241728191142,75.1832215342326,11454526.0,88.18649280324927,-9.493123712867328,108.94727754600382,-0.0035088915539334,
2025-06-09,121.5,122.9499969482422,118.97000122070312,120.51000213623048,808152,109.4775005340576,101.56220001220704,111.37528378851428,105.22603060567944,71.29513447758056,5.408912115447564,4.686236058859562,0.7226760565880017,125.8933680021862,109.4775005340576,93.06163306592904,5.106778809725375,83.5174722488834,77.4589890171365,12262678.0,95.65357219180628,-10.317105461809144,109.03798124613223,-0.0010683151306413,
2025-06-10,121.29000091552734,121.73999786376952,119.08000183105467,119.77999877929688,558224,110.5395004272461,102.15300003051756,112.17573283525547,105.79677445562524,69.40310561005374,5.40547340613891,4.830083528315432,0.5753898778234783,126.7343095979708,110.5395004272461,94.3446912565214,4.93200861136748,88.90968470521682,82.88962838174741,11704454.0,83.77695793134073,-13.460716709673134,109.09662356389336,-0.0086861120479728,
2025-06-11,120.5999984741211,122.98999786376952,116.5199966430664,118.01000213623048,880525,111.4555004119873,102.74740005493165,112.73137753058644,106.275724560747,64.90549743807759,5.19998211072496,4.904063244797337,0.2959188659276233,127.15693276817204,111.4555004119873,95.75406805580258,5.041865226320026,84.72568014845221,85.7176123675175,10823929.0,69.94430923609987,-22.04513738316116,109.17944372761195,-0.0164363582814085,
2025-06-12,118.75,122.98999786376952,116.5500030517578,119.0500030517578,1832329,112.43150062561035,103.32300018310546,113.3331513897456,106.77667665843369,66.2878998524094,5.062688637656663,4.935788323369202,0.1269003142874609,127.45869093513645,112.43150062561035,97.40431031608428,5.1417316252980045,76.61386070247234,83.41640851871381,12656258.0,69.86939601389223,-34.652563799748776,109.3534952565704,-0.0222692769553798,
2025-06-13,117.0,126.5,116.02999877929688,125.05999755859376,3529684,113.75250053405762,103.86900009155272,114.44999388201686,107.49366963491056,72.9251291690949,5.37685783009826,5.024002224715014,0.3528556053832457,128.33642906018554,113.75250053405762,99.1685720079297,5.522322310684085,77.85751819921468,79.73235301671309,16185942.0,98.94659872879694,-9.729744219446086,109.7669250270853,0.0538802792231712,
2025-06-16,126.3000030517578,126.5,121.12000274658205,122.0199966430664,1193299,114.90800018310549,104.40559997558594,115.17094652592634,108.06332951758333,65.86166064849046,5.319219855643226,5.083045750900657,0.2361741047425694,128.21065439958193,114.90800018310549,101.605345966629,5.512156235165077,74.8427184733594,76.43803245834881,14992643.0,105.02619707881394,-31.089536560727,109.9080613390628,0.0574653417279355,
2025-06-17,122.25,122.91999816894533,118.5,118.91999816894533,1243613,115.825,104.90639999389649,115.52799906335672,108.48908122940144,59.52958478553815,4.966150682785397,5.059666737277604,-0.0935160544922073,127.4765223365362,115.825,104.1734776634638,5.434144944720808,68.78613373051307,73.82879013436241,13749030.0,61.189207411182416,-52.822318028287775,110.01848652356446,0.0485604487143802,
2025-06-18,118.9499969482422,124.0,118.38999938964844,121.51000213623048,1935333,116.8310001373291,105.40839996337893,116.09771364172563,108.99970557868886,62.75171677082374,4.839545229272403,5.015642435676564,-0.1760972064041608,126.65443278519726,116.8310001373291,107.00756748946094,5.4467060636944336,58.98363575459109,67.53749598615455,15684363.0,76.17743410104035,-39.13723814721201,110.20530906621244,0.0318744078401298,
2025-06-19,122.0999984741211,123.25,118.5,119.04000091552734,1126012,117.70950012207032,105.89880004882812,116.3779314773258,109.39344265072174,58.00844194224722,4.488164275389636,4.910146803619178,-0.4219825282295426,124.57948261395056,117.70950012207032,110.83951763019004,5.396941344859116,49.84354902784609,59.20443950431678,14558351.0,54.21944292167778,-58.50979674096201,110.30129277525694,-0.0247977335315137,
2025-06-20,120.19000244140624,122.19000244140624,118.9800033569336,119.75,459628,118.10650024414062,106.5684001159668,116.69908086043765,109.799582154615,58.968538618471854,4.218356739623005,4.771788790819944,-0.5534320511969391,124.46559804981378,118.10650024414062,111.74740243846746,5.240731183402941,49.80392954707927,52.87703810983885,15017979.0,51.43743209981512,-52.94117647058823,110.34011614707276,-0.1790665373664161,
2025-06-23,119.6500015258789,121.36000061035156,118.55999755859376,119.91000366210938,429835,118.47550048828126,107.18960021972656,117.00488303202542,110.19606927255596,59.19496319724568,3.971660452571001,4.611763123170155,-0.6401026705991537,124.33421462874398,118.47550048828126,112.61678634781852,5.066393459714003,45.620927000357455,48.42280185842764,15447814.0,35.97748601302769,-51.68624578737745,110.37483767554043,-0.1306940465248386,
2025-06-24,121.48999786376952,124.1500015258789,120.5999984741211,121.19000244140624,1248230,118.91050071716307,107.85080032348633,117.40346583291884,110.62720390662852,61.04684611640599,3.835226962744017,4.456455891084927,-0.6212289283409103,124.19028162362584,118.91050071716307,113.63071981070034,5.007365202860826,50.13689747400008,48.5205846738123,16696044.0,99.20117115529364,-44.961885320034106,110.49542175671492,-0.1091096813020271,
2025-06-25,121.9499969482422,124.9000015258789,121.9000015258789,123.25,888744,119.39000053405762,108.48240036010742,117.96027861073608,111.12221551813327,63.88738369568373,3.8489586268101874,4.334956438229979,-0.4859978114197911,124.4108682939931,119.39000053405762,114.36913277412214,4.914696194404528,58.15432666789986,51.3040503807525,17584788.0,141.7861894847269,-28.88888888888889,110.58982295972906,-0.0951114675892444,
2025-06-26,124.98999786376952,124.98999786376952,119.4499969482422,120.29000091552734,1354430,119.61850051879884,108.96820037841798,118.18215692547813,111.48173651410951,57.40925759191251,3.5797289936071195,4.183910949305407,-0.6041819556982873,124.35859389720248,119.61850051879884,114.87840714039518,4.959360817341873,55.61230684457266,54.63451032882424,16230358.0,67.45467091795652,-59.31230525735905,110.71142445091252,-0.1420551876612993,
2025-06-27,120.8000030517578,127.9000015258789,119.5,123.86000061035156,3122519,119.88850059509278,109.5356004333496,118.7229039430851,111.96715863553078,62.36579437537699,3.612785763834495,4.0696859122112246,-0.4569001483767296,124.9388990508432,119.88850059509278,114.83810213934235,5.205120867951661,59.254474232302016,57.67370258159155,19352877.0,143.88905851303178,-34.035383156846045,111.03592335316918,-0.1462358459377499,
2025-06-30,124.0,134.55999755859375,124.0,133.07000732421875,6594639,120.63400077819824,110.18140060424804,120.0892947412883,112.79472132920482,71.56087920466403,4.332214985331561,4.1221917268352914,0.2100232584962693,128.21267652468188,120.63400077819824,113.0553250317146,5.597612016543842,66.20378306227114,60.35685471304864,25947516.0,305.9100207400904,-8.04096239898154,112.00982619123744,0.0326669164386631,
2025-07-01,133.1699981689453,135.88999938964844,130.99000549316406,134.1300048828125,3442823,121.46800117492675,110.81320068359376,121.42650523095728,113.6313991156208,72.39679419184887,4.931058596758888,4.28396510082001,0.6470934959388774,130.90489413309265,121.46800117492675,112.03110821676088,5.5477821508253085,83.02054937876152,69.49293555777825,29390339.0,292.03449959101874,-8.862006307887933,112.56003462197624,0.0811884324256351,
2025-07-02,134.0800018310547,137.5,133.5500030517578,136.1699981689453,1536457,122.54600105285644,111.52800064086914,122.83064741552757,114.51526574516296,73.9818030689983,5.506778171594206,4.5285277149748495,0.9782504566193566,133.4193594360933,122.54600105285644,111.6726426696196,5.433654636355086,92.30077761713916,80.50837001939063,30926796.0,254.3369517846296,-6.194698441713135,112.81986393920111,0.1042220252467029,
2025-07-03,136.1699981689453,141.0,135.0,139.99000549316406,3479420,123.78300132751464,112.30040069580076,124.46487199435008,115.51427514704534,76.68193410913277,6.199815138749358,4.862785199729752,1.3370299390196063,136.52354981344394,123.78300132751464,111.04245284158536,5.474107876615436,93.49208989612832,89.60447229734302,34406216.0,228.07594653165395,-4.467025562014052,113.45963718308217,0.1937175292256518,
2025-07-04,140.89999389648438,142.39999389648438,137.5,141.69000244140625,3736868,124.860001373291,113.09180068969728,126.10536060835544,116.54077425662813,77.78674628409598,6.807751947762057,5.251778549336213,1.555973398425844,139.66453647557498,124.860001373291,110.05546627100703,5.433099735177504,95.46040323363944,93.751090248969,38143084.0,190.46776468705997,-2.957066295354553,114.16072795263472,0.2014821932334213,
2025-07-07,142.1999969482422,142.35000610351562,134.0,136.52000427246094,2516013,125.66050148010254,113.83460083007812,127.09723143350834,117.32427347293527,67.3376066326961,6.794052990374496,5.56023343754387,1.2338195528306262,141.1530058857815,125.66050148010254,110.16799707442355,5.641450190058799,89.3620499455224,92.77151435843008,35627071.0,127.0402107534188,-24.489758306064303,114.56284627018955,0.1732953869088932,
2025-07-08,136.52000427246094,137.61000061035156,134.0,134.66000366210938,766144,126.40450172424316,114.52280090332032,127.81749545527988,118.00410602937347,64.00636983632357,6.557518966633992,5.759690543361894,0.7978284232720982,142.1234613847554,126.40450172424316,110.68554206373094,5.496346648651139,80.05609025002538,88.2928478097291,34860927.0,89.22206897800888,-32.384904648505085,114.67114888179354,0.1670603535587884,
2025-07-09,136.1999969482422,138.6999969482422,134.47000122070312,137.74000549316406,1231139,127.39100189208985,115.25660095214845,128.76249641126884,118.77806287109075,66.92432809692981,6.543168877956944,5.916386210280904,0.6267826676760402,143.3534004260376,127.39100189208985,111.42860335814208,5.405893011428847,74.52613427360214,81.31475815638332,36092066.0,91.14698983199584,-19.54693422462426,114.85564424482853,0.1931893193357809,
2025-07-10,138.5,139.89999389648438,135.55999755859375,135.99000549316406,867007,128.23800201416014,116.0362010192871,129.45083060954457,119.45304101313286,63.76144365951233,6.31775876428739,5.996660721082201,0.3210980432051888,144.13777089250578,128.23800201416014,112.3382331358145,5.329757534747545,73.726873915932,76.10303281318653,35225059.0,82.31660399136092,-26.88753937907472,114.98479300165756,0.1907570364004845,
2025-07-11,136.61000061035156,138.0,133.99000549316406,134.69000244140625,1525354,128.7195022583008,116.83060104370117,129.94979935543617,120.05056891228084,61.43854000127147,5.965454200852918,5.990419417036344,-0.0249652161834266,144.78751395493185,128.7195022583008,112.65149056166976,5.2354887470395735,73.32359597333758,73.8588680542906,33699705.0,60.940483414781866,-33.59473847628837,115.19237221908334,0.1088592665473272,
2025-07-14,134.60000610351562,136.49000549316406,132.0500030517578,135.1300048828125,1095866,129.3750026702881,117.55760116577147,130.44315226280534,120.64191934249776,61.94389066478018,5.65654963279448,5.923645460187972,-0.2670958273934918,145.36576595428022,129.3750026702881,113.384239386296,5.178668296637193,69.28006863006716,72.1101795064456,34795571.0,46.969114408759225,-31.67751625443552,115.33171732313087,0.1407034465504092,
2025-07-15,136.3800048828125,146.89999389648438,136.1999969482422,143.61000061035156,4647725,130.6095027923584,118.43760116577148,131.6971378197145,121.54262841182538,70.08161168062892,6.026535175882344,5.944223403326847,0.0823117725554976,146.98857961754072,130.6095027923584,114.23042596717607,5.649476919282527,74.24744678144259,72.28370379494913,39443296.0,108.15052971315345,-11.985404924948428,116.1285166504196,0.1958859758664867,
2025-07-16,145.94000244140625,148.6999969482422,144.35000610351562,145.4199981689453,2982886,131.80500259399415,119.221201171875,133.00407690059362,122.47899585328106,71.4832792730458,6.392118695216425,6.033802461704762,0.3583162335116627,148.83049086200498,131.80500259399415,114.7795143259833,5.609514020611678,81.70140170493487,75.07630570548156,42426182.0,131.68627090159697,-11.232873705811562,116.68861524557128,0.150870593584363,
2025-07-17,145.52000427246094,147.6999969482422,141.89999389648438,142.66000366210938,1133407,132.98600273132325,120.1230012512207,133.9236889731189,123.2704079242155,66.37661998433195,6.385529369987381,6.104147843361286,0.2813815266260953,149.57712570519692,132.98600273132325,116.3948797574496,5.623120379979258,84.10943474468344,80.01942774368699,41292775.0,106.45824512784274,-24.4534171351898,116.88142883212667,0.1516254570654356,
2025-07-18,143.25,145.0,136.10000610351562,141.97999572753906,1338867,134.0975025177002,121.06700119018556,134.69095628306368,124.00411724983604,65.14185868889567,6.253351580568818,6.133988590802792,0.1193629897660262,149.95510835137537,134.0975025177002,118.23989668402506,5.857182774015337,75.45633997555336,80.4223921417239,39953908.0,73.63535689451993,-37.94468923233865,117.08049871809384,0.1638254476656538,
2025-07-21,146.0,148.92999267578125,142.30999755859375,146.5500030517578,7014702,135.42950248718262,122.02380126953123,135.8203893086536,124.88826963422513,69.27808049845258,6.443089206397161,6.195808713921666,0.247280492475495,150.76321359232855,135.42950248718262,120.09579138203668,5.935240929317255,74.50080678945444,78.02219383656376,46968610.0,122.18807957847204,-14.099473264108289,118.27508665410186,0.1817874282860914,
2025-07-22,149.89999389648438,156.89999389648438,147.0,148.07000732421875,12593535,136.77350273132325,123.01440139770509,136.98701959585028,125.7973573867739,70.53059719812951,6.639572425502877,6.284561456237908,0.3550109692649688,151.58232273250348,136.77350273132325,121.96468273014302,6.250580208989348,70.80755975078408,73.58823550526398,59562145.0,163.48392898715704,-35.5331582512009,120.51574101081412,0.0023685219417579,
2025-07-23,149.4499969482422,151.8000030517578,147.50999450683594,150.97000122070312,1714476,138.1595027923584,124.04000137329102,138.31873213155055,126.78451989006524,72.80835536527681,6.9491861709548175,6.41748639918129,0.5316997717735275,152.8342516419156,138.1595027923584,123.48475394280123,6.110539375841671,75.50140336408724,73.60325663477528,61276621.0,141.5357171122433,-23.86315839242918,120.79176790563235,0.0205198613991758,
2025-07-24,151.69000244140625,155.99000549316406,149.49000549316406,152.39999389648438,2607622,139.76500244140624,125.09740127563477,139.65980468059186,127.78904828247384,73.88042689943154,7.226641527756357,6.579317424896304,0.6473241028600532,153.24581232869974,139.76500244140624,126.28419255411272,6.138357991852979,74.16500825776087,73.49132379087742,63884243.0,153.13302395200742,-18.10865858308736,121.23730545707484,0.0306090244867457,
2025-07-25,154.39999389648438,154.55999755859375,146.0,146.64999389648438,1733835,140.90450210571288,126.05760116577147,140.32553698686735,128.52869320851346,63.106350113380536,6.902976732911327,6.644049286499309,0.2589274464120183,152.54173554393446,140.90450210571288,129.2672686674913,6.311332246620177,72.26022763952076,73.97554642045631,62150408.0,101.3419969264083,-41.24750010592121,121.49391717114446,0.005880794206841,
2025-07-28,144.8000030517578,153.39999389648438,144.64999389648438,151.5800018310547,2682901,141.8300018310547,127.1110011291504,141.39739078155185,129.43266609567195,67.48463272336936,6.964003788905472,6.708040186980542,0.2559636019249307,153.7680251310036,141.8300018310547,129.89197853110576,6.485522800433022,73.07847154976754,73.16790248234975,64833309.0,99.076468607215,-21.40842666168888,121.89314469050484,-0.0477253225496085,
2025-07-29,151.60000610351562,154.52999877929688,149.41000366210938,153.58999633789062,1645360,142.8030014038086,128.1712010192871,142.55859131072697,130.38001237968052,69.09495741077689,7.092796585014241,6.7849914665872815,0.3078051184269599,155.2340508846602,142.8030014038086,130.37195192295698,6.387985108772627,74.67471954417245,73.33780624448694,66478669.0,116.16087318734586,-13.319914599872648,122.15499473582246,-0.0479750743468944,
2025-07-30,154.35000610351562,155.1999969482422,151.35000610351562,153.27000427246094,905191,143.6580017089844,129.20880111694336,143.57872587851116,131.27765912057387,68.51321841275526,7.087346598569297,6.8454624929836845,0.2418841055856129,156.49229843828346,143.6580017089844,130.82370497968532,6.206699804197909,83.55468307862098,77.10262472418701,65573478.0,111.42933440831398,-14.607609502575574,122.30072481039392,-0.057481091527734,
2025-07-31,150.0,156.0,147.8000030517578,154.88999938964844,3107633,144.4030014038086,130.27720108032227,144.655990022429,132.2036332487729,69.89512240080035,7.131539563283297,6.902677907043607,0.2288616562396903,158.00593452451457,144.4030014038086,130.8000682831026,6.3490781716296425,87.99465461191187,82.07468574490179,68681111.0,95.9240365442668,-8.088512061816232,122.78485168688984,-0.0586108828086541,
2025-08-01,155.6999969482422,156.6999969482422,152.6999969482422,153.75,2860502,145.0060012817383,131.1160011291504,145.5220862107691,133.0485888076445,67.64522687080078,6.993952452551241,6.920932816145134,0.0730196364061068,159.13351195958552,145.0060012817383,130.87849060389107,6.181286873656097,87.38655604080714,86.31196457711336,65820609.0,100.87851638117048,-15.14421031318683,123.23847381732742,-0.1325427922458718,
2025-08-04,155.14999389648438,155.14999389648438,150.0500030517578,150.83999633789062,712517,145.72200088500978,131.88220108032226,146.02855384192353,133.74629106373263,62.14599270601288,6.574316077051009,6.851609468326309,-0.2772933912753004,159.50389505235472,145.72200088500978,131.94010671766483,6.104051443018273,82.54421895982911,85.97514320418271,65108092.0,69.23574444804287,-29.13462074550966,123.34100217299977,-0.1275293908405269,
2025-08-05,151.2899932861328,152.75999450683594,147.50999450683594,148.00999450683594,877833,146.3895004272461,132.59260101318358,146.2172624766771,134.30565198307002,57.26992700049911,5.944865026223937,6.670260579905834,-0.7253955536818975,159.2242895075222,146.3895004272461,133.55471134697,6.043047768516968,70.99358739232035,80.30812079765222,64230259.0,35.13865155122336,-42.74040676434254,123.45501323565124,-0.1314781215351318,
2025-08-06,148.4499969482422,149.6999969482422,143.25999450683594,145.1199951171875,1218512,146.75849990844728,133.22180084228515,146.11276082339236,134.72974387068248,52.72074149145778,5.153416359578671,6.366891735840402,-1.213475376261731,158.98743054404144,146.75849990844728,134.5295692728531,6.071401673723345,57.16344324558548,70.23374986591166,63011747.0,-12.664415222746294,-56.63464275339142,123.59112621409876,-0.1537934031086104,
2025-08-07,143.5,149.61000061035156,143.5,147.1699981689453,1161672,147.31749954223633,133.85080078125,146.21345009439742,135.21759698041828,55.42553782603517,4.638140110813566,6.0211414108350345,-1.3830013000214685,158.50403582015323,147.31749954223633,136.13096326431943,6.074158740625362,44.64514988709413,57.60072684166668,64173419.0,-10.39534110766716,-66.68950082098371,123.72356197810176,-0.1356013687801508,
2025-08-08,148.13999938964844,148.13999938964844,141.5500030517578,142.36000061035156,618716,147.70099945068358,134.32880081176756,145.84645490544068,135.49769124041566,48.42532155955928,3.7978738415990847,5.576487896987844,-1.7786140553887595,157.5790016628559,147.70099945068358,137.82299723851128,6.111004283287167,27.317572210723466,43.04205511446772,63554703.0,-64.19352517664173,-94.72313979345452,123.78515571178912,-0.127942800030803,
2025-08-11,143.36000061035156,148.89999389648438,142.0,148.1699981689453,1268110,148.35299911499024,134.9290007019043,146.06774474006016,135.99464445329917,55.702982309102254,3.559740543138247,5.173138426217925,-1.6133978830796778,156.37250811050245,148.35299911499024,140.33349011947803,6.167360684229824,27.427904798930623,33.13020896558277,64822813.0,-41.89973087654726,-56.303644988769925,123.9247028192276,-0.1166358823966352,
2025-08-12,148.0,149.52000427246094,146.02000427246094,148.72999572753906,637539,148.6089988708496,135.55460067749024,146.3212924531534,136.49406999346544,56.34243679239061,3.377274196674847,4.8139655803093095,-1.4366913836344626,156.32778111646806,148.6089988708496,140.89021662523115,5.976834921070551,32.12197508007858,28.95581736324425,65460352.0,-14.765094773211324,-52.60728997753986,123.99958085943972,-0.1557132859469885,
2025-08-13,148.0,150.49000549316406,146.00999450683594,148.0500030517578,1617686,148.74049911499023,136.22340072631837,146.4859315577824,136.94724383888868,55.298554071861496,3.141584347711841,4.479489333789816,-1.3379049860779748,156.3259444063523,148.74049911499023,141.15505382362812,5.869918925731805,44.66445758256369,34.73811248719099,63842666.0,-15.508592336982913,-57.09569228599917,124.18823757919404,-0.1312997450210697,
2025-08-14,148.0500030517578,149.3000030517578,144.74000549316406,147.47000122070312,627485,148.98099899291992,136.8678007507324,146.57965247806058,137.3599009911167,54.37319403247588,2.874857575275371,4.158562982086927,-1.2837054068115563,156.06873258642364,148.98099899291992,141.8932653994162,5.776353113793372,43.12430966121783,39.97024744128672,63215181.0,-44.64715086022298,-60.92408875280751,124.2575688129264,-0.1122605313434353,
2025-08-18,147.99000549316406,150.6999969482422,147.0,147.57000732421875,1092097,149.2604995727539,137.41620086669923,146.6739719872185,137.760297317905,54.51452960450224,2.6410993934443354,3.855070264358409,-1.2139708709140735,155.62594184721036,149.2604995727539,142.89505729829744,5.628041959111145,40.572078922718994,42.78694872216686,64307278.0,-26.98041300146849,-60.26398219303635,124.38378924269136,-0.1382478051020562,
2025-08-19,148.3800048828125,150.10000610351562,145.75,146.44000244140625,1106269,149.25499954223633,137.93480087280273,146.65168917333162,138.1006779109835,52.53431181483796,2.337714680350132,3.551599147556753,-1.2138844672066216,155.62998321936067,149.25499954223633,142.880015865112,5.536753683711465,37.02972191727015,40.24203683373568,63201009.0,-58.57289351641742,-67.72276330234573,124.50508244294288,-0.2251098415781951,
2025-08-20,147.08999633789062,155.0,145.9600067138672,152.05999755859375,3244315,149.4544990539551,138.58040084838868,147.1667661624042,138.6481022108898,60.264941156620665,2.521698180233159,3.3456189540920347,-0.8239207738588759,155.91777826236785,149.4544990539551,142.99121984554233,5.786985083884418,47.1287278294238,41.57684288980433,66445324.0,43.54970277898331,-30.627071016346548,124.9079098292782,0.0579903189990828,
2025-08-21,154.5,159.0,152.72999572753906,156.89999389648438,4163871,149.75099868774413,139.35820068359374,148.0937402323166,139.3638626691484,65.47937849717826,3.0232040697141827,3.281135977216464,-0.2579319075022814,156.96557139311648,149.75099868774413,142.53642598237178,5.869343466564549,63.205248215112114,49.12123265393537,70609195.0,160.3069413420798,-12.034421035971398,125.50687816995162,0.0633477677051385,
2025-08-22,157.7899932861328,159.6999969482422,153.05999755859375,155.22999572753906,1664585,149.8924987792969,140.0818005371094,148.77338361281397,139.98606396555587,62.43487495177455,3.2484500942097725,3.274598800615126,-0.0261487064053533,157.4138295662446,149.8924987792969,142.37116799234917,5.924390318213399,77.57013125550115,62.63470243334572,68944610.0,140.6015480788841,-24.628114181178635,125.73834252081802,0.0559405448313706,
2025-08-25,155.0,155.67999267578125,150.0,150.8000030517578,1735934,150.09999923706056,140.59660064697266,148.96639498795147,140.410140008152,55.11425928186016,3.034515796311154,3.226582199754332,-0.1920664034431771,157.4797103604511,150.09999923706056,142.72028811367005,5.90693334375396,71.43388974967027,70.73642307342787,67208676.0,46.38634316946066,-49.03579553383921,125.9458779621319,0.0627228371260763,
2025-08-26,151.25,154.39999389648438,147.0,153.17999267578125,2249811,150.17999877929688,141.21980056762695,149.36769000584002,140.91091854413747,57.96580189774049,3.0221788002008623,3.185701519843638,-0.1635227196427755,157.656209513253,150.17999877929688,142.70378804534076,6.013580526091848,63.47106321708628,70.82502807408592,69458487.0,29.59092873238056,-35.922900633723366,126.2036644683122,0.0617487106668866,
2025-08-27,153.17999267578125,153.17999267578125,153.17999267578125,153.17999267578125,0,150.1594985961914,141.90500045776366,149.73076645059632,141.39205870616271,57.96580189774049,2.9780722784597344,3.144175671566857,-0.16610339310712252,157.6003602340902,150.1594985961914,142.71863695829262,5.584039059942429,45.8031200990926,53.727276297406895,69458487.0,64.80870271600197,-35.922900633723366,126.20366446831221,,153.17999267578125
2025-08-28,152.0,152.39999389648438,147.0500030517578,147.69000244140625,953805,149.88499908447267,141.79520065307617,149.2079102377987,141.17676497148133,50.06475315821166,2.5401243395352253,3.0565860837819554,-0.5164617442467301,157.26470282794045,149.88499908447267,142.50529534100488,6.0218954616583895,49.62350431589882,61.50948576088516,68504682.0,-22.15152507528948,-66.17079088474104,126.30084104290516,0.0075726216830093,
2025-08-29,147.69000244140625,149.24000549316406,145.10000610351562,146.22999572753906,1200082,149.53299865722656,142.28960052490234,148.9242993320597,141.3749308834836,48.18378364300079,2.0170312853202006,2.8486751240896044,-0.8316438387694038,156.90487548891178,149.53299865722656,142.16112182554133,5.887474313657679,41.2304669219047,51.441678151629965,67304600.0,-66.25171440027933,-74.21490771582155,126.41028110574914,-0.0093909939759488,
2025-09-01,146.22999572753906,150.39999389648438,145.72000122070312,147.47000122070312,1103620,149.1619987487793,142.85820053100585,148.78579475002573,141.61395324964906,49.90523770383494,1.6831322504432364,2.615566549360331,-0.9324342989170944,156.15526012016025,149.1619987487793,142.16873737739834,5.801225625237934,30.17275614221805,40.34224246000722,68408220.0,-38.873097133762144,-69.0960329727833,126.51480555880448,-0.0945107781646935,
2025-09-02,149.0,152.6999969482422,147.66000366210938,148.5800018310547,3896615,148.90349884033202,143.43480056762695,148.76619542440943,141.88713162539045,51.4598258855184,1.490896505420153,2.3906325405722955,-0.8997360351521424,155.57404670269014,148.90349884033202,142.2329509779739,5.760423489688015,27.452499563777707,32.95190754263351,72304835.0,11.964897930128249,-74.33156062006205,126.90600647066849,-0.1271704635099634,
2025-09-03,149.85000610351562,149.85000610351562,143.52999877929688,148.25,1921404,149.03249893188476,144.64140029907227,148.93715907518975,142.5305696155379,50.544866694026034,1.1813821215653775,2.0903255535559735,-0.908943431990596,155.90731254615156,149.03249893188476,142.15768531761796,5.5038548594229395,40.00846435416806,26.761822609194514,70383431.0,-50.68821601691325,-70.81013138413368,127.07392373192147,,148.25
2025-09-04,149.97000122070312,150.6999969482422,145.9499969482422,146.72999572753906,2430696,149.11299896240234,145.11100021362304,148.72695304208017,142.6952529924791,48.06270295427787,0.8899770168419252,1.8502558462131637,-0.9602788293712385,155.8387634685709,149.11299896240234,142.38723445623378,5.450008083749872,43.14597204843535,36.52188128160511,67952735.0,-38.74315045641992,-80.21028255656935,127.28845124583114,,146.72999572753906
2025-09-05,146.99000549316406,148.3699951171875,144.6300048828125,145.97000122070312,869556,149.05299911499023,145.62460021972657,148.46438620194903,142.82367449162516,46.824541629679125,0.5908996434580729,1.5983846056621456,-1.0074849622040727,155.8678464947844,149.05299911499023,142.23815173519606,5.327863951651667,37.6590428172467,40.27115973995005,67083179.0,-76.88725096013646,-84.91031096037905,127.35869652541619,,145.97000122070312
2025-09-08,146.2100067138672,148.3000030517578,145.0,146.05999755859375,468685,149.23799896240234,146.0686001586914,148.23539680734376,142.95058912170236,46.998664142769904,0.35702506000095013,1.3501126965299064,-0.9930876365289563,155.49400494884438,149.23799896240234,142.9819929759603,5.183016744516392,29.698290804511625,36.83443522339791,67551864.0,-79.36140381191426,-84.35374727403637,127.39660173178825,,146.05999755859375
2025-09-09,146.9600067138672,149.3000030517578,143.1999969482422,143.80999755859375,1764015,149.01999893188477,146.2833999633789,147.8139302122247,142.98429141334518,43.1908334267857,-0.009765853647792255,1.0781369864943666,-1.0879028401421589,155.69922265610333,149.01999893188477,142.3407752076662,5.248515984444908,20.777279629336338,29.378204417031572,65787849.0,-104.60301706604969,-96.30302660392992,127.53038875137449,,143.80999755859375
2025-09-10,144.0,147.5,143.0500030517578,146.22000122070312,1134966,148.89449920654297,146.52519989013672,147.66212745112742,143.11118199402588,48.046274440278246,-0.10477535592630716,0.8415545180102318,-0.946329873936539,155.68421244781732,148.89449920654297,142.10478596526863,5.191478910430428,25.720406191869,25.398658875239008,66922815.0,-93.73666056561409,-80.96096497900427,127.61615128375978,,146.22000122070312
2025-09-11,147.0,149.60000610351562,143.99000549316406,147.88999938964844,1441274,148.8864990234375,146.7595999145508,147.68382954051037,143.2985865977758,51.16127114928497,-0.044799751859130765,0.6642836640363593,-0.7090834158954901,155.68054929646013,148.8864990234375,142.09244875041486,5.221373317567652,41.15476617555314,29.217483998919516,68364089.0,-50.640726588346325,-61.67854066416259,127.73330387366666,,147.88999938964844
2025-09-12,149.3300018310547,151.99000549316406,146.10000610351562,150.55999755859375,2607841,149.04099884033204,146.97099975585937,147.95775030413736,143.5833478119255,55.731284500518704,0.21569152693399474,0.5745652366158864,-0.3588737096818917,155.839709350648,149.04099884033204,142.24228833001607,5.269132322716279,66.44511564762045,44.44009600501422,70971930.0,8.075291399761154,-33.83259414411568,127.96739246704722,,150.55999755859375
2025-09-15,148.5,153.85000610351562,148.5,150.8699951171875,1339156,149.20599822998048,147.154599609375,148.23510695299927,143.86909868664165,56.243237733344145,0.44205126254937,0.5480624418025831,-0.10601117925321313,156.0140704737794,149.20599822998048,142.39792598618155,5.274909021344804,76.76824759981965,61.456043140997764,72311086.0,43.58191575407694,-27.592686520982948,128.09400555441337,,150.8699951171875
2025-09-16,150.8699951171875,156.8699951171875,150.39999389648438,155.5399932861328,3048677,149.6609977722168,147.53499938964845,148.9308104132977,144.32678082779816,63.15588797271347,0.9868964790009613,0.6358292492422588,0.3510672297587025,156.87317507708383,149.6609977722168,142.44882046734978,5.360272749870398,82.26265029088836,75.15867117944283,75359763.0,109.63396497452302,-9.623752493908075,128.41652360515477,,155.5399932861328
2025-09-17,156.77999877929688,158.1999969482422,154.1999969482422,156.91000366210938,2800580,149.90349807739258,147.97999938964844,149.6907335798512,144.82024054679076,64.90737562995758,1.511811405312983,0.8110256804564037,0.7007857248565793,157.72263186369716,149.90349807739258,142.084364291088,5.26311041059394,84.56849625647901,81.19979804906235,78160343.0,138.92488783884602,-8.514810599574968,128.7301191630688,,156.91000366210938
2025-09-18,156.50999450683594,158.5,153.6999969482422,155.3800048828125,2021996,149.82749862670897,148.3327993774414,150.232568942038,145.23434895212495,61.39711882523792,1.7837897337865911,1.0055784911224412,0.7782112426641499,157.39875903107932,149.82749862670897,142.25623822233862,5.230031313534218,85.37897065350252,84.07003906695665,76138347.0,127.74352562066196,-20.194147142161576,128.9475817793175,,155.3800048828125
2025-09-19,155.3800048828125,155.3800048828125,149.0,149.77000427246094,1273058,149.55449905395508,148.60839935302735,150.18851516398306,145.41221778821657,50.5929502254351,1.5290286634312054,1.110268525584194,0.4187601378470114,156.7091573392352,149.55449905395508,142.39984076867498,5.312172282768381,59.486902393008336,76.47812310099664,74865289.0,39.156415313022165,-56.50483787656872,129.06023900827685,,149.77000427246094
