SignalName,Components,Type,Count,HorizonClass,Direction,WinRate_MFE_3D,AvgWin_3D,AvgLoss_3D,EV_3D,ProfitFactor_3D,AvgReturn_Close_3D,AvgMinMovePct_3D,CompositeScore_3D,WinRate_MFE_5D,AvgWin_5D,AvgLoss_5D,EV_5D,ProfitFactor_5D,AvgReturn_Close_5D,AvgMinMovePct_5D,CompositeScore_5D,WinRate_MFE_7D,AvgWin_7D,AvgLoss_7D,EV_7D,ProfitFactor_7D,AvgReturn_Close_7D,AvgMinMovePct_7D,CompositeScore_7D,AvgEV,AvgWinRate,AvgProfitFactor,Consistency,CompositeScore,BestHorizon,BestHorizonComposite,Fisher_p_min,Fisher_sig_flag,WinRate_MFE_10D,AvgWin_10D,AvgLoss_10D,EV_10D,ProfitFactor_10D,AvgReturn_Close_10D,AvgMinMovePct_10D,CompositeScore_10D,WinRate_MFE_15D,AvgWin_15D,AvgLoss_15D,EV_15D,ProfitFactor_15D,AvgReturn_Close_15D,AvgMinMovePct_15D,CompositeScore_15D,WinRate_MFE_20D,AvgWin_20D,AvgLoss_20D,EV_20D,ProfitFactor_20D,AvgReturn_Close_20D,AvgMinMovePct_20D,CompositeScore_20D,WinRate_MFE_30D,AvgWin_30D,AvgLoss_30D,EV_30D,ProfitFactor_30D,AvgReturn_Close_30D,AvgMinMovePct_30D,CompositeScore_30D,WinRate_MFE_2D,AvgWin_2D,AvgLoss_2D,EV_2D,ProfitFactor_2D,AvgReturn_Close_2D,AvgMinMovePct_2D,CompositeScore_2D,Symbol,Company
Golden_Cross_State + CCI_Oversold,Golden_Cross_State + CCI_Oversold,combo_2,27,trend,Bullish,,,,,,,,,,,,,,,,,,,,,,,,,0.101853,0.9259,69.588,0.9259,21.868262,20,66.692555,0.1595,0,0.8889,0.06772,-0.06354,0.053139,9.062,0.05314,2.147,1.604615,,,,,,,,,0.963,0.11951,-0.01956,0.114364,175.008,0.11436,3.037,66.692555,0.9259,0.15502,-0.07399,0.138057,24.693,0.13806,3.719,11.359642,,,,,,,,,ITDCEM_data,
Price_Above_EMA200 + CCI_Oversold,Price_Above_EMA200 + CCI_Oversold,combo_2,23,trend,Bullish,,,,,,,,,,,,,,,,,,,,,,,,,0.096514,0.913,61.034,0.913,17.092808,20,56.912658,0.2328,0,0.8696,0.06104,-0.06354,0.044793,7.004,0.04479,2.139,0.996979,,,,,,,,,0.9565,0.12107,-0.01956,0.114956,155.781,0.11496,3.025,56.912658,0.913,0.1492,-0.07399,0.129793,20.316,0.12979,3.705,8.380303,,,,,,,,,ITDCEM_data,
MACD_Cross_Up_Event + Stoch_Cross_Up,MACD_Cross_Up_Event + Stoch_Cross_Up,combo_2,13,momentum,Bullish,,,,,,,,,0.9231,0.02865,-0.00261,0.026241,158.1,0.02624,1.343,10.948811,,,,,,,,,0.031952,0.9744,158.1,0.9231,12.305931,5,10.948811,0.15493,0,1.0,0.03693,0.0,0.036933,,0.03693,1.9,0.097468,1.0,0.03268,0.0,0.032681,,0.03268,2.327,0.086248,,,,,,,,,,,,,,,,,,,,,,,,,ITDCEM_data,
Golden_Cross_State + CCI_Exit_Oversold,Golden_Cross_State + CCI_Exit_Oversold,combo_2,26,trend,Bullish,,,,,,,,,,,,,,,,,,,,,,,,,0.097882,0.9231,33.374,0.9231,9.938344,30,18.35038,0.18996,0,0.8846,0.06803,-0.03973,0.055594,14.426,0.05559,2.123,2.643301,,,,,,,,,0.9231,0.12014,-0.03601,0.108133,42.84,0.10813,3.002,15.267719,0.9615,0.13856,-0.08601,0.129919,42.856,0.12992,3.677,18.35038,,,,,,,,,ITDCEM_data,
MACD_Hist_Rising + CDL_Harami_Bull,MACD_Hist_Rising + CDL_Harami_Bull,combo_2,15,momentum,Bullish,,,,,,,,,0.8667,0.03547,-0.04157,0.025197,7.645,0.0252,1.499,0.53407,,,,,,,,,0.024259,0.8444,127.997,0.9333,8.035109,15,24.359423,0.63272,0,0.8,0.0474,-0.06936,0.024046,3.008,0.02405,2.119,0.200543,0.8667,0.02717,-0.0001,0.023533,373.339,0.02353,2.596,24.359423,,,,,,,,,,,,,,,,,,,,,,,,,ITDCEM_data,
Price_Above_EMA200 + CCI_Exit_Oversold,Price_Above_EMA200 + CCI_Exit_Oversold,combo_2,22,trend,Bullish,,,,,,,,,,,,,,,,,,,,,,,,,0.096512,0.9091,28.463,0.9091,7.830201,30,13.54205,0.27183,0,0.8636,0.06971,-0.03973,0.05479,12.412,0.05479,2.123,2.13227,,,,,,,,,0.9091,0.12638,-0.03601,0.111619,37.899,0.11162,3.003,13.264097,0.9545,0.13309,-0.08601,0.123128,35.077,0.12313,3.677,13.54205,,,,,,,,,ITDCEM_data,
Golden_Cross_State + Price_Above_SMA20,Golden_Cross_State + Price_Above_SMA20,combo_2,42,trend,Bullish,,,,,,,,,,,,,,,,,,,,,,,,,0.083194,0.9444,26.578,0.9286,7.722589,30,22.477597,0.03961,1,0.9048,0.05862,-0.09105,0.044362,6.86,0.04436,1.95,1.144627,,,,,,,,,0.9524,0.09631,-0.09329,0.087282,22.203,0.08728,2.757,7.288887,0.9762,0.12341,-0.10632,0.117938,50.672,0.11794,3.377,22.477597,,,,,,,,,ITDCEM_data,
CCI_Oversold + VWAP_Bull,CCI_Oversold + VWAP_Bull,combo_2,26,momentum,Bullish,,,,,,,,,0.8077,0.03566,-0.04066,0.020986,4.574,0.02099,1.499,0.316345,,,,,,,,,0.05477,0.8846,45.956,0.8462,7.019436,15,36.795277,0.14047,0,0.8846,0.06887,-0.06354,0.053588,8.884,0.05359,2.12,1.569151,0.9615,0.09421,-0.02213,0.089737,124.409,0.08974,2.596,36.795277,,,,,,,,,,,,,,,,,,,,,,,,,ITDCEM_data,
Price_Above_SMA20 + CMF_Positive,Price_Above_SMA20 + CMF_Positive,combo_2,47,momentum,Bullish,,,,,,,,,0.9362,0.02788,-0.03162,0.024086,17.603,0.02409,1.361,1.641373,,,,,,,,,0.051888,0.9291,35.188,0.9787,6.917711,15,16.512361,0.07529,1,0.9149,0.0649,-0.02613,0.057154,30.647,0.05715,1.925,6.780733,0.9362,0.08111,-0.02366,0.074423,57.314,0.07442,2.358,16.512361,,,,,,,,,,,,,,,,,,,,,,,,,ITDCEM_data,
Golden_Cross_State + OBV_Trend_Bull,Golden_Cross_State + OBV_Trend_Bull,combo_2,37,trend,Bullish,,,,,,,,,,,,,,,,,,,,,,,,,0.102422,0.9189,17.914,0.9459,6.313301,30,11.046,0.19387,0,0.8919,0.05402,-0.02384,0.0456,21.505,0.0456,1.878,3.567074,,,,,,,,,0.9189,0.1251,-0.11963,0.10526,12.821,0.10526,2.656,4.90918,0.9459,0.1747,-0.16385,0.156405,19.415,0.1564,3.254,11.046,,,,,,,,,ITDCEM_data,
Golden_Cross_State + Williams_Oversold,Golden_Cross_State + Williams_Oversold,combo_2,38,trend,Bullish,,,,,,,,,,,,,,,,,,,,,,,,,0.07783,0.9123,21.921,0.9211,5.757065,20,10.988818,0.17923,0,0.8684,0.04213,-0.04544,0.030604,7.653,0.0306,2.098,0.858102,,,,,,,,,0.9211,0.10495,-0.03873,0.093607,32.043,0.09361,2.967,10.988818,0.9474,0.12029,-0.08888,0.109277,26.067,0.10928,3.634,10.435956,,,,,,,,,ITDCEM_data,
RSI_Oversold + Stoch_Oversold,RSI_Oversold + Stoch_Oversold,combo_2,11,mean_rev,Bullish,0.9091,0.03804,-0.00769,0.033887,51.692,0.03389,1.379,4.352704,1.0,0.0455,0.0,0.045505,,0.0455,1.78,0.113075,1.0,0.05474,0.0,0.054736,,0.05474,2.107,0.136013,0.044709,0.9697,51.692,0.9091,5.220758,3,4.352704,0.18289,0,,,,,,,,,,,,,,,,,,,,,,,,,,,,,,,,,,,,,,,,,ITDCEM_data,
RSI_Oversold,RSI_Oversold,single,11,mean_rev,Bullish,0.9091,0.03704,-0.00769,0.032973,51.692,0.03297,1.371,4.23534,1.0,0.04325,0.0,0.04325,,0.04325,1.77,0.107472,1.0,0.05347,0.0,0.053465,,0.05347,2.094,0.132856,0.043229,0.9697,51.692,0.9091,5.047968,3,4.23534,0.18289,0,,,,,,,,,,,,,,,,,,,,,,,,,,,,,,,,,,,,,,,,,ITDCEM_data,
RSI_Oversold + CCI_Oversold,RSI_Oversold + CCI_Oversold,combo_2,11,mean_rev,Bullish,0.9091,0.03704,-0.00769,0.032973,51.692,0.03297,1.371,4.23534,1.0,0.04325,0.0,0.04325,,0.04325,1.77,0.107472,1.0,0.05347,0.0,0.053465,,0.05347,2.094,0.132856,0.043229,0.9697,51.692,0.9091,5.047968,3,4.23534,0.18289,0,,,,,,,,,,,,,,,,,,,,,,,,,,,,,,,,,,,,,,,,,ITDCEM_data,
RSI_Oversold + Williams_Oversold,RSI_Oversold + Williams_Oversold,combo_2,11,mean_rev,Bullish,0.9091,0.03704,-0.00769,0.032973,51.692,0.03297,1.371,4.23534,1.0,0.04325,0.0,0.04325,,0.04325,1.77,0.107472,1.0,0.05347,0.0,0.053465,,0.05347,2.094,0.132856,0.043229,0.9697,51.692,0.9091,5.047968,3,4.23534,0.18289,0,,,,,,,,,,,,,,,,,,,,,,,,,,,,,,,,,,,,,,,,,ITDCEM_data,
Price_Above_EMA200 + CMF_Positive,Price_Above_EMA200 + CMF_Positive,combo_2,40,trend,Bullish,,,,,,,,,,,,,,,,,,,,,,,,,0.089876,0.9,15.3,0.95,4.85121,30,9.720245,0.3234,0,0.875,0.07409,-0.05692,0.057713,10.329,0.05771,1.998,2.213726,,,,,,,,,0.9,0.10817,-0.07839,0.089511,14.187,0.08951,2.826,4.715804,0.925,0.13948,-0.08822,0.122405,21.384,0.12241,3.461,9.720245,,,,,,,,,ITDCEM_data,
Golden_Cross_State + MACD_Cross_Up_Event,Golden_Cross_State + MACD_Cross_Up_Event,combo_2,28,trend,Bullish,,,,,,,,,,,,,,,,,,,,,,,,,0.077845,0.9524,16.277,0.8929,3.809475,20,6.429602,0.03398,1,0.8929,0.06011,-0.05959,0.047288,9.871,0.04729,1.957,1.571807,,,,,,,,,0.9643,0.09216,-0.13125,0.08418,22.683,0.08418,2.767,6.429602,1.0,0.10207,0.0,0.102067,,0.10207,3.389,0.343691,,,,,,,,,ITDCEM_data,
Price_Above_EMA200 + MACD_Bullish_State,Price_Above_EMA200 + MACD_Bullish_State,combo_2,34,trend,Bullish,,,,,,,,,,,,,,,,,,,,,,,,,0.064065,0.9314,18.227,0.9118,3.785311,30,10.704371,0.0887,1,0.8824,0.05538,-0.0674,0.040934,7.394,0.04093,1.946,1.076117,,,,,,,,,0.9412,0.07857,-0.13373,0.066085,11.939,0.06609,2.752,2.805186,0.9706,0.09098,-0.10632,0.085177,35.347,0.08518,3.37,10.704371,,,,,,,,,ITDCEM_data,
Price_Above_EMA200 + MACD_Hist_Positive,Price_Above_EMA200 + MACD_Hist_Positive,combo_2,34,trend,Bullish,,,,,,,,,,,,,,,,,,,,,,,,,0.064065,0.9314,18.227,0.9118,3.785311,30,10.704371,0.0887,1,0.8824,0.05538,-0.0674,0.040934,7.394,0.04093,1.946,1.076117,,,,,,,,,0.9412,0.07857,-0.13373,0.066085,11.939,0.06609,2.752,2.805186,0.9706,0.09098,-0.10632,0.085177,35.347,0.08518,3.37,10.704371,,,,,,,,,ITDCEM_data,
BB_Expansion_Bull + CMF_Positive,BB_Expansion_Bull + CMF_Positive,combo_2,19,momentum,Bullish,,,,,,,,,0.9474,0.00728,-0.07596,0.002895,6.118,0.0029,1.384,0.053057,,,,,,,,,0.031743,0.9474,39.19,1.0,3.726697,15,13.234922,0.21804,0,0.9474,0.05016,-0.06859,0.043914,20.209,0.04391,1.958,2.658633,0.9474,0.05205,-0.01701,0.048419,91.243,0.04842,2.397,13.234922,,,,,,,,,,,,,,,,,,,,,,,,,ITDCEM_data,
Golden_Cross_State + MACD_Hist_Positive,Golden_Cross_State + MACD_Hist_Positive,combo_2,29,trend,Bullish,,,,,,,,,,,,,,,,,,,,,,,,,0.07133,0.9195,16.514,0.8966,3.591871,30,10.282788,0.14366,0,0.8621,0.06011,-0.0674,0.042526,6.546,0.04253,1.969,0.946848,,,,,,,,,0.931,0.09216,-0.13373,0.076581,11.131,0.07658,2.784,2.899261,0.9655,0.10207,-0.10632,0.094881,31.864,0.09488,3.41,10.282788,,,,,,,,,ITDCEM_data,
Golden_Cross_State + MACD_Bullish_State,Golden_Cross_State + MACD_Bullish_State,combo_2,29,trend,Bullish,,,,,,,,,,,,,,,,,,,,,,,,,0.07133,0.9195,16.514,0.8966,3.591871,30,10.282788,0.14366,0,0.8621,0.06011,-0.0674,0.042526,6.546,0.04253,1.969,0.946848,,,,,,,,,0.931,0.09216,-0.13373,0.076581,11.131,0.07658,2.784,2.899261,0.9655,0.10207,-0.10632,0.094881,31.864,0.09488,3.41,10.282788,,,,,,,,,ITDCEM_data,
Price_Above_EMA200 + MACD_Cross_Up_Event,Price_Above_EMA200 + MACD_Cross_Up_Event,combo_2,27,trend,Bullish,,,,,,,,,,,,,,,,,,,,,,,,,0.074371,0.9506,15.671,0.8889,3.452167,20,5.785728,0.0384,1,0.8889,0.06129,-0.05959,0.047855,9.692,0.04785,1.941,1.545529,,,,,,,,,0.963,0.08833,-0.13125,0.080196,21.651,0.0802,2.745,5.785728,1.0,0.09506,0.0,0.095062,,0.09506,3.362,0.316766,,,,,,,,,ITDCEM_data,
CMF_Positive + OBV_Trend_Bull,CMF_Positive + OBV_Trend_Bull,combo_2,49,momentum,Bullish,,,,,,,,,0.898,0.02068,-0.03008,0.015497,9.909,0.0155,1.382,0.600702,,,,,,,,,0.041515,0.9048,21.633,0.9796,3.441693,15,8.254049,0.23891,0,0.898,0.05046,-0.02456,0.042807,23.139,0.04281,1.954,3.874881,0.9184,0.07488,-0.03097,0.06624,31.853,0.06624,2.394,8.254049,,,,,,,,,,,,,,,,,,,,,,,,,ITDCEM_data,
Golden_Cross_State + CMF_Positive,Golden_Cross_State + CMF_Positive,combo_2,36,trend,Bullish,,,,,,,,,,,,,,,,,,,,,,,,,0.077273,0.8889,12.22,0.9444,3.220407,30,6.158216,0.40923,0,0.8611,0.06641,-0.05692,0.049276,8.451,0.04928,2.014,1.503695,,,,,,,,,0.8889,0.09919,-0.07839,0.079462,11.666,0.07946,2.848,3.347284,0.9167,0.12047,-0.08822,0.103081,16.545,0.10308,3.488,6.158216,,,,,,,,,ITDCEM_data,
VWAP_Bear,VWAP_Bear,single,15,momentum,Bearish,,,,,,,,,0.9167,0.02697,-0.00727,0.024119,52.318,-0.02412,1.666,3.498572,,,,,,,,,0.012219,0.9167,18.559,1.0,0.628751,5,3.498572,0.09503,1,0.9167,0.02949,-0.1809,0.011959,1.846,-0.01196,2.356,0.061219,0.9167,0.02158,-0.23044,0.00058,1.512,-0.00058,2.885,0.00243,,,,,,,,,,,,,,,,,,,,,,,,,ITDCEM_data,
Price_Below_SMA50 + VWAP_Bear,Price_Below_SMA50 + VWAP_Bear,combo_2,16,trend,Bearish,,,,,,,,,,,,,,,,,,,,,,,,,0.021933,0.8958,4.028,0.9375,0.23464,20,0.459226,0.02961,1,0.875,0.03823,-0.06924,0.0248,4.201,-0.0248,2.182,0.295156,,,,,,,,,0.9375,0.04177,-0.18836,0.02739,5.918,-0.02739,3.086,0.459226,0.875,0.0503,-0.24325,0.013609,1.965,-0.01361,3.779,0.075749,,,,,,,,,ITDCEM_data,
EMA_Bearish_State + CCI_Exit_Overbought,EMA_Bearish_State + CCI_Exit_Overbought,combo_2,10,momentum,Bearish,,,,,,,,,0.9,0.00943,-0.01742,0.006744,11.259,-0.00674,1.249,0.18206,,,,,,,,,0.006176,0.9333,6.717,0.9,0.089529,5,0.18206,0.03512,1,1.0,0.00781,0.0,0.00781,,-0.00781,1.766,0.018728,0.9,0.02176,-0.15608,0.003974,2.176,-0.00397,2.163,0.020732,,,,,,,,,,,,,,,,,,,,,,,,,ITDCEM_data,
BB_Upper_Touch + CMF_Strong_Bear,BB_Upper_Touch + CMF_Strong_Bear,combo_2,11,momentum,Bearish,,,,,,,,,0.7273,0.00316,-0.03526,-0.007322,1.805,0.00732,1.351,-0.03283,,,,,,,,,0.007897,0.7879,2.438,0.9091,0.043496,15,0.173608,0.33663,0,0.8182,0.02435,-0.06868,0.007438,2.547,-0.00744,1.911,0.047068,0.8182,0.04641,-0.07917,0.023574,2.964,-0.02357,2.34,0.173608,,,,,,,,,,,,,,,,,,,,,,,,,ITDCEM_data,
RSI_Cross50_Down + Death_Cross_State,RSI_Cross50_Down + Death_Cross_State,combo_2,12,trend,Bearish,,,,,,,,,,,,,,,,,,,,,,,,,0.009253,0.7778,1.676,0.8333,0.033141,20,0.095638,0.23324,0,0.6667,0.02702,-0.05605,-0.000668,1.775,0.00067,2.085,-0.003042,,,,,,,,,0.8333,0.06459,-0.20411,0.019807,1.882,-0.01981,2.949,0.095638,0.8333,0.08038,-0.35016,0.008621,1.369,-0.00862,3.612,0.030276,,,,,,,,,ITDCEM_data,
MACD_Hist_Negative + VWAP_Bear,MACD_Hist_Negative + VWAP_Bear,combo_2,13,momentum,Bearish,,,,,,,,,0.7692,0.03165,-0.04664,0.013584,2.574,-0.01358,1.654,0.092265,,,,,,,,,0.003579,0.7692,1.665,1.0,0.015729,5,0.092265,0.44993,0,0.7692,0.04156,-0.11734,0.004889,1.372,-0.00489,2.339,0.017703,0.7692,0.03215,-0.14068,-0.007737,1.051,0.00774,2.865,-0.021451,,,,,,,,,,,,,,,,,,,,,,,,,ITDCEM_data,
MACD_Bearish_State + VWAP_Bear,MACD_Bearish_State + VWAP_Bear,combo_2,13,momentum,Bearish,,,,,,,,,0.7692,0.03165,-0.04664,0.013584,2.574,-0.01358,1.654,0.092265,,,,,,,,,0.003579,0.7692,1.665,1.0,0.015729,5,0.092265,0.44993,0,0.7692,0.04156,-0.11734,0.004889,1.372,-0.00489,2.339,0.017703,0.7692,0.03215,-0.14068,-0.007737,1.051,0.00774,2.865,-0.021451,,,,,,,,,,,,,,,,,,,,,,,,,ITDCEM_data,
CDL_Harami_Bear,CDL_Harami_Bear,single,18,candle,Bearish,0.8333,0.02752,-0.07151,0.011017,1.987,-0.01102,1.062,0.064462,0.7778,0.01228,-0.07506,-0.00713,0.984,0.00713,1.372,-0.020994,,,,,,,,,0.001848,0.7778,1.416,0.8889,0.006852,3,0.064462,0.16015,0,,,,,,,,,,,,,,,,,,,,,,,,,,,,,,,,,0.7222,0.01933,-0.0443,0.001658,1.279,-0.00166,0.867,0.006242,ITDCEM_data,
BB_Upper_Reject + Williams_Overbought,BB_Upper_Reject + Williams_Overbought,combo_2,20,mean_rev,Bearish,0.8,0.01269,-0.03752,0.00265,2.444,-0.00265,1.084,0.019717,0.75,0.01704,-0.0502,0.000228,2.066,-0.00023,1.4,0.001434,0.75,0.01578,-0.0486,-0.000317,2.206,0.00032,1.656,-0.002128,0.000854,0.7667,2.239,0.95,0.005528,3,0.019717,0.2306,0,,,,,,,,,,,,,,,,,,,,,,,,,,,,,,,,,,,,,,,,,ITDCEM_data,
STRAT_BB_Stoch_Bear,BB_Upper_Reject + Stoch_Overbought,combo_2,18,mean_rev,Bearish,0.7778,0.01641,-0.04723,0.00227,1.844,-0.00227,1.065,0.012321,0.7222,0.01852,-0.06168,-0.003755,1.489,0.00376,1.375,-0.01646,0.7222,0.02506,-0.04955,0.004338,2.06,-0.00434,1.626,0.026306,0.000951,0.7407,1.797,0.9444,0.004752,7,0.026306,0.32573,0,,,,,,,,,,,,,,,,,,,,,,,,,,,,,,,,,,,,,,,,,ITDCEM_data,
BB_Upper_Reject + Stoch_Overbought,BB_Upper_Reject + Stoch_Overbought,combo_2,18,mean_rev,Bearish,0.7778,0.01641,-0.04723,0.00227,1.844,-0.00227,1.065,0.012321,0.7222,0.01852,-0.06168,-0.003755,1.489,0.00376,1.375,-0.01646,0.7222,0.02506,-0.04955,0.004338,2.06,-0.00434,1.626,0.026306,0.000951,0.7407,1.797,0.9444,0.004752,7,0.026306,0.32573,0,,,,,,,,,,,,,,,,,,,,,,,,,,,,,,,,,,,,,,,,,ITDCEM_data,
RSI_Bear_Momentum + VWAP_Bear,RSI_Bear_Momentum + VWAP_Bear,combo_2,30,momentum,Bearish,,,,,,,,,0.8333,0.01388,-0.04075,0.004777,3.236,-0.00478,1.595,0.053081,,,,,,,,,0.000102,0.8111,2.621,0.9667,0.000889,5,0.053081,0.09598,1,0.8,0.01091,-0.05153,-0.00158,2.52,0.00158,2.256,-0.013668,0.8,0.01561,-0.0769,-0.00289,2.106,0.00289,2.763,-0.020906,,,,,,,,,,,,,,,,,,,,,,,,,ITDCEM_data,
RSI_Bear_Momentum + Death_Cross_State,RSI_Bear_Momentum + Death_Cross_State,combo_2,16,trend,Bearish,,,,,,,,,,,,,,,,,,,,,,,,,-0.000826,0.7292,1.536,0.9375,-0.003371,20,0.021408,0.42207,0,0.6875,0.0255,-0.04915,0.002175,2.271,-0.00217,2.135,0.01399,,,,,,,,,0.75,0.06226,-0.16398,0.005699,1.326,-0.0057,3.019,0.021408,0.75,0.0652,-0.23701,-0.010353,1.011,0.01035,3.697,-0.029665,,,,,,,,,ITDCEM_data,
STRAT_BB_RSI_Overbought_Reject,BB_Upper_Touch + RSI_Overbought,combo_2,22,mean_rev,Bearish,0.6818,0.00982,-0.04745,-0.008401,1.144,0.0084,1.094,-0.030132,0.5455,0.02919,-0.03523,-9.4e-05,1.544,9e-05,1.413,-0.000455,0.6364,0.02538,-0.08098,-0.013298,0.813,0.0133,1.672,-0.041694,-0.007264,0.6212,1.167,0.8636,-0.022957,5,-0.000455,0.66639,0,,,,,,,,,,,,,,,,,,,,,,,,,,,,,,,,,,,,,,,,,ITDCEM_data,
RSI_Overbought + BB_Upper_Touch,RSI_Overbought + BB_Upper_Touch,combo_2,22,mean_rev,Bearish,0.6818,0.00982,-0.04745,-0.008401,1.144,0.0084,1.094,-0.030132,0.5455,0.02919,-0.03523,-9.4e-05,1.544,9e-05,1.413,-0.000455,0.6364,0.02538,-0.08098,-0.013298,0.813,0.0133,1.672,-0.041694,-0.007264,0.6212,1.167,0.8636,-0.022957,5,-0.000455,0.66639,0,,,,,,,,,,,,,,,,,,,,,,,,,,,,,,,,,,,,,,,,,ITDCEM_data,
RSI_Overbought + CCI_Overbought,RSI_Overbought + CCI_Overbought,combo_2,31,mean_rev,Bearish,0.7097,0.01323,-0.04402,-0.003393,1.569,0.00339,1.056,-0.01845,0.6452,0.00973,-0.04207,-0.008648,1.594,0.00865,1.363,-0.04779,0.7097,0.02439,-0.06805,-0.002448,1.712,0.00245,1.613,-0.014526,-0.00483,0.6882,1.625,0.9355,-0.025449,7,-0.014526,0.53385,0,,,,,,,,,,,,,,,,,,,,,,,,,,,,,,,,,,,,,,,,,ITDCEM_data,
RSI_Cross50_Down + VWAP_Bear,RSI_Cross50_Down + VWAP_Bear,combo_2,19,momentum,Bearish,,,,,,,,,0.7895,0.01322,-0.04913,9.1e-05,1.808,-9e-05,1.535,0.000491,,,,,,,,,-0.004557,0.807,1.991,0.9474,-0.025748,5,0.000491,0.15093,0,0.7895,0.00409,-0.05605,-0.008573,1.86,0.00857,2.171,-0.047755,0.8421,0.01368,-0.1058,-0.005187,2.305,0.00519,2.659,-0.035827,,,,,,,,,,,,,,,,,,,,,,,,,ITDCEM_data,
CMF_Negative + VWAP_Bear,CMF_Negative + VWAP_Bear,combo_2,18,momentum,Bearish,,,,,,,,,0.7222,0.02857,-0.04326,0.008616,2.066,-0.00862,1.63,0.052411,,,,,,,,,-0.008136,0.7593,1.156,0.9444,-0.026147,5,0.052411,0.36392,0,0.7778,0.02642,-0.15144,-0.013103,0.723,0.0131,2.306,-0.038581,0.7778,0.02612,-0.18106,-0.01992,0.678,0.01992,2.824,-0.058652,,,,,,,,,,,,,,,,,,,,,,,,,ITDCEM_data,
CCI_Exit_Overbought + CDL_Engulfing_Bear,CCI_Exit_Overbought + CDL_Engulfing_Bear,combo_2,11,mean_rev,Bearish,0.7273,0.00144,-0.03926,-0.009664,1.032,0.00966,1.1,-0.024782,0.5455,0.02046,-0.05038,-0.011738,0.792,0.01174,1.421,-0.029168,0.6364,0.0196,-0.09817,-0.023224,0.558,0.02322,1.681,-0.057711,-0.014876,0.6364,0.794,0.8182,-0.030244,3,-0.024782,0.56492,0,,,,,,,,,,,,,,,,,,,,,,,,,,,,,,,,,,,,,,,,,ITDCEM_data,
RSI_Exit_Overbought + BB_Upper_Reject,RSI_Exit_Overbought + BB_Upper_Reject,combo_2,10,mean_rev,Bearish,0.7,0.01254,-0.02928,-2e-06,1.938,0.0,1.19,-9e-06,0.6,0.005,-0.04716,-0.015866,0.765,0.01587,1.537,-0.038046,0.6,0.01626,-0.07943,-0.022014,0.654,0.02201,1.818,-0.052787,-0.012627,0.6333,1.119,0.9,-0.030494,3,-9e-06,0.64574,0,,,,,,,,,,,,,,,,,,,,,,,,,,,,,,,,,,,,,,,,,ITDCEM_data,
RSI_Overbought + Stoch_Overbought,RSI_Overbought + Stoch_Overbought,combo_2,20,mean_rev,Bearish,0.75,0.01037,-0.03912,-0.002005,1.614,0.00201,1.053,-0.009851,0.7,0.00843,-0.05371,-0.010213,1.334,0.01021,1.359,-0.04149,0.7,0.01318,-0.0633,-0.009768,1.424,0.00977,1.608,-0.042351,-0.007329,0.7167,1.457,0.95,-0.030892,3,-0.009851,0.40913,0,,,,,,,,,,,,,,,,,,,,,,,,,,,,,,,,,,,,,,,,,ITDCEM_data,
RSI_Cross50_Down + OBV_Trend_Bear,RSI_Cross50_Down + OBV_Trend_Bear,combo_2,22,momentum,Bearish,,,,,,,,,0.7273,0.01417,-0.05846,-0.005637,0.967,0.00564,1.413,-0.017675,,,,,,,,,-0.010312,0.7121,1.012,0.9545,-0.031239,5,-0.017675,0.5446,0,0.7273,0.00791,-0.07373,-0.014355,0.924,0.01435,1.999,-0.04501,0.6818,0.01138,-0.05878,-0.010943,1.145,0.01094,2.448,-0.039299,,,,,,,,,,,,,,,,,,,,,,,,,ITDCEM_data,
CCI_Overbought + CDL_ShootingStar,CCI_Overbought + CDL_ShootingStar,combo_2,13,mean_rev,Bearish,0.9231,-0.00276,-0.09818,-0.010098,1.85,0.0101,1.108,-0.049292,0.7692,0.00571,-0.03724,-0.004203,2.731,0.0042,1.43,-0.030292,0.8462,0.01112,-0.08875,-0.004246,2.463,0.00425,1.693,-0.027597,-0.006182,0.8462,2.348,0.8462,-0.032413,7,-0.027597,0.06119,1,,,,,,,,,,,,,,,,,,,,,,,,,,,,,,,,,,,,,,,,,ITDCEM_data,
CDL_GravestoneDoji,CDL_GravestoneDoji,single,13,candle,Bearish,0.6154,-0.00914,-0.03747,-0.020037,0.211,0.02004,1.084,-0.052878,0.5385,0.01462,-0.03467,-0.008131,0.954,0.00813,1.399,-0.021459,,,,,,,,,-0.014976,0.5385,0.462,0.8462,-0.033443,5,-0.021459,0.8337,0,,,,,,,,,,,,,,,,,,,,,,,,,,,,,,,,,0.4615,-0.00424,-0.0275,-0.016761,0.22,0.01676,0.885,-0.044232,ITDCEM_data,
Stoch_Cross_Down + CCI_Exit_Overbought,Stoch_Cross_Down + CCI_Exit_Overbought,combo_2,18,mean_rev,Bearish,0.7222,0.00053,-0.03001,-0.007954,1.446,0.00795,1.109,-0.033865,0.6667,0.00306,-0.05961,-0.017828,0.731,0.01783,1.432,-0.052494,0.6667,0.02553,-0.06348,-0.004138,1.447,0.00414,1.695,-0.017634,-0.009973,0.6852,1.208,0.9444,-0.033508,7,-0.017634,0.52828,0,,,,,,,,,,,,,,,,,,,,,,,,,,,,,,,,,,,,,,,,,ITDCEM_data,
