SignalName,Components,Type,Count,HorizonClass,Direction,WinRate_MFE_3D,AvgWin_3D,AvgLoss_3D,EV_3D,ProfitFactor_3D,AvgReturn_Close_3D,MedianReturn_Close_3D,WinRate_HitEV_3D,AvgMinMovePct_3D,Top1_Trade_Share_3D,EV_Excess_3D,ExcessDataCount_3D,MFE_Target_P10_3D,MFE_Target_P20_3D,MFE_Target_P30_3D,CompositeScore_3D,WinRate_MFE_5D,AvgWin_5D,AvgLoss_5D,EV_5D,ProfitFactor_5D,AvgReturn_Close_5D,MedianReturn_Close_5D,WinRate_HitEV_5D,AvgMinMovePct_5D,Top1_Trade_Share_5D,EV_Excess_5D,ExcessDataCount_5D,MFE_Target_P10_5D,MFE_Target_P20_5D,MFE_Target_P30_5D,CompositeScore_5D,WinRate_MFE_7D,AvgWin_7D,AvgLoss_7D,EV_7D,ProfitFactor_7D,AvgReturn_Close_7D,MedianReturn_Close_7D,WinRate_HitEV_7D,AvgMinMovePct_7D,Top1_Trade_Share_7D,EV_Excess_7D,ExcessDataCount_7D,MFE_Target_P10_7D,MFE_Target_P20_7D,MFE_Target_P30_7D,CompositeScore_7D,AvgEV,AvgWinRate,AvgProfitFactor,Consistency,CompositeScore,BestHorizon,BestHorizonComposite,AvgMedianReturn,AvgWinRate_HitEV,MaxTop1TradeShare,Concentration_Flag,RegimeTested_Flag,AvgEV_Excess,Target1_Conservative_BestHorizon,Target2_Median_BestHorizon,Target3_Stretch_BestHorizon,Fisher_p_min,Fisher_sig_flag,WinRate_MFE_10D,AvgWin_10D,AvgLoss_10D,EV_10D,ProfitFactor_10D,AvgReturn_Close_10D,MedianReturn_Close_10D,WinRate_HitEV_10D,AvgMinMovePct_10D,Top1_Trade_Share_10D,EV_Excess_10D,ExcessDataCount_10D,MFE_Target_P10_10D,MFE_Target_P20_10D,MFE_Target_P30_10D,CompositeScore_10D,WinRate_MFE_15D,AvgWin_15D,AvgLoss_15D,EV_15D,ProfitFactor_15D,AvgReturn_Close_15D,MedianReturn_Close_15D,WinRate_HitEV_15D,AvgMinMovePct_15D,Top1_Trade_Share_15D,EV_Excess_15D,ExcessDataCount_15D,MFE_Target_P10_15D,MFE_Target_P20_15D,MFE_Target_P30_15D,CompositeScore_15D,WinRate_MFE_20D,AvgWin_20D,AvgLoss_20D,EV_20D,ProfitFactor_20D,AvgReturn_Close_20D,MedianReturn_Close_20D,WinRate_HitEV_20D,AvgMinMovePct_20D,Top1_Trade_Share_20D,EV_Excess_20D,ExcessDataCount_20D,MFE_Target_P10_20D,MFE_Target_P20_20D,MFE_Target_P30_20D,CompositeScore_20D,WinRate_MFE_30D,AvgWin_30D,AvgLoss_30D,EV_30D,ProfitFactor_30D,AvgReturn_Close_30D,MedianReturn_Close_30D,WinRate_HitEV_30D,AvgMinMovePct_30D,Top1_Trade_Share_30D,EV_Excess_30D,ExcessDataCount_30D,MFE_Target_P10_30D,MFE_Target_P20_30D,MFE_Target_P30_30D,CompositeScore_30D,WinRate_MFE_2D,AvgWin_2D,AvgLoss_2D,EV_2D,ProfitFactor_2D,AvgReturn_Close_2D,MedianReturn_Close_2D,WinRate_HitEV_2D,AvgMinMovePct_2D,Top1_Trade_Share_2D,EV_Excess_2D,ExcessDataCount_2D,MFE_Target_P10_2D,MFE_Target_P20_2D,MFE_Target_P30_2D,CompositeScore_2D,Symbol,Company,ScoredThrough
Price_Above_SMA50 + MACD_Bullish_State,Price_Above_SMA50 + MACD_Bullish_State,combo_2,35,trend,Bullish,,,,,,,,,,,,,,,,,,,,,,,,,,,,,,,,,,,,,,,,,,,,,,,,,0.126628,0.9524,35.643,0.9714,4.408081,30,5.451538,0.0776,0.4381,0.141,0,1,0.115105,0.08687,0.14448,0.15793,0.0005,1,0.9429,0.10623,-0.04733,0.097459,45.06,0.09832,0.03763,0.4,2.129,0.141,0.084445,35.0,0.03989,0.04499,0.05372,3.492465,,,,,,,,,,,,,,,,,0.9429,0.14513,-0.1144,0.130296,24.49,0.13127,0.12236,0.4857,3.011,0.1141,0.11844,35.0,0.06152,0.1145,0.15426,4.669188,0.9714,0.16193,-0.18107,0.152128,37.378,0.14998,0.0728,0.4286,3.688,0.0939,0.142431,35.0,0.08687,0.14448,0.15793,5.451538,,,,,,,,,,,,,,,,,NAGAFERT_data,,2026-08-24
Price_Above_SMA50 + MACD_Hist_Positive,Price_Above_SMA50 + MACD_Hist_Positive,combo_2,35,trend,Bullish,,,,,,,,,,,,,,,,,,,,,,,,,,,,,,,,,,,,,,,,,,,,,,,,,0.126628,0.9524,35.643,0.9714,4.408081,30,5.451538,0.0776,0.4381,0.141,0,1,0.115105,0.08687,0.14448,0.15793,0.0005,1,0.9429,0.10623,-0.04733,0.097459,45.06,0.09832,0.03763,0.4,2.129,0.141,0.084445,35.0,0.03989,0.04499,0.05372,3.492465,,,,,,,,,,,,,,,,,0.9429,0.14513,-0.1144,0.130296,24.49,0.13127,0.12236,0.4857,3.011,0.1141,0.11844,35.0,0.06152,0.1145,0.15426,4.669188,0.9714,0.16193,-0.18107,0.152128,37.378,0.14998,0.0728,0.4286,3.688,0.0939,0.142431,35.0,0.08687,0.14448,0.15793,5.451538,,,,,,,,,,,,,,,,,NAGAFERT_data,,2026-08-24
CMF_Positive + VWAP_Bull,CMF_Positive + VWAP_Bull,combo_2,16,momentum,Bullish,,,,,,,,,,,,,,,,,0.9375,0.08533,-0.11528,0.072794,12.798,0.07186,0.05854,0.4375,1.839,0.1737,0.059657,16.0,0.03157,0.07107,0.07979,2.0624,,,,,,,,,,,,,,,,,0.102417,0.9375,13.0,1.0,2.901696,15,3.951774,0.04556,0.3542,0.3353,0,1,0.088728,0.06714,0.09894,0.14648,0.09083,1,0.9375,0.11286,-0.1732,0.094978,11.952,0.09483,0.02505,0.375,2.6,0.2818,0.081247,16.0,0.06714,0.0942,0.11222,2.690916,0.9375,0.16194,-0.19747,0.13948,14.249,0.14231,0.0531,0.25,3.185,0.3353,0.12528,16.0,0.06714,0.09894,0.14648,3.951774,,,,,,,,,,,,,,,,,,,,,,,,,,,,,,,,,,,,,,,,,,,,,,,,,NAGAFERT_data,,2026-08-24
MACD_Hist_Rising + CDL_DragonFlyDoji,MACD_Hist_Rising + CDL_DragonFlyDoji,combo_2,26,momentum,Bullish,,,,,,,,,,,,,,,,,0.9615,0.07832,-0.07404,0.072462,29.175,0.0715,0.05475,0.4231,1.434,0.1216,0.071022,26.0,0.04761,0.0565,0.08316,2.388246,,,,,,,,,,,,,,,,,0.077965,0.9615,26.542,1.0,2.569607,15,2.795717,0.04912,0.4359,0.2342,0,1,0.07636,0.06746,0.08372,0.11559,0.01006,1,0.9615,0.08304,-0.08424,0.076608,32.493,0.07866,0.05344,0.4615,2.028,0.2011,0.076149,26.0,0.06746,0.08372,0.11559,2.524859,0.9615,0.09521,-0.17473,0.084826,17.958,0.08792,0.03918,0.4231,2.484,0.2342,0.08191,26.0,0.06746,0.08372,0.11559,2.795717,,,,,,,,,,,,,,,,,,,,,,,,,,,,,,,,,,,,,,,,,,,,,,,,,NAGAFERT_data,,2026-08-24
OBV_Trend_Bull + CDL_Engulfing_Bull,OBV_Trend_Bull + CDL_Engulfing_Bull,combo_2,16,momentum,Bullish,,,,,,,,,,,,,,,,,0.9375,0.04615,-0.10176,0.036904,9.035,0.03693,0.04186,0.5,1.775,0.2268,0.036813,16.0,0.0251,0.03943,0.05319,0.944617,,,,,,,,,,,,,,,,,0.089933,0.9167,14.452,0.9375,2.388748,15,3.999608,0.0942,0.5208,0.2716,0,1,0.092484,0.05962,0.1444,0.14949,0.09083,1,0.875,0.12028,-0.10812,0.091727,8.213,0.09215,0.1189,0.5625,2.511,0.1831,0.094302,16.0,0.0251,0.064,0.12193,2.134374,0.9375,0.15678,-0.09305,0.141169,26.108,0.14513,0.12183,0.5,3.075,0.2716,0.146338,16.0,0.05962,0.1444,0.14949,3.999608,,,,,,,,,,,,,,,,,,,,,,,,,,,,,,,,,,,,,,,,,,,,,,,,,NAGAFERT_data,,2026-08-24
Price_Above_SMA50 + MACD_Cross_Up_Event,Price_Above_SMA50 + MACD_Cross_Up_Event,combo_2,13,trend,Bullish,,,,,,,,,,,,,,,,,,,,,,,,,,,,,,,,,,,,,,,,,,,,,,,,,0.095603,0.9487,10.29,0.9231,2.328939,20,2.390542,0.04338,0.4615,0.3376,0,1,0.086983,0.04994,0.08687,0.10773,0.03901,1,1.0,0.14399,0.0,0.143986,,0.14465,0.09075,0.4615,2.359,0.2596,0.131561,13.0,0.04194,0.05148,0.07549,0.379987,,,,,,,,,,,,,,,,,0.9231,0.10979,-0.13992,0.090583,12.01,0.09209,0.02397,0.4615,3.336,0.335,0.078701,13.0,0.04994,0.08687,0.10773,2.390542,0.9231,0.07168,-0.18107,0.05224,8.57,0.05321,0.01541,0.4615,4.086,0.3376,0.050688,13.0,0.04994,0.08687,0.10773,1.181523,,,,,,,,,,,,,,,,,NAGAFERT_data,,2026-08-24
Price_Above_SMA20 + VWAP_Bull,Price_Above_SMA20 + VWAP_Bull,combo_2,24,momentum,Bullish,,,,,,,,,,,,,,,,,0.9583,0.06446,-0.05091,0.059656,41.12,0.05965,0.05854,0.5,1.79,0.1267,0.055698,23.0,0.03037,0.04033,0.04916,1.920267,,,,,,,,,,,,,,,,,0.073713,0.9167,20.393,0.9167,2.175015,10,2.581121,0.0296,0.4444,0.2672,0,1,0.071418,0.03061,0.04792,0.05988,0.04134,1,0.9167,0.09838,-0.11998,0.080187,13.159,0.08072,0.0262,0.4167,2.531,0.19,0.078862,23.0,0.03061,0.04792,0.05988,2.581121,0.875,0.11668,-0.16636,0.081297,6.9,0.08234,0.00406,0.4167,3.1,0.2672,0.079694,23.0,0.03061,0.04792,0.05988,1.805561,,,,,,,,,,,,,,,,,,,,,,,,,,,,,,,,,,,,,,,,,,,,,,,,,NAGAFERT_data,,2026-08-24
MACD_Bullish_State + CDL_DragonFlyDoji,MACD_Bullish_State + CDL_DragonFlyDoji,combo_2,23,momentum,Bullish,,,,,,,,,,,,,,,,,0.8696,0.08567,-0.05346,0.067521,11.755,0.06679,0.03938,0.4348,1.409,0.1394,0.066925,23.0,0.01497,0.04468,0.06039,2.145867,,,,,,,,,,,,,,,,,0.067489,0.8841,10.45,0.9565,2.051597,5,2.145867,0.03307,0.4058,0.2475,0,1,0.06572,0.01497,0.04468,0.06039,0.08986,1,0.913,0.07838,-0.09254,0.063517,11.716,0.06885,0.04955,0.4348,1.992,0.2475,0.062823,23.0,0.023,0.08707,0.09887,2.018617,0.8696,0.09683,-0.09791,0.07143,7.881,0.07111,0.01027,0.3478,2.44,0.2182,0.067411,23.0,0.023,0.08707,0.11078,1.788971,,,,,,,,,,,,,,,,,,,,,,,,,,,,,,,,,,,,,,,,,,,,,,,,,NAGAFERT_data,,2026-08-24
MACD_Hist_Positive + CDL_DragonFlyDoji,MACD_Hist_Positive + CDL_DragonFlyDoji,combo_2,23,momentum,Bullish,,,,,,,,,,,,,,,,,0.8696,0.08567,-0.05346,0.067521,11.755,0.06679,0.03938,0.4348,1.409,0.1394,0.066925,23.0,0.01497,0.04468,0.06039,2.145867,,,,,,,,,,,,,,,,,0.067489,0.8841,10.45,0.9565,2.051597,5,2.145867,0.03307,0.4058,0.2475,0,1,0.06572,0.01497,0.04468,0.06039,0.08986,1,0.913,0.07838,-0.09254,0.063517,11.716,0.06885,0.04955,0.4348,1.992,0.2475,0.062823,23.0,0.023,0.08707,0.09887,2.018617,0.8696,0.09683,-0.09791,0.07143,7.881,0.07111,0.01027,0.3478,2.44,0.2182,0.067411,23.0,0.023,0.08707,0.11078,1.788971,,,,,,,,,,,,,,,,,,,,,,,,,,,,,,,,,,,,,,,,,,,,,,,,,NAGAFERT_data,,2026-08-24
OBV_Rising + CDL_DragonFlyDoji,OBV_Rising + CDL_DragonFlyDoji,combo_2,30,momentum,Bullish,,,,,,,,,,,,,,,,,0.9,0.07289,-0.08599,0.057006,8.492,0.05702,0.03777,0.4333,1.448,0.1199,0.055131,30.0,0.01675,0.04799,0.0725,1.662421,,,,,,,,,,,,,,,,,0.061284,0.8889,9.815,0.9667,1.996603,15,2.348909,0.02189,0.4,0.2328,0,1,0.058375,0.01675,0.0746,0.08959,0.07668,1,0.9,0.07344,-0.08284,0.057811,11.043,0.06003,0.0133,0.4,2.047,0.1996,0.055728,30.0,0.01675,0.0746,0.08959,1.985222,0.8667,0.09184,-0.07917,0.069035,9.908,0.07215,0.01459,0.3667,2.507,0.2328,0.064267,30.0,0.01675,0.0746,0.08959,2.348909,,,,,,,,,,,,,,,,,,,,,,,,,,,,,,,,,,,,,,,,,,,,,,,,,NAGAFERT_data,,2026-08-24
Price_Above_SMA20 + Price_Above_SMA50,Price_Above_SMA20 + Price_Above_SMA50,combo_2,46,trend,Bullish,,,,,,,,,,,,,,,,,,,,,,,,,,,,,,,,,,,,,,,,,,,,,,,,,0.091032,0.8188,5.878,0.9348,1.925815,20,2.20218,0.03194,0.4275,0.1345,0,1,0.084508,0.01888,0.04115,0.09128,0.15325,0,0.8478,0.08886,-0.09466,0.060938,7.036,0.06148,0.01244,0.3913,2.292,0.1284,0.052353,45.0,0.01543,0.03133,0.04486,1.650759,,,,,,,,,,,,,,,,,0.7826,0.16594,-0.12839,0.101954,5.61,0.1055,0.03815,0.4565,3.242,0.1345,0.093723,45.0,0.01888,0.04115,0.09128,2.20218,0.8261,0.17745,-0.20922,0.110203,4.988,0.11074,0.04524,0.4348,3.97,0.0865,0.107448,45.0,0.02574,0.07941,0.13422,2.116474,,,,,,,,,,,,,,,,,NAGAFERT_data,,2026-08-24
EMA_Bullish_State + CDL_DragonFlyDoji,EMA_Bullish_State + CDL_DragonFlyDoji,combo_2,17,momentum,Bullish,,,,,,,,,,,,,,,,,0.9412,0.07012,-0.08263,0.061139,15.857,0.06021,0.03766,0.4706,1.348,0.1993,0.060735,17.0,0.03499,0.0499,0.07479,1.767153,,,,,,,,,,,,,,,,,0.070481,0.9216,28.344,0.9412,1.917325,15,2.362124,0.01754,0.451,0.3528,0,1,0.067769,0.03499,0.08001,0.0902,0.08407,1,0.9412,0.0768,-0.06303,0.068579,28.291,0.07073,0.00619,0.4706,1.907,0.3088,0.067302,17.0,0.03499,0.08001,0.0902,1.982196,0.8824,0.09602,-0.02551,0.081724,40.884,0.08431,0.00877,0.4118,2.336,0.3528,0.07527,17.0,0.03499,0.08001,0.0902,2.362124,,,,,,,,,,,,,,,,,,,,,,,,,,,,,,,,,,,,,,,,,,,,,,,,,NAGAFERT_data,,2026-08-24
RSI_Cross50_Up + Price_Above_SMA20,RSI_Cross50_Up + Price_Above_SMA20,combo_2,40,momentum,Bullish,,,,,,,,,,,,,,,,,0.95,0.04361,-0.07951,0.037458,16.094,0.03371,0.01272,0.375,1.647,0.104,0.029052,40.0,0.02759,0.03542,0.04593,1.39104,,,,,,,,,,,,,,,,,0.050859,0.9333,10.878,0.975,1.841485,10,1.781657,0.00226,0.3917,0.1417,0,1,0.043655,0.0342,0.04559,0.05831,0.01012,1,0.925,0.075,-0.15799,0.057523,8.34,0.05801,-0.00291,0.375,2.329,0.1361,0.050326,40.0,0.0342,0.04559,0.05831,1.781657,0.925,0.07566,-0.16515,0.057597,8.2,0.0563,-0.00305,0.425,2.852,0.1417,0.051587,40.0,0.0342,0.04596,0.06721,1.753829,,,,,,,,,,,,,,,,,,,,,,,,,,,,,,,,,,,,,,,,,,,,,,,,,NAGAFERT_data,,2026-08-24
Price_Above_SMA50 + CMF_Positive,Price_Above_SMA50 + CMF_Positive,combo_2,21,trend,Bullish,,,,,,,,,,,,,,,,,,,,,,,,,,,,,,,,,,,,,,,,,,,,,,,,,0.091617,0.8254,6.821,0.9524,1.839757,20,3.426385,0.00361,0.3492,0.265,0,1,0.080225,0.00931,0.03493,0.11521,0.28851,0,0.8571,0.08589,-0.12284,0.056068,6.331,0.05516,0.01083,0.381,2.356,0.2498,0.049621,21.0,0.00931,0.03493,0.08953,1.097146,,,,,,,,,,,,,,,,,0.8095,0.184,-0.10772,0.128437,8.631,0.12966,0.02899,0.3333,3.332,0.265,0.118229,21.0,0.00931,0.03493,0.11521,3.426385,0.8095,0.14916,-0.1596,0.090345,5.503,0.09032,-0.02899,0.3333,4.08,0.2256,0.072824,21.0,0.02041,0.08953,0.12014,1.53673,,,,,,,,,,,,,,,,,NAGAFERT_data,,2026-08-24
MACD_Hist_Rising + CDL_Engulfing_Bull,MACD_Hist_Rising + CDL_Engulfing_Bull,combo_2,25,momentum,Bullish,,,,,,,,,,,,,,,,,0.96,0.05062,-0.09786,0.044683,15.36,0.04481,0.02874,0.48,1.847,0.1709,0.037146,25.0,0.02323,0.03297,0.04525,1.455805,,,,,,,,,,,,,,,,,0.061163,0.92,10.193,0.92,1.833318,15,2.024686,0.04862,0.48,0.2289,0,1,0.051756,0.03219,0.0442,0.07973,0.03457,1,0.88,0.09056,-0.12092,0.065185,6.779,0.06745,0.06982,0.52,2.612,0.1777,0.055435,25.0,0.02323,0.04396,0.07973,1.439779,0.92,0.09478,-0.1697,0.07362,8.441,0.07616,0.0473,0.44,3.199,0.2289,0.062688,25.0,0.03219,0.0442,0.07973,2.024686,,,,,,,,,,,,,,,,,,,,,,,,,,,,,,,,,,,,,,,,,,,,,,,,,NAGAFERT_data,,2026-08-24
Price_Above_SMA20 + CDL_Engulfing_Bull,Price_Above_SMA20 + CDL_Engulfing_Bull,combo_2,14,momentum,Bullish,,,,,,,,,,,,,,,,,0.9286,0.04543,-0.09966,0.03507,7.452,0.03479,0.02067,0.4286,1.612,0.2804,0.029815,14.0,0.03154,0.03904,0.04758,0.707698,,,,,,,,,,,,,,,,,0.067049,0.9286,11.386,1.0,1.815722,10,2.300865,0.05877,0.4762,0.2804,0,1,0.066707,0.04437,0.09019,0.09846,0.13708,0,0.9286,0.0994,-0.10268,0.084964,12.877,0.08391,0.06433,0.4286,2.28,0.2062,0.082102,14.0,0.04437,0.09019,0.09846,2.300865,0.9286,0.09471,-0.09569,0.081114,13.83,0.08076,0.09129,0.5714,2.792,0.1925,0.088205,14.0,0.09692,0.12613,0.14716,2.196599,,,,,,,,,,,,,,,,,,,,,,,,,,,,,,,,,,,,,,,,,,,,,,,,,NAGAFERT_data,,2026-08-24
OBV_Rising + CDL_Engulfing_Bull,OBV_Rising + CDL_Engulfing_Bull,combo_2,33,momentum,Bullish,,,,,,,,,,,,,,,,,0.9697,0.03417,-0.09116,0.030375,17.261,0.03051,0.0125,0.3939,1.845,0.1626,0.025977,33.0,0.02617,0.03587,0.04347,1.071143,,,,,,,,,,,,,,,,,0.0547,0.9394,12.077,0.9394,1.812019,15,2.782804,0.033,0.4343,0.179,0,1,0.050143,0.04226,0.06719,0.08988,0.00792,1,0.9091,0.07238,-0.12087,0.054811,7.612,0.0571,0.04327,0.4848,2.609,0.1577,0.049251,33.0,0.02623,0.05119,0.08009,1.471294,0.9394,0.09439,-0.16097,0.078914,11.357,0.08148,0.04324,0.4242,3.195,0.179,0.075201,33.0,0.04226,0.06719,0.08988,2.782804,,,,,,,,,,,,,,,,,,,,,,,,,,,,,,,,,,,,,,,,,,,,,,,,,NAGAFERT_data,,2026-08-24
Golden_Cross_State + MACD_Cross_Up_Event,Golden_Cross_State + MACD_Cross_Up_Event,combo_2,14,trend,Bullish,,,,,,,,,,,,,,,,,,,,,,,,,,,,,,,,,,,,,,,,,,,,,,,,,0.069362,0.881,14.222,0.9286,1.744184,20,2.236873,0.03152,0.4286,0.338,0,1,0.053505,0.02975,0.06248,0.09244,0.10167,0,0.8571,0.06507,-0.05759,0.047549,11.73,0.05029,-0.04406,0.4286,2.59,0.338,0.035786,14.0,0.02275,0.02951,0.03862,1.287659,,,,,,,,,,,,,,,,,0.8571,0.10762,-0.06754,0.082601,11.66,0.0828,0.08314,0.5,3.663,0.21,0.065248,14.0,0.02975,0.06248,0.09244,2.236873,0.9286,0.09055,-0.08602,0.077935,19.275,0.07485,0.05549,0.3571,4.487,0.2394,0.059482,14.0,0.05091,0.0876,0.1793,2.110524,,,,,,,,,,,,,,,,,NAGAFERT_data,,2026-08-24
CMF_Positive + OBV_Rising,CMF_Positive + OBV_Rising,combo_2,40,momentum,Bullish,,,,,,,,,,,,,,,,,0.9,0.03191,-0.04854,0.023862,11.656,0.02191,-0.01686,0.4,1.691,0.1171,0.017205,39.0,0.01981,0.03117,0.03459,0.886126,,,,,,,,,,,,,,,,,0.048395,0.8833,12.601,0.95,1.707333,15,2.497172,-0.01124,0.3583,0.1835,0,1,0.038045,0.02226,0.03458,0.05854,0.04049,1,0.9,0.05918,-0.0557,0.047694,17.015,0.04625,-0.00851,0.325,2.391,0.1588,0.036548,39.0,0.02226,0.03369,0.04419,1.771146,0.85,0.10279,-0.09163,0.07363,9.133,0.07284,-0.00834,0.35,2.928,0.1835,0.060382,39.0,0.02226,0.03458,0.05854,2.497172,,,,,,,,,,,,,,,,,,,,,,,,,,,,,,,,,,,,,,,,,,,,,,,,,NAGAFERT_data,,2026-08-24
Stoch_Bull_Zone + CDL_Engulfing_Bull,Stoch_Bull_Zone + CDL_Engulfing_Bull,combo_2,20,momentum,Bullish,,,,,,,,,,,,,,,,,1.0,0.04493,0.0,0.044931,,0.04575,0.03786,0.5,1.769,0.1925,0.034299,20.0,0.028,0.04131,0.04727,0.136792,,,,,,,,,,,,,,,,,0.058106,0.9833,19.151,0.95,1.68059,10,2.024387,0.04858,0.4833,0.3243,0,1,0.046073,0.04038,0.05795,0.09145,0.00552,1,0.95,0.07511,-0.0973,0.066493,19.151,0.06711,0.06189,0.5,2.502,0.1742,0.052374,20.0,0.04038,0.05795,0.09145,2.024387,1.0,0.06289,0.0,0.062894,,0.07166,0.04599,0.45,3.064,0.3243,0.051545,20.0,0.04312,0.05795,0.09145,0.191482,,,,,,,,,,,,,,,,,,,,,,,,,,,,,,,,,,,,,,,,,,,,,,,,,NAGAFERT_data,,2026-08-24
OBV_Trend_Bull + CDL_DragonFlyDoji,OBV_Trend_Bull + CDL_DragonFlyDoji,combo_2,23,momentum,Bullish,,,,,,,,,,,,,,,,,0.913,0.07793,-0.0991,0.06254,9.007,0.06255,0.04128,0.4783,1.298,0.1463,0.061381,23.0,0.01724,0.04468,0.06886,1.790225,,,,,,,,,,,,,,,,,0.05366,0.8986,10.224,0.9565,1.631213,5,1.790225,0.0332,0.4638,0.2698,0,1,0.05242,0.01724,0.04468,0.06886,0.08986,1,0.913,0.06606,-0.07364,0.05391,13.439,0.05824,0.04955,0.4783,1.836,0.2698,0.053615,23.0,0.023,0.0864,0.11291,1.713273,0.8696,0.0625,-0.07525,0.044532,8.226,0.04604,0.00877,0.4348,2.249,0.2623,0.042265,23.0,0.023,0.0864,0.11928,1.164163,,,,,,,,,,,,,,,,,,,,,,,,,,,,,,,,,,,,,,,,,,,,,,,,,NAGAFERT_data,,2026-08-24
CDL_DragonFlyDoji,CDL_DragonFlyDoji,single,31,candle,Bullish,0.8387,0.06296,-0.03227,0.047597,11.121,0.0476,0.03578,0.4194,1.124,0.0845,0.044654,31.0,0.0,0.01701,0.04348,1.649604,0.871,0.07289,-0.06903,0.05458,7.934,0.05459,0.03766,0.4194,1.451,0.1199,0.05216,31.0,0.01446,0.04698,0.0565,1.500717,,,,,,,,,,,,,,,,,0.045976,0.8602,9.844,0.9677,1.517952,3,1.649604,0.03374,0.4409,0.1199,0,1,0.044056,0.0,0.01701,0.04348,0.25375,0,,,,,,,,,,,,,,,,,,,,,,,,,,,,,,,,,,,,,,,,,,,,,,,,,,,,,,,,,,,,,,,,,0.871,0.04577,-0.03186,0.035751,10.477,0.03577,0.02778,0.4839,0.918,0.0753,0.035354,31.0,0.0,0.01701,0.03835,1.239042,NAGAFERT_data,,2026-08-24
Price_Above_SMA20 + MACD_Hist_Positive,Price_Above_SMA20 + MACD_Hist_Positive,combo_2,45,momentum,Bullish,,,,,,,,,,,,,,,,,0.8889,0.04011,-0.06236,0.028728,8.179,0.02498,0.00581,0.3778,1.645,0.1046,0.018838,45.0,0.01544,0.02997,0.03626,0.899587,,,,,,,,,,,,,,,,,0.042783,0.8667,9.272,0.9556,1.45124,10,2.241834,-0.00974,0.3481,0.1825,0,1,0.030271,0.02198,0.03474,0.04194,0.10357,0,0.8667,0.07669,-0.05934,0.058554,12.147,0.05579,-0.01124,0.3111,2.326,0.1387,0.044222,45.0,0.02198,0.03474,0.04194,2.241834,0.8444,0.06196,-0.07234,0.041067,7.49,0.03709,-0.02381,0.3556,2.849,0.1825,0.027752,45.0,0.02198,0.03474,0.0421,1.177682,,,,,,,,,,,,,,,,,,,,,,,,,,,,,,,,,,,,,,,,,,,,,,,,,NAGAFERT_data,,2026-08-24
Price_Above_SMA20 + MACD_Bullish_State,Price_Above_SMA20 + MACD_Bullish_State,combo_2,45,momentum,Bullish,,,,,,,,,,,,,,,,,0.8889,0.04011,-0.06236,0.028728,8.179,0.02498,0.00581,0.3778,1.645,0.1046,0.018838,45.0,0.01544,0.02997,0.03626,0.899587,,,,,,,,,,,,,,,,,0.042783,0.8667,9.272,0.9556,1.45124,10,2.241834,-0.00974,0.3481,0.1825,0,1,0.030271,0.02198,0.03474,0.04194,0.10357,0,0.8667,0.07669,-0.05934,0.058554,12.147,0.05579,-0.01124,0.3111,2.326,0.1387,0.044222,45.0,0.02198,0.03474,0.04194,2.241834,0.8444,0.06196,-0.07234,0.041067,7.49,0.03709,-0.02381,0.3556,2.849,0.1825,0.027752,45.0,0.02198,0.03474,0.0421,1.177682,,,,,,,,,,,,,,,,,,,,,,,,,,,,,,,,,,,,,,,,,,,,,,,,,NAGAFERT_data,,2026-08-24
STRAT_Volume_OBV_Bull,Volume_Spike + OBV_Trend_Bull,combo_2,74,momentum,Bullish,,,,,,,,,,,,,,,,,0.9595,0.03571,-0.0705,0.031409,22.166,0.03026,0.00013,0.4189,1.629,0.0572,0.031409,74.0,0.02166,0.03428,0.04646,1.356064,,,,,,,,,,,,,,,,,0.035159,0.9279,14.812,0.9459,1.435942,10,1.787447,-0.00749,0.3919,0.1476,0,1,0.034913,0.02412,0.04565,0.04821,0.00013,1,0.9189,0.05213,-0.08022,0.0414,13.785,0.04143,-0.00904,0.3649,2.303,0.0906,0.041721,74.0,0.02412,0.04565,0.04821,1.787447,0.9054,0.04678,-0.10236,0.032669,8.484,0.03424,-0.01356,0.3919,2.821,0.1476,0.031609,74.0,0.03219,0.04664,0.04909,1.196657,,,,,,,,,,,,,,,,,,,,,,,,,,,,,,,,,,,,,,,,,,,,,,,,,NAGAFERT_data,,2026-08-24
Death_Cross_State + Price_Below_SMA20,Death_Cross_State + Price_Below_SMA20,combo_2,35,trend,Bearish,,,,,,,,,,,,,,,,,,,,,,,,,,,,,,,,,,,,,,,,,,,,,,,,,0.042863,0.9429,8.719,0.9429,1.262774,30,2.404656,-0.06309,0.6286,0.2081,0,1,0.051646,0.07815,0.10496,0.11504,0.0122,1,0.9143,0.0216,-0.05737,0.014827,7.133,-0.01598,-0.03279,0.6857,2.494,0.2081,0.024803,35.0,0.03279,0.04064,0.04644,0.378994,,,,,,,,,,,,,,,,,0.9429,0.05974,-0.16919,0.046658,7.647,-0.04536,-0.06557,0.6,3.526,0.1022,0.057588,35.0,0.06972,0.07813,0.09195,1.278626,0.9714,0.07889,-0.33379,0.067103,11.378,-0.06419,-0.09091,0.6,4.319,0.1054,0.072547,35.0,0.07815,0.10496,0.11504,2.404656,,,,,,,,,,,,,,,,,NAGAFERT_data,,
OBV_Falling + CCI_Exit_Overbought,OBV_Falling + CCI_Exit_Overbought,combo_2,29,momentum,Bearish,,,,,,,,,,,,,,,,,0.9655,0.03277,-0.06612,0.029363,18.84,-0.02599,-0.02909,0.4828,1.697,0.1624,0.023779,29.0,0.03458,0.03895,0.04345,0.99868,,,,,,,,,,,,,,,,,0.033994,0.9885,18.84,0.9655,1.116331,5,0.99868,-0.04192,0.5517,0.1624,0,1,0.025821,0.03458,0.03895,0.04345,0.00546,1,1.0,0.03412,0.0,0.034118,,-0.03381,-0.04598,0.5862,2.399,0.1095,0.021455,29.0,0.0467,0.05203,0.05868,0.116042,1.0,0.0385,0.0,0.038501,,-0.03644,-0.05069,0.5862,2.938,0.1334,0.032228,29.0,0.04917,0.05621,0.06927,0.13095,,,,,,,,,,,,,,,,,,,,,,,,,,,,,,,,,,,,,,,,,,,,,,,,,NAGAFERT_data,,
Price_Below_SMA20 + Price_Below_SMA50,Price_Below_SMA20 + Price_Below_SMA50,combo_2,52,trend,Bearish,,,,,,,,,,,,,,,,,,,,,,,,,,,,,,,,,,,,,,,,,,,,,,,,,0.045397,0.8974,6.332,0.9231,1.053518,30,2.141532,-0.06254,0.5705,0.1157,0,1,0.055715,0.07546,0.10206,0.12597,0.01598,1,0.8654,0.04365,-0.08415,0.026444,3.968,-0.02634,-0.03596,0.5769,2.678,0.1157,0.033013,52.0,0.01047,0.03854,0.04742,0.416571,,,,,,,,,,,,,,,,,0.8846,0.07571,-0.12859,0.052141,5.665,-0.04849,-0.07145,0.5962,3.788,0.0665,0.063283,52.0,0.03759,0.07903,0.0964,1.172829,0.9423,0.07278,-0.19024,0.057605,9.364,-0.05415,-0.0802,0.5385,4.639,0.0749,0.070849,52.0,0.07546,0.10206,0.12597,2.141532,,,,,,,,,,,,,,,,,NAGAFERT_data,,
Price_Below_SMA20 + CDL_Engulfing_Bear,Price_Below_SMA20 + CDL_Engulfing_Bear,combo_2,73,momentum,Bearish,,,,,,,,,,,,,,,,,0.8493,0.02676,-0.04209,0.016385,5.356,-0.01619,-0.01857,0.5205,1.818,0.0805,0.019628,73.0,0.01292,0.02267,0.03012,0.377698,,,,,,,,,,,,,,,,,0.025695,0.895,9.966,0.9178,1.011569,15,1.501462,-0.0374,0.5616,0.0805,0,1,0.031189,0.04481,0.05961,0.0724,0.0158,1,0.9041,0.03393,-0.05065,0.025817,11.706,-0.02423,-0.0398,0.6164,2.572,0.065,0.03143,73.0,0.02473,0.04171,0.05639,1.111168,0.9315,0.04402,-0.08931,0.034885,12.835,-0.02908,-0.05383,0.5479,3.15,0.0688,0.042508,73.0,0.04481,0.05961,0.0724,1.501462,,,,,,,,,,,,,,,,,,,,,,,,,,,,,,,,,,,,,,,,,,,,,,,,,NAGAFERT_data,,
MACD_Hist_Negative + CDL_Engulfing_Bear,MACD_Hist_Negative + CDL_Engulfing_Bear,combo_2,55,momentum,Bearish,,,,,,,,,,,,,,,,,0.8545,0.02663,-0.04521,0.016185,4.998,-0.01607,-0.0188,0.5273,1.861,0.0901,0.021425,55.0,0.01489,0.02394,0.03103,0.325655,,,,,,,,,,,,,,,,,0.030955,0.8909,8.543,0.9273,0.987137,15,1.874521,-0.03929,0.5394,0.0901,0,1,0.036949,0.0391,0.05556,0.07353,0.04642,1,0.8909,0.04063,-0.05579,0.030112,9.777,-0.02764,-0.04167,0.5455,2.632,0.0801,0.035383,55.0,0.02146,0.04444,0.05625,1.185059,0.9273,0.05869,-0.10793,0.046568,10.855,-0.03772,-0.05742,0.5455,3.223,0.0839,0.054039,55.0,0.0391,0.05556,0.07353,1.874521,,,,,,,,,,,,,,,,,,,,,,,,,,,,,,,,,,,,,,,,,,,,,,,,,NAGAFERT_data,,
MACD_Bearish_State + CDL_Engulfing_Bear,MACD_Bearish_State + CDL_Engulfing_Bear,combo_2,55,momentum,Bearish,,,,,,,,,,,,,,,,,0.8545,0.02663,-0.04521,0.016185,4.998,-0.01607,-0.0188,0.5273,1.861,0.0901,0.021425,55.0,0.01489,0.02394,0.03103,0.325655,,,,,,,,,,,,,,,,,0.030955,0.8909,8.543,0.9273,0.987137,15,1.874521,-0.03929,0.5394,0.0901,0,1,0.036949,0.0391,0.05556,0.07353,0.04642,1,0.8909,0.04063,-0.05579,0.030112,9.777,-0.02764,-0.04167,0.5455,2.632,0.0801,0.035383,55.0,0.02146,0.04444,0.05625,1.185059,0.9273,0.05869,-0.10793,0.046568,10.855,-0.03772,-0.05742,0.5455,3.223,0.0839,0.054039,55.0,0.0391,0.05556,0.07353,1.874521,,,,,,,,,,,,,,,,,,,,,,,,,,,,,,,,,,,,,,,,,,,,,,,,,NAGAFERT_data,,
MACD_Hist_Falling + CCI_Exit_Overbought,MACD_Hist_Falling + CCI_Exit_Overbought,combo_2,31,momentum,Bearish,,,,,,,,,,,,,,,,,0.9355,0.03493,-0.12547,0.024585,5.58,-0.0235,-0.0339,0.6129,1.687,0.1446,0.017716,31.0,0.02745,0.03797,0.04403,0.475478,,,,,,,,,,,,,,,,,0.033793,0.957,7.941,0.9677,0.900077,15,1.60185,-0.04556,0.6022,0.1446,0,1,0.025878,0.04785,0.05764,0.08046,0.02728,1,0.9677,0.03922,-0.22887,0.030576,7.179,-0.02556,-0.05106,0.6452,2.386,0.0962,0.019063,31.0,0.04403,0.05372,0.06182,0.760792,0.9677,0.05375,-0.17975,0.04622,11.064,-0.04372,-0.05172,0.5484,2.922,0.112,0.040856,31.0,0.04785,0.05764,0.08046,1.60185,,,,,,,,,,,,,,,,,,,,,,,,,,,,,,,,,,,,,,,,,,,,,,,,,NAGAFERT_data,,
Death_Cross_State + MACD_Cross_Down_Event,Death_Cross_State + MACD_Cross_Down_Event,combo_2,25,trend,Bearish,,,,,,,,,,,,,,,,,,,,,,,,,,,,,,,,,,,,,,,,,,,,,,,,,0.031247,0.92,135.412,0.88,0.895894,30,1.79778,-0.03846,0.5333,0.2706,0,1,0.037392,0.03688,0.05762,0.08979,0.0596,1,0.84,0.01367,-0.03007,0.006669,7.074,-0.00637,-0.01566,0.56,2.37,0.2706,0.010225,25.0,0.00385,0.02869,0.03541,0.153697,,,,,,,,,,,,,,,,,0.96,0.0355,-0.05455,0.031894,24.256,-0.03153,-0.02669,0.44,3.352,0.2071,0.035847,25.0,0.03629,0.04396,0.06278,1.039139,0.96,0.05773,-0.00606,0.055179,374.907,-0.05692,-0.07302,0.6,4.105,0.199,0.066103,25.0,0.03688,0.05762,0.08979,1.79778,,,,,,,,,,,,,,,,,NAGAFERT_data,,
RSI_Overbought + OBV_Falling,RSI_Overbought + OBV_Falling,combo_2,11,momentum,Bearish,,,,,,,,,,,,,,,,,0.8182,0.06478,-0.02984,0.047579,12.53,-0.04687,-0.06369,0.5455,1.55,0.2602,0.051334,11.0,0.01543,0.02667,0.08121,1.182284,,,,,,,,,,,,,,,,,0.057613,0.8485,6.536,0.9091,0.850625,5,1.182284,-0.07014,0.5455,0.3198,0,1,0.062326,0.01543,0.02667,0.08121,0.44409,0,0.9091,0.08651,-0.20526,0.059986,4.343,-0.05822,-0.06173,0.5455,2.192,0.3198,0.063637,11.0,0.02667,0.07407,0.0828,0.647336,0.8182,0.12499,-0.20346,0.065273,2.735,-0.0574,-0.085,0.5455,2.684,0.2518,0.072007,11.0,0.02667,0.07407,0.1,0.443558,,,,,,,,,,,,,,,,,,,,,,,,,,,,,,,,,,,,,,,,,,,,,,,,,NAGAFERT_data,,
Death_Cross_State + MACD_Hist_Negative,Death_Cross_State + MACD_Hist_Negative,combo_2,26,trend,Bearish,,,,,,,,,,,,,,,,,,,,,,,,,,,,,,,,,,,,,,,,,,,,,,,,,0.027084,0.9231,135.822,0.8846,0.789656,30,1.611046,-0.03771,0.5385,0.2706,0,1,0.032469,0.03706,0.06067,0.0906,0.0511,1,0.8462,0.00287,-0.03007,-0.0022,7.057,0.00231,-0.01385,0.5769,2.356,0.2706,0.000637,26.0,0.00481,0.02927,0.03568,-0.051162,,,,,,,,,,,,,,,,,0.9615,0.03814,-0.05455,0.034571,26.068,-0.0342,-0.02802,0.4615,3.332,0.193,0.037318,26.0,0.03633,0.04545,0.06402,1.139417,0.9615,0.05108,-0.00606,0.048881,374.341,-0.05063,-0.07126,0.5769,4.081,0.199,0.059452,26.0,0.03706,0.06067,0.0906,1.611046,,,,,,,,,,,,,,,,,NAGAFERT_data,,
Death_Cross_State + MACD_Bearish_State,Death_Cross_State + MACD_Bearish_State,combo_2,26,trend,Bearish,,,,,,,,,,,,,,,,,,,,,,,,,,,,,,,,,,,,,,,,,,,,,,,,,0.027084,0.9231,135.822,0.8846,0.789656,30,1.611046,-0.03771,0.5385,0.2706,0,1,0.032469,0.03706,0.06067,0.0906,0.0511,1,0.8462,0.00287,-0.03007,-0.0022,7.057,0.00231,-0.01385,0.5769,2.356,0.2706,0.000637,26.0,0.00481,0.02927,0.03568,-0.051162,,,,,,,,,,,,,,,,,0.9615,0.03814,-0.05455,0.034571,26.068,-0.0342,-0.02802,0.4615,3.332,0.193,0.037318,26.0,0.03633,0.04545,0.06402,1.139417,0.9615,0.05108,-0.00606,0.048881,374.341,-0.05063,-0.07126,0.5769,4.081,0.199,0.059452,26.0,0.03706,0.06067,0.0906,1.611046,,,,,,,,,,,,,,,,,NAGAFERT_data,,
Price_Below_EMA200,Price_Below_EMA200,single,20,trend,Bearish,,,,,,,,,,,,,,,,,,,,,,,,,,,,,,,,,,,,,,,,,,,,,,,,,0.026475,0.9667,9.703,0.95,0.742953,20,1.557423,-0.04399,0.5833,0.2423,0,1,0.028217,0.05967,0.07007,0.07456,0.02713,1,1.0,0.02012,0.0,0.020122,,-0.01944,-0.02607,0.5,2.604,0.2423,0.014537,20.0,0.0301,0.04061,0.04827,0.061261,,,,,,,,,,,,,,,,,0.95,0.05827,-0.08411,0.051155,15.463,-0.05027,-0.05815,0.55,3.682,0.1848,0.054818,20.0,0.05967,0.07007,0.07456,1.557423,0.95,0.02563,-0.32401,0.008148,3.942,-0.00883,-0.04775,0.7,4.51,0.1851,0.015294,20.0,0.07417,0.11718,0.12483,0.097791,,,,,,,,,,,,,,,,,NAGAFERT_data,,
Price_Below_EMA200 + VWAP_Bear,Price_Below_EMA200 + VWAP_Bear,combo_2,20,trend,Bearish,,,,,,,,,,,,,,,,,,,,,,,,,,,,,,,,,,,,,,,,,,,,,,,,,0.026475,0.9667,9.703,0.95,0.742953,20,1.557423,-0.04399,0.5833,0.2423,0,1,0.028217,0.05967,0.07007,0.07456,0.02713,1,1.0,0.02012,0.0,0.020122,,-0.01944,-0.02607,0.5,2.604,0.2423,0.014537,20.0,0.0301,0.04061,0.04827,0.061261,,,,,,,,,,,,,,,,,0.95,0.05827,-0.08411,0.051155,15.463,-0.05027,-0.05815,0.55,3.682,0.1848,0.054818,20.0,0.05967,0.07007,0.07456,1.557423,0.95,0.02563,-0.32401,0.008148,3.942,-0.00883,-0.04775,0.7,4.51,0.1851,0.015294,20.0,0.07417,0.11718,0.12483,0.097791,,,,,,,,,,,,,,,,,NAGAFERT_data,,
BB_Upper_Reject + Williams_Overbought,BB_Upper_Reject + Williams_Overbought,combo_2,11,mean_rev,Bearish,0.9091,0.03503,-0.05556,0.026796,9.528,-0.02706,-0.05802,0.6364,1.14,0.2583,0.032933,11.0,0.02335,0.03214,0.04301,0.63442,0.9091,0.02296,0.00154,0.021014,,-0.02106,-0.0381,0.6364,1.471,0.328,0.029892,11.0,0.02335,0.03214,0.04301,0.052218,1.0,0.04924,0.0,0.049237,,-0.04954,-0.08874,0.8182,1.741,0.2382,0.060626,11.0,0.03214,0.05941,0.08121,0.12235,0.032349,0.9394,9.528,0.9091,0.696271,3,0.63442,-0.06162,0.697,0.328,0,1,0.04115,0.02335,0.03214,0.04301,0.11271,0,,,,,,,,,,,,,,,,,,,,,,,,,,,,,,,,,,,,,,,,,,,,,,,,,,,,,,,,,,,,,,,,,,,,,,,,,,,,,,,,,NAGAFERT_data,,
CDL_Engulfing_Bear,CDL_Engulfing_Bear,single,118,candle,Bearish,0.8889,0.03019,-0.03087,0.023405,9.474,-0.02321,-0.01869,0.4444,1.369,0.046,0.022744,117.0,0.01084,0.0223,0.02756,1.059744,0.8718,0.02545,-0.03427,0.017797,8.082,-0.01811,-0.02222,0.5299,1.768,0.0495,0.020055,117.0,0.01499,0.02667,0.03522,0.687379,,,,,,,,,,,,,,,,,0.018708,0.8604,7.951,0.9316,0.662255,3,1.059744,-0.01675,0.4758,0.059,0,1,0.018779,0.01084,0.0223,0.02756,0.00096,1,,,,,,,,,,,,,,,,,,,,,,,,,,,,,,,,,,,,,,,,,,,,,,,,,,,,,,,,,,,,,,,,,0.8205,0.02226,-0.01861,0.014922,6.297,-0.0149,-0.00935,0.453,1.118,0.059,0.01354,117.0,0.00607,0.01219,0.02081,0.44902,NAGAFERT_data,,
EMA_Bearish_State + OBV_Trend_Bear,EMA_Bearish_State + OBV_Trend_Bear,combo_2,40,momentum,Bearish,,,,,,,,,,,,,,,,,0.925,0.01983,-0.01214,0.017428,28.148,-0.01822,-0.0187,0.525,1.839,0.153,0.018089,40.0,0.02432,0.02973,0.03884,0.6472,,,,,,,,,,,,,,,,,0.018534,0.9083,12.168,0.95,0.653869,5,0.6472,-0.03212,0.575,0.153,0,1,0.024931,0.02432,0.02973,0.03884,0.02772,1,0.925,0.02957,-0.1692,0.014664,4.091,-0.01556,-0.03833,0.625,2.6,0.1303,0.022562,40.0,0.034,0.04037,0.05296,0.222765,0.875,0.04536,-0.12946,0.023511,4.265,-0.02011,-0.03934,0.575,3.185,0.1168,0.034142,40.0,0.03466,0.04495,0.05827,0.372345,,,,,,,,,,,,,,,,,,,,,,,,,,,,,,,,,,,,,,,,,,,,,,,,,NAGAFERT_data,,
BB_Upper_Reject + OBV_Falling,BB_Upper_Reject + OBV_Falling,combo_2,25,momentum,Bearish,,,,,,,,,,,,,,,,,0.92,0.02673,-0.04557,0.020944,14.095,-0.02079,-0.04678,0.56,1.576,0.1652,0.009123,24.0,0.02467,0.03737,0.04975,0.682381,,,,,,,,,,,,,,,,,0.025665,0.9333,8.097,0.96,0.650019,5,0.682381,-0.05371,0.6267,0.1666,0,1,0.012445,0.02467,0.03737,0.04975,0.06733,1,0.96,0.04783,-0.33269,0.03261,5.326,-0.03252,-0.06173,0.68,2.228,0.1613,0.015376,24.0,0.02804,0.0393,0.07582,0.565856,0.92,0.04015,-0.16873,0.023442,4.871,-0.02572,-0.05263,0.64,2.729,0.1666,0.012837,24.0,0.03167,0.05604,0.0821,0.372068,,,,,,,,,,,,,,,,,,,,,,,,,,,,,,,,,,,,,,,,,,,,,,,,,NAGAFERT_data,,
Price_Below_SMA20 + Price_Below_EMA200,Price_Below_SMA20 + Price_Below_EMA200,combo_2,44,trend,Bearish,,,,,,,,,,,,,,,,,,,,,,,,,,,,,,,,,,,,,,,,,,,,,,,,,0.030435,0.9015,5.846,0.9545,0.646512,20,0.959663,-0.04813,0.6061,0.1574,0,1,0.037718,0.04308,0.07278,0.08125,0.04592,1,0.8864,0.029,-0.05928,0.018971,5.751,-0.01835,-0.03021,0.6364,2.535,0.1574,0.023826,44.0,0.01592,0.03678,0.04192,0.415296,,,,,,,,,,,,,,,,,0.8864,0.0548,-0.08878,0.03848,6.551,-0.03684,-0.05387,0.5909,3.585,0.0913,0.045642,44.0,0.04308,0.07278,0.08125,0.959663,0.9318,0.05475,-0.25168,0.033854,5.236,-0.03318,-0.06031,0.5909,4.391,0.101,0.043687,44.0,0.06744,0.08215,0.11059,0.674757,,,,,,,,,,,,,,,,,NAGAFERT_data,,
Price_Below_EMA200 + CMF_Strong_Bear,Price_Below_EMA200 + CMF_Strong_Bear,combo_2,26,trend,Bearish,,,,,,,,,,,,,,,,,,,,,,,,,,,,,,,,,,,,,,,,,,,,,,,,,0.018738,0.9487,15.155,0.9615,0.593822,20,1.297836,-0.03409,0.6026,0.3053,0,1,0.023219,0.06716,0.07353,0.07927,0.0511,1,0.9231,0.00718,-0.02,0.005085,20.857,-0.00826,-0.00168,0.4615,2.666,0.3053,0.005123,26.0,0.02993,0.04206,0.04785,0.167592,,,,,,,,,,,,,,,,,0.9615,0.04432,-0.08411,0.039378,19.747,-0.04176,-0.05238,0.6538,3.77,0.1542,0.040795,26.0,0.06716,0.07353,0.07927,1.297836,0.9615,0.02479,-0.31418,0.011751,4.861,-0.01439,-0.04821,0.6923,4.618,0.2098,0.023738,26.0,0.07181,0.0814,0.1133,0.188264,,,,,,,,,,,,,,,,,NAGAFERT_data,,
OBV_Falling + CDL_Engulfing_Bear,OBV_Falling + CDL_Engulfing_Bear,combo_2,113,momentum,Bearish,,,,,,,,,,,,,,,,,0.8661,0.02178,-0.03427,0.014276,7.167,-0.01427,-0.02198,0.5446,1.772,0.0537,0.016994,112.0,0.01475,0.02485,0.03476,0.484616,,,,,,,,,,,,,,,,,0.018525,0.8988,7.068,0.9464,0.586925,15,0.740708,-0.03758,0.5863,0.0537,0,1,0.023942,0.03559,0.05371,0.07049,0.00871,1,0.9107,0.02531,-0.07414,0.016426,7.749,-0.01492,-0.04115,0.6071,2.507,0.0472,0.021696,112.0,0.02462,0.04037,0.05628,0.602883,0.9196,0.03889,-0.13554,0.024873,6.288,-0.01962,-0.0496,0.6071,3.07,0.0513,0.033136,112.0,0.03559,0.05371,0.07049,0.740708,,,,,,,,,,,,,,,,,,,,,,,,,,,,,,,,,,,,,,,,,,,,,,,,,NAGAFERT_data,,
RSI_Overbought + BB_Upper_Reject,RSI_Overbought + BB_Upper_Reject,combo_2,11,mean_rev,Bearish,0.8182,0.03413,-0.1162,0.006796,2.215,-0.00727,-0.05556,0.6364,1.193,0.2655,0.008333,11.0,0.00797,0.02667,0.04301,0.037404,0.8182,0.05265,-0.057,0.032717,5.789,-0.03307,-0.0381,0.5455,1.54,0.2974,0.034063,11.0,0.01543,0.02667,0.04301,0.470646,0.9091,0.09658,-0.08946,0.079663,11.342,-0.07959,-0.08874,0.5455,1.822,0.2221,0.084395,11.0,0.02667,0.05941,0.08121,1.97956,0.039726,0.8485,6.449,0.9091,0.578703,7,1.97956,-0.0608,0.5758,0.2974,0,1,0.042264,0.02667,0.05941,0.08121,0.38613,0,,,,,,,,,,,,,,,,,,,,,,,,,,,,,,,,,,,,,,,,,,,,,,,,,,,,,,,,,,,,,,,,,,,,,,,,,,,,,,,,,NAGAFERT_data,,
Stoch_Overbought + Stoch_Cross_Down,Stoch_Overbought + Stoch_Cross_Down,combo_2,23,mean_rev,Bearish,1.0,0.0181,0.0,0.018098,,-0.01679,-0.01869,0.5217,1.239,0.1582,0.022773,23.0,0.0292,0.04702,0.04883,0.057517,0.9565,0.01655,-0.06534,0.012986,15.105,-0.01399,-0.02804,0.5652,1.599,0.2049,0.018271,23.0,0.0292,0.04779,0.05336,0.412695,0.9565,0.02993,-0.07985,0.025158,17.916,-0.02666,-0.04528,0.6522,1.892,0.1908,0.026653,23.0,0.0292,0.04961,0.0595,0.799524,0.018747,0.971,16.51,0.9565,0.569892,7,0.799524,-0.03067,0.5797,0.2049,0,1,0.022566,0.0292,0.04961,0.0595,0.00285,1,,,,,,,,,,,,,,,,,,,,,,,,,,,,,,,,,,,,,,,,,,,,,,,,,,,,,,,,,,,,,,,,,,,,,,,,,,,,,,,,,NAGAFERT_data,,
RSI_Overbought + Stoch_Cross_Down,RSI_Overbought + Stoch_Cross_Down,combo_2,12,mean_rev,Bearish,0.8333,0.03439,-0.11375,0.009699,2.208,-0.00975,-0.03208,0.6667,1.151,0.248,0.010264,12.0,0.00267,0.02785,0.03461,0.054929,0.8333,0.05541,-0.06356,0.035585,5.8,-0.035,-0.0369,0.6667,1.485,0.2767,0.040916,12.0,0.00267,0.03062,0.04683,0.529398,0.8333,0.10455,-0.07676,0.074329,7.128,-0.07603,-0.06578,0.4167,1.758,0.252,0.080725,12.0,0.00267,0.0365,0.07664,1.359034,0.039871,0.8333,5.046,1.0,0.515988,7,1.359034,-0.04492,0.5833,0.2767,0,1,0.043968,0.00267,0.0365,0.07664,0.47789,0,,,,,,,,,,,,,,,,,,,,,,,,,,,,,,,,,,,,,,,,,,,,,,,,,,,,,,,,,,,,,,,,,,,,,,,,,,,,,,,,,NAGAFERT_data,,
OBV_Trend_Bear + CDL_Engulfing_Bear,OBV_Trend_Bear + CDL_Engulfing_Bear,combo_2,79,momentum,Bearish,,,,,,,,,,,,,,,,,0.8354,0.02561,-0.03143,0.016221,6.339,-0.01611,-0.01744,0.5063,1.767,0.0756,0.019948,79.0,0.01115,0.02269,0.02985,0.450554,,,,,,,,,,,,,,,,,0.020722,0.8692,5.872,0.9494,0.506166,15,0.697471,-0.03442,0.5612,0.0756,0,1,0.028128,0.02667,0.05253,0.06795,0.14463,0,0.8861,0.03001,-0.08056,0.017411,5.698,-0.01635,-0.03607,0.5949,2.499,0.0655,0.025492,79.0,0.01924,0.037,0.05248,0.434733,0.8861,0.04722,-0.11685,0.028533,5.578,-0.02266,-0.04975,0.5823,3.061,0.0669,0.038944,79.0,0.02667,0.05253,0.06795,0.697471,,,,,,,,,,,,,,,,,,,,,,,,,,,,,,,,,,,,,,,,,,,,,,,,,NAGAFERT_data,,
CCI_Overbought + CDL_Engulfing_Bear,CCI_Overbought + CDL_Engulfing_Bear,combo_2,16,mean_rev,Bearish,0.9375,0.01672,-0.05556,0.012201,9.373,-0.01106,-0.01406,0.5,1.296,0.264,0.011087,16.0,0.03232,0.04437,0.04747,0.324003,0.9375,0.01825,0.00154,0.017209,,-0.01687,-0.03875,0.625,1.674,0.1895,0.009571,16.0,0.03232,0.0493,0.05209,0.048757,1.0,0.03068,0.0,0.03068,,-0.03128,-0.05647,0.75,1.98,0.1702,0.025671,16.0,0.04476,0.05634,0.06242,0.086923,0.02003,0.9583,9.373,0.9375,0.498665,3,0.324003,-0.03643,0.625,0.264,0,1,0.015443,0.03232,0.04437,0.04747,0.0415,1,,,,,,,,,,,,,,,,,,,,,,,,,,,,,,,,,,,,,,,,,,,,,,,,,,,,,,,,,,,,,,,,,,,,,,,,,,,,,,,,,NAGAFERT_data,,
