SignalName,Components,Type,Count,HorizonClass,Direction,WinRate_MFE_3D,AvgWin_3D,AvgLoss_3D,EV_3D,ProfitFactor_3D,AvgReturn_Close_3D,MedianReturn_Close_3D,AvgMinMovePct_3D,Top1_Trade_Share_3D,CompositeScore_3D,WinRate_MFE_5D,AvgWin_5D,AvgLoss_5D,EV_5D,ProfitFactor_5D,AvgReturn_Close_5D,MedianReturn_Close_5D,AvgMinMovePct_5D,Top1_Trade_Share_5D,CompositeScore_5D,WinRate_MFE_7D,AvgWin_7D,AvgLoss_7D,EV_7D,ProfitFactor_7D,AvgReturn_Close_7D,MedianReturn_Close_7D,AvgMinMovePct_7D,Top1_Trade_Share_7D,CompositeScore_7D,AvgEV,AvgWinRate,AvgProfitFactor,Consistency,CompositeScore,BestHorizon,BestHorizonComposite,AvgMedianReturn,MaxTop1TradeShare,Concentration_Flag,Fisher_p_min,Fisher_sig_flag,WinRate_MFE_10D,AvgWin_10D,AvgLoss_10D,EV_10D,ProfitFactor_10D,AvgReturn_Close_10D,MedianReturn_Close_10D,AvgMinMovePct_10D,Top1_Trade_Share_10D,CompositeScore_10D,WinRate_MFE_15D,AvgWin_15D,AvgLoss_15D,EV_15D,ProfitFactor_15D,AvgReturn_Close_15D,MedianReturn_Close_15D,AvgMinMovePct_15D,Top1_Trade_Share_15D,CompositeScore_15D,WinRate_MFE_20D,AvgWin_20D,AvgLoss_20D,EV_20D,ProfitFactor_20D,AvgReturn_Close_20D,MedianReturn_Close_20D,AvgMinMovePct_20D,Top1_Trade_Share_20D,CompositeScore_20D,WinRate_MFE_30D,AvgWin_30D,AvgLoss_30D,EV_30D,ProfitFactor_30D,AvgReturn_Close_30D,MedianReturn_Close_30D,AvgMinMovePct_30D,Top1_Trade_Share_30D,CompositeScore_30D,WinRate_MFE_2D,AvgWin_2D,AvgLoss_2D,EV_2D,ProfitFactor_2D,AvgReturn_Close_2D,MedianReturn_Close_2D,AvgMinMovePct_2D,Top1_Trade_Share_2D,CompositeScore_2D,Symbol,Company
Stoch_Cross_Up + CCI_Exit_Oversold,Stoch_Cross_Up + CCI_Exit_Oversold,combo_2,15,mean_rev,Bullish,0.8667,0.06396,-0.01167,0.053878,41.112,0.05388,0.03896,1.85,0.1622,6.141286,0.9333,0.0994,-0.03113,0.090698,46.912,0.0907,0.08251,2.388,0.1858,11.797043,0.9333,0.11283,-0.02724,0.103494,60.275,0.10349,0.08481,2.826,0.2431,17.295675,0.08269,0.9111,49.433,0.9333,10.577733,7,17.295675,0.06876,0.2431,0,0.20721,0,,,,,,,,,,,,,,,,,,,,,,,,,,,,,,,,,,,,,,,,,,,,,,,,,,,OMKARCHEM_data,
Stoch_Bull_Zone + CDL_Marubozu_Bull,Stoch_Bull_Zone + CDL_Marubozu_Bull,combo_2,16,momentum,Bullish,,,,,,,,,,,0.9375,0.09059,-0.10556,0.078334,14.261,0.07833,0.06236,2.201,0.1794,3.165008,,,,,,,,,,,0.105129,0.9375,30.689,1.0,9.140781,15,19.240708,0.04011,0.3233,0,0.14692,0,0.9375,0.0909,-0.05185,0.081976,34.014,0.08198,0.03035,3.113,0.3233,7.899925,0.9375,0.16986,-0.06667,0.155078,43.792,0.15508,0.02763,3.813,0.3125,19.240708,,,,,,,,,,,,,,,,,,,,,,,,,,,,,,,OMKARCHEM_data,
Price_Above_SMA20 + VWAP_Bull,Price_Above_SMA20 + VWAP_Bull,combo_2,14,momentum,Bullish,,,,,,,,,,,1.0,0.07341,0.0,0.073407,,0.07341,0.04353,2.1,0.2724,0.19879,,,,,,,,,,,0.107633,0.9524,33.321,0.9286,9.018451,15,22.220542,-0.00052,0.3789,0,0.05709,1,0.9286,0.13558,-0.2545,0.107717,8.766,0.10772,-0.00142,2.969,0.3789,2.55693,0.9286,0.15665,-0.05162,0.141775,57.876,0.14177,-0.04367,3.637,0.3744,22.220542,,,,,,,,,,,,,,,,,,,,,,,,,,,,,,,OMKARCHEM_data,
VWAP_Bull + CDL_Marubozu_Bull,VWAP_Bull + CDL_Marubozu_Bull,combo_2,13,momentum,Bullish,,,,,,,,,,,0.9231,0.10224,-0.04854,0.090641,29.866,0.09064,0.03323,2.135,0.188,7.144178,,,,,,,,,,,0.09864,0.9744,29.866,0.9231,7.176577,5,7.144178,0.03139,0.384,0,0.05742,1,1.0,0.0758,0.0,0.075795,,0.0758,0.02706,3.019,0.3625,0.200028,1.0,0.12948,0.0,0.129484,,0.12948,0.03387,3.698,0.384,0.341716,,,,,,,,,,,,,,,,,,,,,,,,,,,,,,,OMKARCHEM_data,
CDL_Bullish3Outside,CDL_Bullish3Outside,single,11,candle,Bullish,0.9091,0.03971,-0.00389,0.035745,133.736,0.03575,0.02331,1.693,0.2903,11.878864,0.9091,0.05649,-0.03113,0.048521,23.896,0.04852,0.02628,2.185,0.3611,2.881149,,,,,,,,,,,0.036349,0.9091,57.939,1.0,5.233373,3,11.878864,0.02024,0.3611,0,0.37055,0,,,,,,,,,,,,,,,,,,,,,,,,,,,,,,,,,,,,,,,,,0.9091,0.02959,-0.02335,0.024782,16.186,0.02478,0.01113,1.382,0.2666,0.996771,OMKARCHEM_data,
EMA_Bullish_State + Stoch_Bull_Zone,EMA_Bullish_State + Stoch_Bull_Zone,combo_2,27,momentum,Bullish,,,,,,,,,,,0.8889,0.04427,-0.09421,0.028883,6.677,0.02888,-0.01685,2.249,0.1819,0.642602,,,,,,,,,,,0.050503,0.9259,25.5,0.9259,3.973356,15,17.084512,-0.03708,0.3393,0,0.01973,1,0.9259,0.0453,-0.10543,0.034138,11.881,0.03414,-0.04154,3.181,0.2669,1.35148,0.963,0.09448,-0.06742,0.088488,57.941,0.08849,-0.05283,3.896,0.3393,17.084512,,,,,,,,,,,,,,,,,,,,,,,,,,,,,,,OMKARCHEM_data,
OBV_Trend_Bull + VWAP_Bull,OBV_Trend_Bull + VWAP_Bull,combo_2,12,momentum,Bullish,,,,,,,,,,,0.9167,0.0891,-0.17749,0.066881,7.244,0.06688,0.03404,2.199,0.2117,1.242678,,,,,,,,,,,0.133125,0.9722,7.244,0.9167,2.267376,5,1.242678,0.04264,0.3854,0,0.07163,1,1.0,0.13647,0.0,0.136474,,0.13647,0.03842,3.11,0.3854,0.350049,1.0,0.19602,0.0,0.196019,,0.19602,0.05546,3.809,0.3584,0.502778,,,,,,,,,,,,,,,,,,,,,,,,,,,,,,,OMKARCHEM_data,
RSI_Cross50_Up + Price_Above_SMA20,RSI_Cross50_Up + Price_Above_SMA20,combo_2,40,momentum,Bullish,,,,,,,,,,,0.925,0.04922,-0.09184,0.038645,10.024,0.03864,-0.00314,2.139,0.1848,1.438552,,,,,,,,,,,0.061722,0.9083,10.301,0.9,2.124906,15,2.682225,0.00896,0.2352,0,0.02125,1,0.95,0.06357,-0.15107,0.052837,13.168,0.05284,0.01064,3.024,0.2119,2.583804,0.85,0.13187,-0.1227,0.093684,7.71,0.09368,0.01938,3.704,0.2352,2.682225,,,,,,,,,,,,,,,,,,,,,,,,,,,,,,,OMKARCHEM_data,
MACD_Hist_Rising + VWAP_Bull,MACD_Hist_Rising + VWAP_Bull,combo_2,29,momentum,Bullish,,,,,,,,,,,0.7931,0.08125,-0.07044,0.049866,5.895,0.04987,0.00299,2.255,0.1572,0.999871,,,,,,,,,,,0.065936,0.8621,10.723,0.8621,2.073006,15,5.711677,-0.00246,0.2611,0,0.0549,1,0.8621,0.08806,-0.12258,0.05901,7.39,0.05901,-0.03531,3.189,0.2333,1.483143,0.931,0.10392,-0.11344,0.088932,18.883,0.08893,0.02492,3.906,0.2611,5.711677,,,,,,,,,,,,,,,,,,,,,,,,,,,,,,,OMKARCHEM_data,
OBV_Rising + VWAP_Bull,OBV_Rising + VWAP_Bull,combo_2,43,momentum,Bullish,,,,,,,,,,,0.814,0.07148,-0.09789,0.03997,4.544,0.03997,-0.01484,2.239,0.1104,0.687321,,,,,,,,,,,0.062995,0.8682,7.859,0.907,1.699138,15,3.498703,-0.00247,0.1876,0,0.05341,1,0.8837,0.09227,-0.12858,0.066592,7.815,0.06659,-0.01235,3.167,0.1683,1.969317,0.907,0.10451,-0.1329,0.082422,11.217,0.08242,0.01977,3.879,0.1876,3.498703,,,,,,,,,,,,,,,,,,,,,,,,,,,,,,,OMKARCHEM_data,
CDL_Marubozu_Bull,CDL_Marubozu_Bull,single,40,candle,Bullish,0.9,0.05204,-0.05933,0.040904,10.648,0.0409,0.04072,1.675,0.0621,1.617457,0.9,0.07281,-0.10908,0.054618,7.723,0.05462,0.02271,2.163,0.0809,1.566524,,,,,,,,,,,0.043606,0.8917,10.092,0.975,1.593325,3,1.617457,0.03811,0.0809,0,0.11266,0,,,,,,,,,,,,,,,,,,,,,,,,,,,,,,,,,,,,,,,,,0.875,0.0448,-0.03124,0.035294,11.904,0.03529,0.0509,1.368,0.0586,1.560196,OMKARCHEM_data,
Stoch_Cross_Up + VWAP_Bull,Stoch_Cross_Up + VWAP_Bull,combo_2,23,momentum,Bullish,,,,,,,,,,,0.8261,0.06116,-0.09047,0.034788,4.972,0.03479,-0.01882,2.256,0.1908,0.549652,,,,,,,,,,,0.048836,0.8986,11.703,0.8696,1.579388,15,4.75838,-0.01353,0.303,0,0.04195,1,0.913,0.04988,-0.10293,0.036594,10.206,0.03659,-0.04154,3.191,0.2231,1.18698,0.9565,0.08476,-0.13695,0.075125,19.93,0.07512,0.01977,3.908,0.303,4.75838,,,,,,,,,,,,,,,,,,,,,,,,,,,,,,,OMKARCHEM_data,
BB_Lower_Bounce,BB_Lower_Bounce,single,28,mean_rev,Bullish,0.8571,0.06343,-0.03818,0.048911,12.178,0.04891,0.00094,1.996,0.3103,2.00574,0.8571,0.07414,-0.05622,0.055514,10.777,0.05551,-0.0191,2.577,0.3719,2.014588,0.7857,0.07176,-0.05633,0.044309,6.796,0.04431,0.0129,3.049,0.3131,1.013917,0.049578,0.8333,9.917,0.9286,1.537327,5,2.014588,-0.00176,0.3719,0,0.39504,0,,,,,,,,,,,,,,,,,,,,,,,,,,,,,,,,,,,,,,,,,,,,,,,,,,,OMKARCHEM_data,
BB_Lower_Bounce + CCI_Oversold,BB_Lower_Bounce + CCI_Oversold,combo_2,28,mean_rev,Bullish,0.8571,0.06343,-0.03818,0.048911,12.178,0.04891,0.00094,1.996,0.3103,2.00574,0.8571,0.07414,-0.05622,0.055514,10.777,0.05551,-0.0191,2.577,0.3719,2.014588,0.7857,0.07176,-0.05633,0.044309,6.796,0.04431,0.0129,3.049,0.3131,1.013917,0.049578,0.8333,9.917,0.9286,1.537327,5,2.014588,-0.00176,0.3719,0,0.39504,0,,,,,,,,,,,,,,,,,,,,,,,,,,,,,,,,,,,,,,,,,,,,,,,,,,,OMKARCHEM_data,
RSI_Cross50_Up + Stoch_Bull_Zone,RSI_Cross50_Up + Stoch_Bull_Zone,combo_2,29,momentum,Bullish,,,,,,,,,,,0.8966,0.08072,-0.08861,0.063202,9.753,0.0632,0.01915,2.195,0.1968,2.096527,,,,,,,,,,,0.055587,0.8851,7.384,0.9655,1.34793,5,2.096527,0.00861,0.2625,0,0.18947,0,0.8966,0.06876,-0.12139,0.049089,7.073,0.04909,-0.00461,3.104,0.1843,1.180962,0.8621,0.08706,-0.14921,0.05447,5.326,0.05447,0.0113,3.801,0.2625,0.986768,,,,,,,,,,,,,,,,,,,,,,,,,,,,,,,OMKARCHEM_data,
Stoch_Oversold + CDL_Marubozu_Bull,Stoch_Oversold + CDL_Marubozu_Bull,combo_2,11,mean_rev,Bullish,0.9091,0.06076,0.0,0.055237,,0.05524,0.05199,1.886,0.1933,0.137259,0.9091,0.07933,-0.04854,0.067702,21.921,0.0677,0.03323,2.434,0.2562,3.6879,0.8182,0.07058,-0.18869,0.023437,2.021,0.02344,0.03704,2.881,0.252,0.117696,0.048792,0.8788,11.971,0.9091,1.319472,5,3.6879,0.04075,0.2562,0,0.3725,0,,,,,,,,,,,,,,,,,,,,,,,,,,,,,,,,,,,,,,,,,,,,,,,,,,,OMKARCHEM_data,
CCI_Exit_Oversold,CCI_Exit_Oversold,single,52,mean_rev,Bullish,0.8846,0.0398,-0.03441,0.031238,13.088,0.03124,0.01168,1.849,0.164,1.623205,0.8654,0.05416,-0.06342,0.038329,7.632,0.03833,0.00303,2.388,0.1506,1.161421,0.8462,0.07234,-0.10462,0.045117,4.691,0.04512,0.00173,2.825,0.1018,0.840265,0.038228,0.8654,8.47,0.9615,1.236135,3,1.623205,0.00548,0.164,0,0.1617,0,,,,,,,,,,,,,,,,,,,,,,,,,,,,,,,,,,,,,,,,,,,,,,,,,,,OMKARCHEM_data,
RSI_Bull_Momentum + RSI_Cross50_Up,RSI_Bull_Momentum + RSI_Cross50_Up,combo_2,54,momentum,Bullish,,,,,,,,,,,0.8889,0.05422,-0.09047,0.038141,6.967,0.03814,0.0,2.156,0.1349,1.064815,,,,,,,,,,,0.04974,0.8765,6.335,0.9259,1.169267,15,1.598791,-0.00188,0.199,0,0.07515,1,0.9074,0.05929,-0.15217,0.03971,6.45,0.03971,0.00283,3.049,0.1718,1.026314,0.8333,0.11232,-0.13338,0.071368,5.59,0.07137,-0.00847,3.734,0.199,1.598791,,,,,,,,,,,,,,,,,,,,,,,,,,,,,,,OMKARCHEM_data,
RSI_Cross50_Up,RSI_Cross50_Up,single,54,momentum,Bullish,,,,,,,,,,,0.8889,0.05422,-0.09047,0.038141,6.967,0.03814,0.0,2.156,0.1349,1.064815,,,,,,,,,,,0.04974,0.8765,6.335,0.9259,1.169267,15,1.598791,-0.00188,0.199,0,0.07515,1,0.9074,0.05929,-0.15217,0.03971,6.45,0.03971,0.00283,3.049,0.1718,1.026314,0.8333,0.11232,-0.13338,0.071368,5.59,0.07137,-0.00847,3.734,0.199,1.598791,,,,,,,,,,,,,,,,,,,,,,,,,,,,,,,OMKARCHEM_data,
RSI_Cross50_Up + OBV_Rising,RSI_Cross50_Up + OBV_Rising,combo_2,54,momentum,Bullish,,,,,,,,,,,0.8889,0.05422,-0.09047,0.038141,6.967,0.03814,0.0,2.156,0.1349,1.064815,,,,,,,,,,,0.04974,0.8765,6.335,0.9259,1.169267,15,1.598791,-0.00188,0.199,0,0.07515,1,0.9074,0.05929,-0.15217,0.03971,6.45,0.03971,0.00283,3.049,0.1718,1.026314,0.8333,0.11232,-0.13338,0.071368,5.59,0.07137,-0.00847,3.734,0.199,1.598791,,,,,,,,,,,,,,,,,,,,,,,,,,,,,,,OMKARCHEM_data,
RSI_Cross50_Up + MACD_Hist_Rising,RSI_Cross50_Up + MACD_Hist_Rising,combo_2,48,momentum,Bullish,,,,,,,,,,,0.875,0.06018,-0.09047,0.04135,6.492,0.04135,0.0094,2.188,0.1448,1.044738,,,,,,,,,,,0.051354,0.875,6.084,0.9583,1.165307,15,1.556104,0.00672,0.2255,0,0.1404,0,0.8958,0.06654,-0.15217,0.043758,5.962,0.04376,0.00791,3.095,0.1859,1.015271,0.8542,0.10563,-0.14584,0.068953,5.799,0.06895,0.00286,3.79,0.2255,1.556104,,,,,,,,,,,,,,,,,,,,,,,,,,,,,,,OMKARCHEM_data,
EMA_Bullish_State + CDL_DragonFlyDoji,EMA_Bullish_State + CDL_DragonFlyDoji,combo_2,18,momentum,Bullish,,,,,,,,,,,1.0,0.01277,0.0,0.01277,,0.01277,-0.03033,1.897,0.1998,0.0376,,,,,,,,,,,0.015234,0.963,27.229,0.9444,1.153481,15,7.244906,-0.04756,0.3391,0,0.02499,1,0.9444,-0.0048,-0.2545,-0.018673,6.777,-0.01867,-0.08864,2.683,0.2753,-0.372596,0.9444,0.05768,-0.05162,0.051604,47.681,0.0516,-0.02373,3.286,0.3391,7.244906,,,,,,,,,,,,,,,,,,,,,,,,,,,,,,,OMKARCHEM_data,
RSI_Bull_Momentum + CDL_DragonFlyDoji,RSI_Bull_Momentum + CDL_DragonFlyDoji,combo_2,23,momentum,Bullish,,,,,,,,,,,0.8696,0.04977,-0.08013,0.03283,6.408,0.03283,0.01087,2.066,0.1758,0.668593,,,,,,,,,,,0.051778,0.8696,6.741,1.0,1.109185,15,1.662796,0.00571,0.3469,0,0.30967,0,0.8696,0.08171,-0.12892,0.05424,6.149,0.05424,0.01014,2.922,0.1996,1.059966,0.8696,0.0942,-0.10464,0.068266,7.664,0.06827,-0.00387,3.578,0.3469,1.662796,,,,,,,,,,,,,,,,,,,,,,,,,,,,,,,OMKARCHEM_data,
OBV_Rising + CCI_Exit_Oversold,OBV_Rising + CCI_Exit_Oversold,combo_2,46,momentum,Bullish,,,,,,,,,,,0.8478,0.06531,-0.06342,0.045722,7.385,0.04572,0.00348,2.401,0.1557,1.300043,,,,,,,,,,,0.051065,0.8478,5.42,0.9565,1.019334,5,1.300043,0.02258,0.2683,0,0.16936,0,0.8261,0.0772,-0.11359,0.044015,4.336,0.04402,0.03126,3.396,0.1871,0.734841,0.8696,0.10023,-0.18167,0.063458,4.54,0.06346,0.03301,4.159,0.2683,1.109099,,,,,,,,,,,,,,,,,,,,,,,,,,,,,,,OMKARCHEM_data,
Stoch_Cross_Up + CCI_Oversold,Stoch_Cross_Up + CCI_Oversold,combo_2,43,mean_rev,Bullish,0.7907,0.05469,-0.05278,0.032196,4.905,0.0322,0.0,1.981,0.3099,0.597649,0.8605,0.07552,-0.08179,0.053568,7.162,0.05357,0.00982,2.557,0.3056,1.451888,0.8605,0.08872,-0.12047,0.059531,5.832,0.05953,0.01099,3.025,0.2776,1.313906,0.048432,0.8372,5.967,0.9302,1.017251,5,1.451888,0.00694,0.3099,0,0.29864,0,,,,,,,,,,,,,,,,,,,,,,,,,,,,,,,,,,,,,,,,,,,,,,,,,,,OMKARCHEM_data,
Stoch_Overbought + OBV_Falling,Stoch_Overbought + OBV_Falling,combo_2,34,momentum,Bearish,,,,,,,,,,,0.9706,0.07856,-0.02388,0.075549,131.404,-0.07555,-0.08365,2.057,0.0735,35.295413,,,,,,,,,,,0.076473,0.9902,131.404,0.9706,34.676559,5,35.295413,-0.09612,0.104,0,0.00292,1,1.0,0.08165,0.0,0.081646,,-0.08165,-0.11374,2.91,0.081,0.29028,1.0,0.07222,0.0,0.072225,,-0.07222,-0.09098,3.564,0.104,0.256785,,,,,,,,,,,,,,,,,,,,,,,,,,,,,,,OMKARCHEM_data,
STRAT_BB_Stoch_Bear,BB_Upper_Reject + Stoch_Overbought,combo_2,14,mean_rev,Bearish,0.9286,0.07464,-0.01463,0.06826,75.165,-0.06826,-0.0702,1.43,0.1325,13.894272,1.0,0.10698,0.0,0.106976,,-0.10698,-0.13839,1.846,0.1325,0.289697,1.0,0.12107,0.0,0.121068,,-0.12107,-0.14694,2.184,0.1432,0.327859,0.098768,0.9762,75.165,0.9286,18.66819,3,13.894272,-0.11851,0.1432,0,0.06659,1,,,,,,,,,,,,,,,,,,,,,,,,,,,,,,,,,,,,,,,,,,,,,,,,,,,OMKARCHEM_data,
BB_Upper_Reject + Stoch_Overbought,BB_Upper_Reject + Stoch_Overbought,combo_2,14,mean_rev,Bearish,0.9286,0.07464,-0.01463,0.06826,75.165,-0.06826,-0.0702,1.43,0.1325,13.894272,1.0,0.10698,0.0,0.106976,,-0.10698,-0.13839,1.846,0.1325,0.289697,1.0,0.12107,0.0,0.121068,,-0.12107,-0.14694,2.184,0.1432,0.327859,0.098768,0.9762,75.165,0.9286,18.66819,3,13.894272,-0.11851,0.1432,0,0.06659,1,,,,,,,,,,,,,,,,,,,,,,,,,,,,,,,,,,,,,,,,,,,,,,,,,,,OMKARCHEM_data,
BB_Upper_Reject + CCI_Overbought,BB_Upper_Reject + CCI_Overbought,combo_2,22,mean_rev,Bearish,0.9545,0.05014,-0.01463,0.047197,85.579,-0.0472,-0.04847,1.485,0.1164,12.664553,1.0,0.07507,0.0,0.075069,,-0.07507,-0.1016,1.917,0.1107,0.235377,1.0,0.07778,0.0,0.077777,,-0.07778,-0.10825,2.269,0.1229,0.243869,0.066681,0.9848,85.579,0.9545,17.079294,3,12.664553,-0.08611,0.1229,0,0.01391,1,,,,,,,,,,,,,,,,,,,,,,,,,,,,,,,,,,,,,,,,,,,,,,,,,,,OMKARCHEM_data,
BB_Upper_Reject,BB_Upper_Reject,single,22,mean_rev,Bearish,0.9545,0.05014,-0.01463,0.047197,85.579,-0.0472,-0.04847,1.485,0.1164,12.664553,1.0,0.07507,0.0,0.075069,,-0.07507,-0.1016,1.917,0.1107,0.235377,1.0,0.07778,0.0,0.077777,,-0.07778,-0.10825,2.269,0.1229,0.243869,0.066681,0.9848,85.579,0.9545,17.079294,3,12.664553,-0.08611,0.1229,0,0.01391,1,,,,,,,,,,,,,,,,,,,,,,,,,,,,,,,,,,,,,,,,,,,,,,,,,,,OMKARCHEM_data,
RSI_Overbought + Stoch_Cross_Down,RSI_Overbought + Stoch_Cross_Down,combo_2,11,mean_rev,Bearish,0.9091,0.11721,-0.05085,0.101931,23.051,-0.10193,-0.13725,1.275,0.1245,5.838596,1.0,0.13401,0.0,0.134009,,-0.13401,-0.14123,1.646,0.1544,0.333,1.0,0.15691,0.0,0.156906,,-0.15691,-0.18304,1.947,0.163,0.389897,0.130949,0.9697,23.051,0.9091,6.818839,3,5.838596,-0.15384,0.163,0,0.1194,0,,,,,,,,,,,,,,,,,,,,,,,,,,,,,,,,,,,,,,,,,,,,,,,,,,,OMKARCHEM_data,
Stoch_Overbought + Stoch_Cross_Down,Stoch_Overbought + Stoch_Cross_Down,combo_2,35,mean_rev,Bearish,0.9143,0.0647,-0.09599,0.050929,8.376,-0.05093,-0.06781,1.499,0.0605,1.528711,0.9429,0.08256,-0.08129,0.073195,18.937,-0.0732,-0.05488,1.935,0.0749,4.967031,0.9714,0.1001,-0.25142,0.090053,16.165,-0.09005,-0.09476,2.289,0.0756,5.216596,0.071392,0.9429,14.493,0.9429,3.495882,7,5.216596,-0.07249,0.0756,0,0.015,1,,,,,,,,,,,,,,,,,,,,,,,,,,,,,,,,,,,,,,,,,,,,,,,,,,,OMKARCHEM_data,
Price_Below_EMA200 + MACD_Hist_Negative,Price_Below_EMA200 + MACD_Hist_Negative,combo_2,33,trend,Bearish,,,,,,,,,,,,,,,,,,,,,,,,,,,,,,,0.060059,0.9192,16.732,0.9091,3.221521,10,4.147265,-0.07642,0.107,0,0.02506,1,0.9697,0.03608,-0.06707,0.03295,35.693,-0.03295,-0.02532,3.362,0.1044,4.147265,,,,,,,,,,,0.8788,0.10197,-0.18918,0.066678,4.808,-0.06668,-0.09977,4.755,0.0908,1.130477,0.9091,0.10173,-0.13131,0.080548,9.695,-0.08055,-0.10417,5.823,0.107,2.753909,,,,,,,,,,,OMKARCHEM_data,
Price_Below_EMA200 + MACD_Bearish_State,Price_Below_EMA200 + MACD_Bearish_State,combo_2,33,trend,Bearish,,,,,,,,,,,,,,,,,,,,,,,,,,,,,,,0.060059,0.9192,16.732,0.9091,3.221521,10,4.147265,-0.07642,0.107,0,0.02506,1,0.9697,0.03608,-0.06707,0.03295,35.693,-0.03295,-0.02532,3.362,0.1044,4.147265,,,,,,,,,,,0.8788,0.10197,-0.18918,0.066678,4.808,-0.06668,-0.09977,4.755,0.0908,1.130477,0.9091,0.10173,-0.13131,0.080548,9.695,-0.08055,-0.10417,5.823,0.107,2.753909,,,,,,,,,,,OMKARCHEM_data,
Price_Below_SMA20 + Stoch_Overbought,Price_Below_SMA20 + Stoch_Overbought,combo_2,13,momentum,Bearish,,,,,,,,,,,0.8462,0.06777,-0.17837,0.029898,2.238,-0.0299,-0.05419,2.175,0.2183,0.176583,,,,,,,,,,,0.060183,0.8718,21.04,0.9231,3.084618,15,14.010526,-0.08312,0.2183,0,0.39119,0,0.8462,0.09222,-0.14041,0.056427,4.537,-0.05643,-0.06667,3.076,0.2049,0.675695,0.9231,0.10415,-0.02492,0.094224,56.344,-0.09422,-0.12851,3.768,0.1787,14.010526,,,,,,,,,,,,,,,,,,,,,,,,,,,,,,,OMKARCHEM_data,
Price_Below_EMA200 + MACD_Cross_Down_Event,Price_Below_EMA200 + MACD_Cross_Down_Event,combo_2,29,trend,Bearish,,,,,,,,,,,,,,,,,,,,,,,,,,,,,,,0.061263,0.908,15.391,0.8966,2.87527,10,4.7612,-0.06573,0.1221,0,0.04495,1,0.9655,0.04576,-0.06707,0.041866,33.437,-0.04187,-0.02752,3.356,0.1115,4.7612,,,,,,,,,,,0.8621,0.10745,-0.18918,0.066531,4.239,-0.06653,-0.09977,4.747,0.103,0.959168,0.8966,0.09924,-0.13131,0.075392,8.498,-0.07539,-0.06989,5.813,0.1221,2.179071,,,,,,,,,,,OMKARCHEM_data,
EMA_Bearish_State + CDL_Harami_Bear,EMA_Bearish_State + CDL_Harami_Bear,combo_2,13,momentum,Bearish,,,,,,,,,,,0.9231,0.04425,-0.18286,0.026784,3.133,-0.02678,-0.04678,2.196,0.1987,0.221435,,,,,,,,,,,0.039192,0.9231,25.535,1.0,2.641074,15,13.411585,-0.0515,0.2578,0,0.30567,0,0.9231,0.04558,-0.29714,0.019219,2.468,-0.01922,-0.0395,3.106,0.2578,0.125155,0.9231,0.07896,-0.01714,0.071572,71.005,-0.07157,-0.06822,3.804,0.197,13.411585,,,,,,,,,,,,,,,,,,,,,,,,,,,,,,,OMKARCHEM_data,
VWAP_Bear + CDL_Harami_Bear,VWAP_Bear + CDL_Harami_Bear,combo_2,15,momentum,Bearish,,,,,,,,,,,0.9333,0.02768,-0.18286,0.013641,3.175,-0.01364,-0.0445,2.23,0.1961,0.120076,,,,,,,,,,,0.03264,0.9333,28.835,1.0,2.609516,15,15.903869,-0.04565,0.2578,0,0.23063,0,0.9333,0.03552,-0.29714,0.013344,2.468,-0.01334,-0.02424,3.153,0.2578,0.091294,0.9333,0.07723,-0.01714,0.070937,80.862,-0.07094,-0.06822,3.862,0.173,15.903869,,,,,,,,,,,,,,,,,,,,,,,,,,,,,,,OMKARCHEM_data,
Death_Cross_State + MACD_Hist_Negative,Death_Cross_State + MACD_Hist_Negative,combo_2,28,trend,Bearish,,,,,,,,,,,,,,,,,,,,,,,,,,,,,,,0.056072,0.9048,15.254,0.8929,2.571572,10,5.975576,-0.07121,0.1394,0,0.05189,1,0.9643,0.05555,-0.06707,0.051168,34.681,-0.05117,-0.06455,3.318,0.1075,5.975576,,,,,,,,,,,0.8571,0.08887,-0.18918,0.049144,3.637,-0.04914,-0.08111,4.692,0.1104,0.60187,0.8929,0.09181,-0.13131,0.067904,7.444,-0.0679,-0.06797,5.747,0.1394,1.702094,,,,,,,,,,,OMKARCHEM_data,
Death_Cross_State + MACD_Cross_Down_Event,Death_Cross_State + MACD_Cross_Down_Event,combo_2,28,trend,Bearish,,,,,,,,,,,,,,,,,,,,,,,,,,,,,,,0.056072,0.9048,15.254,0.8929,2.571572,10,5.975576,-0.07121,0.1394,0,0.05189,1,0.9643,0.05555,-0.06707,0.051168,34.681,-0.05117,-0.06455,3.318,0.1075,5.975576,,,,,,,,,,,0.8571,0.08887,-0.18918,0.049144,3.637,-0.04914,-0.08111,4.692,0.1104,0.60187,0.8929,0.09181,-0.13131,0.067904,7.444,-0.0679,-0.06797,5.747,0.1394,1.702094,,,,,,,,,,,OMKARCHEM_data,
Death_Cross_State + MACD_Bearish_State,Death_Cross_State + MACD_Bearish_State,combo_2,28,trend,Bearish,,,,,,,,,,,,,,,,,,,,,,,,,,,,,,,0.056072,0.9048,15.254,0.8929,2.571572,10,5.975576,-0.07121,0.1394,0,0.05189,1,0.9643,0.05555,-0.06707,0.051168,34.681,-0.05117,-0.06455,3.318,0.1075,5.975576,,,,,,,,,,,0.8571,0.08887,-0.18918,0.049144,3.637,-0.04914,-0.08111,4.692,0.1104,0.60187,0.8929,0.09181,-0.13131,0.067904,7.444,-0.0679,-0.06797,5.747,0.1394,1.702094,,,,,,,,,,,OMKARCHEM_data,
Price_Below_SMA50 + CDL_Harami_Bear,Price_Below_SMA50 + CDL_Harami_Bear,combo_2,13,trend,Bearish,,,,,,,,,,,,,,,,,,,,,,,,,,,,,,,0.088701,0.9487,12.908,0.8462,2.556823,30,4.773961,-0.09239,0.2578,0,0.10948,0,1.0,0.04004,0.0,0.040039,,-0.04004,-0.0395,3.211,0.2578,0.105664,,,,,,,,,,,1.0,0.08593,0.0,0.085926,,-0.08593,-0.09336,4.541,0.1985,0.226763,0.8462,0.17966,-0.07723,0.140138,12.908,-0.14014,-0.14431,5.562,0.1637,4.773961,,,,,,,,,,,OMKARCHEM_data,
Stoch_Bear_Zone + CCI_Overbought,Stoch_Bear_Zone + CCI_Overbought,combo_2,24,momentum,Bearish,,,,,,,,,,,1.0,0.01502,0.0,0.015015,,-0.01502,-0.04954,2.002,0.1455,0.048333,,,,,,,,,,,0.014327,0.9861,57.018,0.9583,2.520004,15,2.541523,-0.03131,0.1909,0,0.00927,1,1.0,0.01412,0.0,0.014119,,-0.01412,-0.01045,2.832,0.1814,0.045448,0.9583,0.01589,-0.03315,0.013848,57.018,-0.01385,-0.03394,3.468,0.1909,2.541523,,,,,,,,,,,,,,,,,,,,,,,,,,,,,,,OMKARCHEM_data,
Stoch_Overbought + CMF_Negative,Stoch_Overbought + CMF_Negative,combo_2,10,momentum,Bearish,,,,,,,,,,,0.9,0.04994,-0.02388,0.042561,22.767,-0.04256,-0.04152,2.269,0.2572,2.323504,,,,,,,,,,,0.063465,0.9333,17.955,0.9,2.459177,5,2.323504,-0.06659,0.2674,0,0.18361,0,1.0,0.08773,0.0,0.087726,,-0.08773,-0.10603,3.209,0.2116,0.210358,0.9,0.07403,-0.06522,0.060108,13.143,-0.06011,-0.05222,3.931,0.2674,1.894307,,,,,,,,,,,,,,,,,,,,,,,,,,,,,,,OMKARCHEM_data,
Stoch_Cross_Down + CCI_Overbought,Stoch_Cross_Down + CCI_Overbought,combo_2,29,mean_rev,Bearish,0.8966,0.06408,-0.09599,0.047518,6.134,-0.04752,-0.04938,1.49,0.0826,0.991414,0.931,0.08266,-0.08129,0.071355,14.677,-0.07136,-0.05488,1.924,0.0966,3.561934,0.9655,0.09682,-0.25142,0.084808,12.487,-0.08481,-0.06992,2.277,0.0979,3.601844,0.067894,0.931,11.099,0.931,2.386292,7,3.601844,-0.05806,0.0979,0,0.03782,1,,,,,,,,,,,,,,,,,,,,,,,,,,,,,,,,,,,,,,,,,,,,,,,,,,,OMKARCHEM_data,
MACD_Cross_Down_Event + VWAP_Bear,MACD_Cross_Down_Event + VWAP_Bear,combo_2,33,momentum,Bearish,,,,,,,,,,,0.9394,0.03367,-0.05648,0.028207,16.578,-0.02821,-0.01449,2.382,0.1144,1.649004,,,,,,,,,,,0.035138,0.9394,19.8,0.9394,2.304706,10,4.071693,-0.03724,0.1144,0,0.02535,1,0.9697,0.03618,-0.06707,0.033049,34.938,-0.03305,-0.02532,3.368,0.1067,4.071693,0.9091,0.06028,-0.11704,0.044158,7.884,-0.04416,-0.0719,4.125,0.1008,1.227666,,,,,,,,,,,,,,,,,,,,,,,,,,,,,,,OMKARCHEM_data,
MACD_Cross_Down_Event + Stoch_Bear_Zone,MACD_Cross_Down_Event + Stoch_Bear_Zone,combo_2,13,momentum,Bearish,,,,,,,,,,,0.9231,0.03307,-0.02759,0.028409,22.099,-0.02841,-0.04954,2.29,0.2252,1.656775,,,,,,,,,,,0.042538,0.9744,22.099,0.9231,2.289976,5,1.656775,-0.06196,0.2252,0,0.11004,0,1.0,0.04074,0.0,0.040738,,-0.04074,-0.06443,3.239,0.1779,0.107509,1.0,0.05847,0.0,0.058469,,-0.05847,-0.0719,3.967,0.219,0.154302,,,,,,,,,,,,,,,,,,,,,,,,,,,,,,,OMKARCHEM_data,
Stoch_Bear_Zone + CDL_GravestoneDoji,Stoch_Bear_Zone + CDL_GravestoneDoji,combo_2,14,momentum,Bearish,,,,,,,,,,,0.9286,0.05928,-0.04294,0.051978,21.034,-0.05198,-0.0634,2.23,0.1954,2.960739,,,,,,,,,,,0.03202,0.9286,25.761,1.0,2.233744,10,5.337096,-0.04777,0.3024,0,0.26592,0,0.9286,0.04266,-0.0184,0.038299,51.459,-0.0383,-0.05147,3.154,0.3024,5.337096,0.9286,0.01802,-0.15337,0.005781,4.79,-0.00578,-0.02844,3.863,0.2904,0.074991,,,,,,,,,,,,,,,,,,,,,,,,,,,,,,,OMKARCHEM_data,
Death_Cross_State + CDL_Engulfing_Bear,Death_Cross_State + CDL_Engulfing_Bear,combo_2,48,trend,Bearish,,,,,,,,,,,,,,,,,,,,,,,,,,,,,,,0.041032,0.875,12.719,1.0,2.031042,30,4.919383,-0.06013,0.1088,0,0.36081,0,0.875,0.04882,-0.06348,0.034782,8.596,-0.03478,-0.04581,3.222,0.0963,1.163612,,,,,,,,,,,0.875,0.04446,-0.08205,0.028647,8.375,-0.02865,-0.08258,4.556,0.1088,0.933759,0.875,0.07318,-0.03493,0.059667,21.185,-0.05967,-0.052,5.58,0.0878,4.919383,,,,,,,,,,,OMKARCHEM_data,
OBV_Falling + CCI_Exit_Overbought,OBV_Falling + CCI_Exit_Overbought,combo_2,26,momentum,Bearish,,,,,,,,,,,0.9231,0.06485,-0.05568,0.05558,18.294,-0.05558,-0.06078,2.1,0.1131,3.351211,,,,,,,,,,,0.046938,0.9103,13.403,0.9615,1.993742,5,3.351211,-0.05993,0.1719,0,0.13826,0,0.8846,0.07604,-0.06891,0.05931,11.731,-0.05931,-0.07644,2.969,0.1169,2.293044,0.9231,0.03653,-0.1013,0.025925,10.185,-0.02592,-0.04258,3.637,0.1719,0.870223,,,,,,,,,,,,,,,,,,,,,,,,,,,,,,,OMKARCHEM_data,
