SignalName,Components,Type,Count,HorizonClass,Direction,WinRate_MFE_3D,AvgWin_3D,AvgLoss_3D,EV_3D,ProfitFactor_3D,AvgReturn_Close_3D,MedianReturn_Close_3D,WinRate_HitEV_3D,AvgMinMovePct_3D,Top1_Trade_Share_3D,MFE_Target_P20_3D,MFE_Target_P50_3D,MFE_Target_P80_3D,CompositeScore_3D,WinRate_MFE_5D,AvgWin_5D,AvgLoss_5D,EV_5D,ProfitFactor_5D,AvgReturn_Close_5D,MedianReturn_Close_5D,WinRate_HitEV_5D,AvgMinMovePct_5D,Top1_Trade_Share_5D,MFE_Target_P20_5D,MFE_Target_P50_5D,MFE_Target_P80_5D,CompositeScore_5D,WinRate_MFE_7D,AvgWin_7D,AvgLoss_7D,EV_7D,ProfitFactor_7D,AvgReturn_Close_7D,MedianReturn_Close_7D,WinRate_HitEV_7D,AvgMinMovePct_7D,Top1_Trade_Share_7D,MFE_Target_P20_7D,MFE_Target_P50_7D,MFE_Target_P80_7D,CompositeScore_7D,AvgEV,AvgWinRate,AvgProfitFactor,Consistency,CompositeScore,BestHorizon,BestHorizonComposite,AvgMedianReturn,AvgWinRate_HitEV,MaxTop1TradeShare,Concentration_Flag,Target1_Conservative_BestHorizon,Target2_Median_BestHorizon,Target3_Stretch_BestHorizon,Fisher_p_min,Fisher_sig_flag,WinRate_MFE_10D,AvgWin_10D,AvgLoss_10D,EV_10D,ProfitFactor_10D,AvgReturn_Close_10D,MedianReturn_Close_10D,WinRate_HitEV_10D,AvgMinMovePct_10D,Top1_Trade_Share_10D,MFE_Target_P20_10D,MFE_Target_P50_10D,MFE_Target_P80_10D,CompositeScore_10D,WinRate_MFE_15D,AvgWin_15D,AvgLoss_15D,EV_15D,ProfitFactor_15D,AvgReturn_Close_15D,MedianReturn_Close_15D,WinRate_HitEV_15D,AvgMinMovePct_15D,Top1_Trade_Share_15D,MFE_Target_P20_15D,MFE_Target_P50_15D,MFE_Target_P80_15D,CompositeScore_15D,WinRate_MFE_20D,AvgWin_20D,AvgLoss_20D,EV_20D,ProfitFactor_20D,AvgReturn_Close_20D,MedianReturn_Close_20D,WinRate_HitEV_20D,AvgMinMovePct_20D,Top1_Trade_Share_20D,MFE_Target_P20_20D,MFE_Target_P50_20D,MFE_Target_P80_20D,CompositeScore_20D,WinRate_MFE_30D,AvgWin_30D,AvgLoss_30D,EV_30D,ProfitFactor_30D,AvgReturn_Close_30D,MedianReturn_Close_30D,WinRate_HitEV_30D,AvgMinMovePct_30D,Top1_Trade_Share_30D,MFE_Target_P20_30D,MFE_Target_P50_30D,MFE_Target_P80_30D,CompositeScore_30D,WinRate_MFE_2D,AvgWin_2D,AvgLoss_2D,EV_2D,ProfitFactor_2D,AvgReturn_Close_2D,MedianReturn_Close_2D,WinRate_HitEV_2D,AvgMinMovePct_2D,Top1_Trade_Share_2D,MFE_Target_P20_2D,MFE_Target_P50_2D,MFE_Target_P80_2D,CompositeScore_2D,Symbol,Company
OBV_Rising + CDL_Marubozu_Bull,OBV_Rising + CDL_Marubozu_Bull,combo_2,28,momentum,Bullish,,,,,,,,,,,,,,,1.0,0.03188,0.0,0.031876,,0.03168,0.01703,0.3929,0.91,0.0942,0.01905,0.03684,0.08224,0.107335,,,,,,,,,,,,,,,0.04096,0.9881,29.717,0.9643,1.32998,15,1.635713,0.0315,0.4524,0.1302,0,0.03774,0.09875,0.15484,0.00214,1,1.0,0.04243,0.0,0.042427,,0.04277,0.04938,0.5357,1.287,0.1279,0.0345,0.06844,0.12265,0.142865,0.9643,0.05264,-0.06101,0.048576,29.717,0.04669,0.0281,0.4286,1.576,0.1302,0.03774,0.09875,0.15484,1.635713,,,,,,,,,,,,,,,,,,,,,,,,,,,,,,,,,,,,,,,,,,,WINSOME_data,
OBV_Trend_Bull + CDL_Marubozu_Bull,OBV_Trend_Bull + CDL_Marubozu_Bull,combo_2,23,momentum,Bullish,,,,,,,,,,,,,,,1.0,0.03164,0.0,0.031642,,0.03145,0.01105,0.4348,0.885,0.1129,0.01905,0.03817,0.08537,0.100561,,,,,,,,,,,,,,,0.038519,0.9855,23.656,0.9565,1.170926,15,1.35155,0.03228,0.4783,0.1632,0,0.03674,0.10145,0.15484,0.00657,1,1.0,0.04139,0.0,0.041387,,0.04237,0.05814,0.5652,1.251,0.1531,0.03011,0.0687,0.12265,0.131529,0.9565,0.04723,-0.06101,0.042528,23.656,0.04082,0.02764,0.4348,1.533,0.1632,0.03674,0.10145,0.15484,1.35155,,,,,,,,,,,,,,,,,,,,,,,,,,,,,,,,,,,,,,,,,,,WINSOME_data,
MACD_Bullish_State + CDL_Marubozu_Bull,MACD_Bullish_State + CDL_Marubozu_Bull,combo_2,22,momentum,Bullish,,,,,,,,,,,,,,,1.0,0.03169,0.0,0.031686,,0.03137,0.01318,0.4091,0.873,0.121,0.01898,0.03684,0.08043,0.099353,,,,,,,,,,,,,,,0.037098,0.9848,20.802,0.9545,1.110338,15,1.236043,0.02718,0.4394,0.1854,0,0.03496,0.08387,0.14776,0.00821,1,1.0,0.04019,0.0,0.040187,,0.04035,0.04145,0.5,1.235,0.1711,0.02906,0.06588,0.12433,0.126006,0.9545,0.0442,-0.06101,0.039421,20.802,0.03947,0.0269,0.4091,1.512,0.1854,0.03496,0.08387,0.14776,1.236043,,,,,,,,,,,,,,,,,,,,,,,,,,,,,,,,,,,,,,,,,,,WINSOME_data,
MACD_Hist_Positive + CDL_Marubozu_Bull,MACD_Hist_Positive + CDL_Marubozu_Bull,combo_2,22,momentum,Bullish,,,,,,,,,,,,,,,1.0,0.03169,0.0,0.031686,,0.03137,0.01318,0.4091,0.873,0.121,0.01898,0.03684,0.08043,0.099353,,,,,,,,,,,,,,,0.037098,0.9848,20.802,0.9545,1.110338,15,1.236043,0.02718,0.4394,0.1854,0,0.03496,0.08387,0.14776,0.00821,1,1.0,0.04019,0.0,0.040187,,0.04035,0.04145,0.5,1.235,0.1711,0.02906,0.06588,0.12433,0.126006,0.9545,0.0442,-0.06101,0.039421,20.802,0.03947,0.0269,0.4091,1.512,0.1854,0.03496,0.08387,0.14776,1.236043,,,,,,,,,,,,,,,,,,,,,,,,,,,,,,,,,,,,,,,,,,,WINSOME_data,
Price_Above_SMA20 + CDL_Marubozu_Bull,Price_Above_SMA20 + CDL_Marubozu_Bull,combo_2,20,momentum,Bullish,,,,,,,,,,,,,,,1.0,0.03048,0.0,0.030477,,0.03013,0.01124,0.4,0.863,0.1377,0.0183,0.03278,0.0834,0.092789,,,,,,,,,,,,,,,0.037702,0.9833,20.936,0.95,1.09045,15,1.330844,0.02693,0.45,0.192,0,0.03306,0.08387,0.16115,0.01281,1,1.0,0.03892,0.0,0.038915,,0.03926,0.04145,0.5,1.221,0.192,0.02729,0.06588,0.11095,0.118479,0.95,0.04922,-0.06101,0.043713,20.936,0.04376,0.0281,0.45,1.495,0.1844,0.03306,0.08387,0.16115,1.330844,,,,,,,,,,,,,,,,,,,,,,,,,,,,,,,,,,,,,,,,,,,WINSOME_data,
MACD_Hist_Positive + Stoch_Bull_Zone,MACD_Hist_Positive + Stoch_Bull_Zone,combo_2,39,momentum,Bullish,,,,,,,,,,,,,,,0.9487,0.02128,-0.05533,0.017355,9.424,0.01728,0.01143,0.4103,0.909,0.0905,0.01615,0.03371,0.07236,0.603305,,,,,,,,,,,,,,,0.023343,0.9658,36.404,0.9744,0.839027,15,1.030483,0.02095,0.4701,0.1208,0,0.02241,0.07143,0.11493,0.00055,1,0.9744,0.02668,-0.04905,0.02474,31.294,0.02286,0.02286,0.4872,1.285,0.1208,0.02241,0.04808,0.10601,0.912632,0.9744,0.02939,-0.02725,0.027935,68.494,0.0242,0.02857,0.5128,1.574,0.1034,0.02241,0.07143,0.11493,1.030483,,,,,,,,,,,,,,,,,,,,,,,,,,,,,,,,,,,,,,,,,,,WINSOME_data,
MACD_Bullish_State + Stoch_Bull_Zone,MACD_Bullish_State + Stoch_Bull_Zone,combo_2,39,momentum,Bullish,,,,,,,,,,,,,,,0.9487,0.02128,-0.05533,0.017355,9.424,0.01728,0.01143,0.4103,0.909,0.0905,0.01615,0.03371,0.07236,0.603305,,,,,,,,,,,,,,,0.023343,0.9658,36.404,0.9744,0.839027,15,1.030483,0.02095,0.4701,0.1208,0,0.02241,0.07143,0.11493,0.00055,1,0.9744,0.02668,-0.04905,0.02474,31.294,0.02286,0.02286,0.4872,1.285,0.1208,0.02241,0.04808,0.10601,0.912632,0.9744,0.02939,-0.02725,0.027935,68.494,0.0242,0.02857,0.5128,1.574,0.1034,0.02241,0.07143,0.11493,1.030483,,,,,,,,,,,,,,,,,,,,,,,,,,,,,,,,,,,,,,,,,,,WINSOME_data,
Price_Above_SMA50,Price_Above_SMA50,single,15,trend,Bullish,,,,,,,,,,,,,,,,,,,,,,,,,,,,,,,,,,,,,,,,,,,0.031245,0.9556,13.027,0.9333,0.80853,30,1.070419,0.03994,0.5333,0.2987,0,0.04703,0.11299,0.17168,0.04231,1,1.0,0.01657,0.0,0.016566,,0.01643,0.01695,0.5333,1.251,0.2029,0.03683,0.05143,0.07143,0.04593,,,,,,,,,,,,,,,0.9333,0.04616,-0.0678,0.038561,14.114,0.03758,0.02857,0.4667,1.769,0.194,0.04703,0.07143,0.13707,1.069128,0.9333,0.04863,-0.10169,0.038607,11.939,0.04131,0.07429,0.6,2.166,0.2987,0.04703,0.11299,0.17168,1.070419,,,,,,,,,,,,,,,WINSOME_data,
MACD_Hist_Rising + CDL_Marubozu_Bull,MACD_Hist_Rising + CDL_Marubozu_Bull,combo_2,25,momentum,Bullish,,,,,,,,,,,,,,,1.0,0.02064,0.0,0.020638,,0.0203,0.01105,0.36,0.935,0.1216,0.01847,0.03383,0.08206,0.06724,,,,,,,,,,,,,,,0.025109,0.96,9.223,0.92,0.694161,10,0.768805,0.0269,0.4533,0.1491,0,0.02088,0.06818,0.11095,0.0062,1,0.96,0.02849,-0.09396,0.023597,11.827,0.02385,0.04348,0.6,1.323,0.1448,0.02088,0.06818,0.11095,0.768805,0.92,0.04316,-0.10769,0.031093,6.619,0.03053,0.02616,0.4,1.62,0.1491,0.02088,0.09605,0.1506,0.670549,,,,,,,,,,,,,,,,,,,,,,,,,,,,,,,,,,,,,,,,,,,WINSOME_data,
CMF_Strong_Bull + OBV_Rising,CMF_Strong_Bull + OBV_Rising,combo_2,20,momentum,Bullish,,,,,,,,,,,,,,,1.0,0.01316,0.0,0.013155,,0.01365,0.01105,0.35,1.033,0.2421,0.01707,0.03224,0.05554,0.040052,,,,,,,,,,,,,,,0.023001,0.9667,15.312,0.95,0.665269,15,0.994551,0.02174,0.45,0.2421,0,0.03865,0.05143,0.09644,0.01745,1,0.95,0.02657,-0.04113,0.023182,14.825,0.02176,0.01987,0.45,1.461,0.1661,0.02819,0.04023,0.09128,0.705777,0.95,0.03736,-0.05656,0.032667,15.8,0.03044,0.03429,0.55,1.789,0.186,0.03865,0.05143,0.09644,0.994551,,,,,,,,,,,,,,,,,,,,,,,,,,,,,,,,,,,,,,,,,,,WINSOME_data,
Price_Above_SMA50 + MACD_Hist_Positive,Price_Above_SMA50 + MACD_Hist_Positive,combo_2,15,trend,Bullish,,,,,,,,,,,,,,,,,,,,,,,,,,,,,,,,,,,,,,,,,,,0.033222,0.9333,7.219,1.0,0.664954,30,0.847344,0.04362,0.5333,0.3035,0,0.04774,0.11299,0.18534,0.04665,1,0.9333,0.02886,-0.07444,0.021977,7.409,0.0219,0.02801,0.5333,1.251,0.1837,0.04318,0.05143,0.0765,0.451466,,,,,,,,,,,,,,,0.9333,0.05549,-0.16708,0.04065,5.997,0.03876,0.02857,0.4667,1.769,0.1853,0.04774,0.07143,0.15856,0.675877,0.9333,0.05002,-0.14474,0.03704,8.251,0.03941,0.07429,0.6,2.167,0.3035,0.04774,0.11299,0.18534,0.847344,,,,,,,,,,,,,,,WINSOME_data,
Price_Above_SMA50 + MACD_Bullish_State,Price_Above_SMA50 + MACD_Bullish_State,combo_2,15,trend,Bullish,,,,,,,,,,,,,,,,,,,,,,,,,,,,,,,,,,,,,,,,,,,0.033222,0.9333,7.219,1.0,0.664954,30,0.847344,0.04362,0.5333,0.3035,0,0.04774,0.11299,0.18534,0.04665,1,0.9333,0.02886,-0.07444,0.021977,7.409,0.0219,0.02801,0.5333,1.251,0.1837,0.04318,0.05143,0.0765,0.451466,,,,,,,,,,,,,,,0.9333,0.05549,-0.16708,0.04065,5.997,0.03876,0.02857,0.4667,1.769,0.1853,0.04774,0.07143,0.15856,0.675877,0.9333,0.05002,-0.14474,0.03704,8.251,0.03941,0.07429,0.6,2.167,0.3035,0.04774,0.11299,0.18534,0.847344,,,,,,,,,,,,,,,WINSOME_data,
RSI_Cross50_Up + Price_Above_SMA20,RSI_Cross50_Up + Price_Above_SMA20,combo_2,20,momentum,Bullish,,,,,,,,,,,,,,,1.0,0.01789,0.0,0.017887,,0.01787,0.01453,0.5,0.893,0.1814,0.01718,0.03979,0.06905,0.054458,,,,,,,,,,,,,,,0.018927,0.9667,14.104,0.95,0.547434,10,0.612092,0.0151,0.45,0.2097,0,0.02599,0.0554,0.07687,0.01745,1,0.95,0.02333,-0.04113,0.020105,14.086,0.01995,0.0157,0.45,1.262,0.2052,0.02599,0.0554,0.07687,0.612092,0.95,0.02276,-0.05656,0.01879,14.123,0.01806,0.01507,0.4,1.546,0.2097,0.03356,0.06053,0.12688,0.572065,,,,,,,,,,,,,,,,,,,,,,,,,,,,,,,,,,,,,,,,,,,WINSOME_data,
MACD_Bullish_State + OBV_Trend_Bull,MACD_Bullish_State + OBV_Trend_Bull,combo_2,20,momentum,Bullish,,,,,,,,,,,,,,,0.95,0.01205,-0.05263,0.008812,8.98,0.00831,0.00679,0.45,0.914,0.189,0.01759,0.03194,0.0747,0.240922,,,,,,,,,,,,,,,0.018928,0.95,9.362,1.0,0.539513,10,0.741355,0.02221,0.5167,0.189,0,0.01939,0.05288,0.09832,0.04318,1,0.95,0.02979,-0.07895,0.02435,11.736,0.0232,0.03558,0.6,1.293,0.1705,0.01939,0.05288,0.09832,0.741355,0.95,0.03248,-0.14474,0.023622,7.37,0.02121,0.02425,0.5,1.583,0.1511,0.0247,0.08571,0.1314,0.53003,,,,,,,,,,,,,,,,,,,,,,,,,,,,,,,,,,,,,,,,,,,WINSOME_data,
MACD_Hist_Positive + OBV_Trend_Bull,MACD_Hist_Positive + OBV_Trend_Bull,combo_2,20,momentum,Bullish,,,,,,,,,,,,,,,0.95,0.01205,-0.05263,0.008812,8.98,0.00831,0.00679,0.45,0.914,0.189,0.01759,0.03194,0.0747,0.240922,,,,,,,,,,,,,,,0.018928,0.95,9.362,1.0,0.539513,10,0.741355,0.02221,0.5167,0.189,0,0.01939,0.05288,0.09832,0.04318,1,0.95,0.02979,-0.07895,0.02435,11.736,0.0232,0.03558,0.6,1.293,0.1705,0.01939,0.05288,0.09832,0.741355,0.95,0.03248,-0.14474,0.023622,7.37,0.02121,0.02425,0.5,1.583,0.1511,0.0247,0.08571,0.1314,0.53003,,,,,,,,,,,,,,,,,,,,,,,,,,,,,,,,,,,,,,,,,,,WINSOME_data,
MACD_Hist_Rising + OBV_Trend_Bull,MACD_Hist_Rising + OBV_Trend_Bull,combo_2,44,momentum,Bullish,,,,,,,,,,,,,,,0.9545,0.01549,-0.04285,0.012838,11.916,0.01244,0.0014,0.4318,0.924,0.0908,0.01687,0.03154,0.06857,0.488718,,,,,,,,,,,,,,,0.014683,0.9545,10.912,0.9545,0.533538,10,0.574888,0.01423,0.4848,0.1147,0,0.01902,0.04755,0.10564,0.00069,1,0.9773,0.01797,-0.10837,0.015102,14.471,0.01548,0.02511,0.5227,1.307,0.1147,0.01902,0.04755,0.10564,0.574888,0.9318,0.02406,-0.0925,0.016109,6.349,0.01556,0.01618,0.5,1.6,0.1096,0.02265,0.05445,0.11843,0.389334,,,,,,,,,,,,,,,,,,,,,,,,,,,,,,,,,,,,,,,,,,,WINSOME_data,
Price_Above_SMA20,Price_Above_SMA20,single,22,momentum,Bullish,,,,,,,,,,,,,,,1.0,0.01785,0.0,0.017846,,0.01799,0.01028,0.4545,0.905,0.1542,0.02106,0.03599,0.07235,0.055957,,,,,,,,,,,,,,,0.017555,0.9848,15.714,0.9545,0.525427,15,0.656823,0.01199,0.4697,0.2209,0,0.02439,0.0643,0.12146,0.00821,1,1.0,0.01387,0.0,0.013872,,0.0149,0.01432,0.5,1.28,0.2209,0.02439,0.0557,0.10426,0.043495,0.9545,0.02485,-0.06101,0.020948,15.714,0.02006,0.01136,0.4545,1.568,0.1757,0.02439,0.0643,0.12146,0.656823,,,,,,,,,,,,,,,,,,,,,,,,,,,,,,,,,,,,,,,,,,,WINSOME_data,
Price_Above_SMA20 + OBV_Rising,Price_Above_SMA20 + OBV_Rising,combo_2,68,momentum,Bullish,,,,,,,,,,,,,,,0.9706,0.01212,-0.05398,0.010171,12.107,0.01,0.00116,0.4265,0.911,0.0708,0.01684,0.02797,0.05409,0.430662,,,,,,,,,,,,,,,0.012696,0.9559,11.001,0.9706,0.521751,10,0.556626,0.00956,0.4706,0.0977,0,0.02247,0.04035,0.0827,9e-05,1,0.9559,0.01604,-0.04948,0.013146,12.838,0.01324,0.01051,0.4559,1.288,0.0977,0.02247,0.04035,0.0827,0.556626,0.9412,0.0205,-0.07695,0.01477,8.057,0.01533,0.01702,0.5294,1.577,0.0937,0.02593,0.04925,0.10526,0.503864,,,,,,,,,,,,,,,,,,,,,,,,,,,,,,,,,,,,,,,,,,,WINSOME_data,
CDL_Marubozu_Bull,CDL_Marubozu_Bull,single,33,candle,Bullish,0.9697,0.01402,-0.00995,0.013296,67.171,0.01328,0.01156,0.4545,0.707,0.0871,0.01736,0.02717,0.05375,0.468866,1.0,0.02546,0.0,0.025461,,0.02512,0.01493,0.3939,0.913,0.0872,0.01769,0.03383,0.08224,0.089783,,,,,,,,,,,,,,,0.01572,0.9697,43.9,0.9394,0.520751,3,0.468866,0.01316,0.4646,0.0872,0,0.01736,0.02717,0.05375,0.00131,1,,,,,,,,,,,,,,,,,,,,,,,,,,,,,,,,,,,,,,,,,,,,,,,,,,,,,,,,,0.9394,0.00975,-0.01244,0.008404,20.629,0.00832,0.01299,0.5455,0.577,0.0778,0.01712,0.02597,0.03538,0.296345,WINSOME_data,
Price_Above_SMA20 + Price_Above_SMA50,Price_Above_SMA20 + Price_Above_SMA50,combo_2,17,trend,Bullish,,,,,,,,,,,,,,,,,,,,,,,,,,,,,,,,,,,,,,,,,,,0.027234,0.9608,6.967,0.9412,0.516185,20,0.660266,0.03714,0.4902,0.3035,0,0.03165,0.07143,0.14935,0.02644,1,1.0,0.01948,0.0,0.019482,,0.01941,0.02801,0.5294,1.228,0.1672,0.02983,0.05143,0.09448,0.056311,,,,,,,,,,,,,,,0.9412,0.04799,-0.16275,0.03559,6.419,0.03369,0.02521,0.4118,1.736,0.1777,0.03165,0.07143,0.14935,0.660266,0.9412,0.03816,-0.15789,0.026629,7.516,0.02952,0.0582,0.5294,2.126,0.3035,0.03165,0.10024,0.18834,0.578515,,,,,,,,,,,,,,,WINSOME_data,
Price_Above_SMA20 + MACD_Hist_Rising,Price_Above_SMA20 + MACD_Hist_Rising,combo_2,43,momentum,Bullish,,,,,,,,,,,,,,,0.9767,0.01563,-0.0579,0.013917,17.665,0.01351,0.0028,0.4419,0.901,0.0905,0.01684,0.0274,0.06757,0.526656,,,,,,,,,,,,,,,0.013881,0.969,14.08,0.9767,0.513054,10,0.534909,0.00851,0.4729,0.1262,0,0.02001,0.04762,0.10542,0.00085,1,0.9767,0.01705,-0.10837,0.014135,13.126,0.01456,0.01681,0.5116,1.274,0.1262,0.02001,0.04762,0.10542,0.534909,0.9535,0.01766,-0.06991,0.013589,11.45,0.01363,0.00592,0.4651,1.56,0.1205,0.02075,0.05325,0.11342,0.514245,,,,,,,,,,,,,,,,,,,,,,,,,,,,,,,,,,,,,,,,,,,WINSOME_data,
RSI_Cross50_Up + OBV_Trend_Bull,RSI_Cross50_Up + OBV_Trend_Bull,combo_2,19,momentum,Bullish,,,,,,,,,,,,,,,1.0,0.01675,0.0,0.016753,,0.0169,0.02326,0.5263,0.913,0.1938,0.01652,0.04469,0.06923,0.050186,,,,,,,,,,,,,,,0.018059,0.9649,14.023,0.9474,0.512532,10,0.597114,0.01685,0.4737,0.2199,0,0.01652,0.05747,0.08776,0.02143,1,0.9474,0.02332,-0.04113,0.019932,14.576,0.01974,0.01397,0.4737,1.291,0.199,0.01652,0.05747,0.08776,0.597114,0.9474,0.02161,-0.05656,0.017493,13.47,0.01677,0.01333,0.4211,1.581,0.2199,0.0233,0.05747,0.13011,0.524042,,,,,,,,,,,,,,,,,,,,,,,,,,,,,,,,,,,,,,,,,,,WINSOME_data,
RSI_Bull_Momentum + OBV_Rising,RSI_Bull_Momentum + OBV_Rising,combo_2,54,momentum,Bullish,,,,,,,,,,,,,,,0.9444,0.01259,-0.04234,0.009536,8.218,0.00933,0.00256,0.4444,0.904,0.0883,0.01687,0.02828,0.05644,0.314064,,,,,,,,,,,,,,,0.012045,0.9444,10.226,1.0,0.482682,10,0.589813,0.00844,0.4568,0.1019,0,0.02148,0.04357,0.08432,0.00067,1,0.9444,0.01834,-0.04677,0.014718,11.113,0.01454,0.01051,0.4259,1.279,0.1006,0.02148,0.04357,0.08432,0.589813,0.9444,0.01585,-0.05565,0.01188,11.348,0.01185,0.01225,0.5,1.566,0.1019,0.02595,0.05188,0.11219,0.476086,,,,,,,,,,,,,,,,,,,,,,,,,,,,,,,,,,,,,,,,,,,WINSOME_data,
Price_Above_SMA20 + OBV_Trend_Bull,Price_Above_SMA20 + OBV_Trend_Bull,combo_2,22,momentum,Bullish,,,,,,,,,,,,,,,0.9545,0.01663,-0.03608,0.014231,15.769,0.01424,0.01576,0.5,0.924,0.1615,0.01999,0.03712,0.07235,0.446214,,,,,,,,,,,,,,,0.015878,0.9394,16.865,0.9545,0.475231,15,0.542735,0.01843,0.5,0.1945,0,0.02049,0.06977,0.1239,0.0532,1,0.9545,0.01755,-0.03093,0.015343,25.243,0.01595,0.02241,0.5455,1.307,0.1945,0.02049,0.05848,0.10159,0.481087,0.9091,0.02498,-0.05112,0.01806,9.584,0.01767,0.01712,0.4545,1.601,0.1719,0.02049,0.06977,0.1239,0.542735,,,,,,,,,,,,,,,,,,,,,,,,,,,,,,,,,,,,,,,,,,,WINSOME_data,
RSI_Cross50_Up + MACD_Hist_Positive,RSI_Cross50_Up + MACD_Hist_Positive,combo_2,17,momentum,Bullish,,,,,,,,,,,,,,,1.0,0.01816,0.0,0.018157,,0.01789,0.02326,0.5294,0.896,0.2009,0.01944,0.04469,0.06692,0.052482,,,,,,,,,,,,,,,0.017267,0.9608,10.862,0.9412,0.469718,10,0.586361,0.01685,0.4706,0.2657,0,0.02841,0.05333,0.06959,0.03231,1,0.9412,0.02388,-0.03727,0.020287,12.173,0.02062,0.01397,0.4118,1.267,0.2617,0.02841,0.05333,0.06959,0.586361,0.9412,0.01773,-0.05656,0.013356,9.55,0.01365,0.01333,0.4706,1.552,0.2657,0.03582,0.05747,0.09816,0.368688,,,,,,,,,,,,,,,,,,,,,,,,,,,,,,,,,,,,,,,,,,,WINSOME_data,
Price_Below_EMA200 + OBV_Trend_Bear,Price_Below_EMA200 + OBV_Trend_Bear,combo_2,13,trend,Bearish,,,,,,,,,,,,,,,,,,,,,,,,,,,,,,,,,,,,,,,,,,,0.045664,0.9231,41.941,1.0,1.205092,30,1.038262,-0.05915,0.5128,0.3543,0,0.04682,0.1122,0.15328,0.30413,0,0.9231,0.04191,-0.00488,0.038309,110.364,-0.04002,-0.02488,0.3846,1.401,0.3543,0.01984,0.04813,0.09064,1.010993,,,,,,,,,,,,,,,0.9231,0.06204,-0.11299,0.048577,7.606,-0.04969,-0.06965,0.5385,1.982,0.3136,0.04682,0.08943,0.12528,0.975058,0.9231,0.06619,-0.14286,0.050106,7.852,-0.05034,-0.08293,0.6154,2.427,0.2559,0.04682,0.1122,0.15328,1.038262,,,,,,,,,,,,,,,WINSOME_data,
Price_Below_EMA200 + MACD_Bearish_State,Price_Below_EMA200 + MACD_Bearish_State,combo_2,13,trend,Bearish,,,,,,,,,,,,,,,,,,,,,,,,,,,,,,,,,,,,,,,,,,,0.046539,0.8718,160.593,0.9231,1.133711,30,2.042333,-0.05943,0.5897,0.3511,0,0.06432,0.08876,0.15898,0.30413,0,0.8462,0.03934,-0.1055,0.01706,2.565,-0.01901,-0.03438,0.6923,1.473,0.3511,0.03174,0.06407,0.08572,0.115499,,,,,,,,,,,,,,,0.8462,0.06042,-0.03871,0.045168,11.265,-0.04781,-0.06218,0.5385,2.084,0.3305,0.03903,0.07254,0.13449,1.192018,0.9231,0.08404,-0.00248,0.077389,467.947,-0.07511,-0.08173,0.5385,2.552,0.2646,0.06432,0.08876,0.15898,2.042333,,,,,,,,,,,,,,,WINSOME_data,
Price_Below_EMA200 + MACD_Hist_Negative,Price_Below_EMA200 + MACD_Hist_Negative,combo_2,13,trend,Bearish,,,,,,,,,,,,,,,,,,,,,,,,,,,,,,,,,,,,,,,,,,,0.046539,0.8718,160.593,0.9231,1.133711,30,2.042333,-0.05943,0.5897,0.3511,0,0.06432,0.08876,0.15898,0.30413,0,0.8462,0.03934,-0.1055,0.01706,2.565,-0.01901,-0.03438,0.6923,1.473,0.3511,0.03174,0.06407,0.08572,0.115499,,,,,,,,,,,,,,,0.8462,0.06042,-0.03871,0.045168,11.265,-0.04781,-0.06218,0.5385,2.084,0.3305,0.03903,0.07254,0.13449,1.192018,0.9231,0.08404,-0.00248,0.077389,467.947,-0.07511,-0.08173,0.5385,2.552,0.2646,0.06432,0.08876,0.15898,2.042333,,,,,,,,,,,,,,,WINSOME_data,
Price_Below_SMA20 + OBV_Falling,Price_Below_SMA20 + OBV_Falling,combo_2,80,momentum,Bearish,,,,,,,,,,,,,,,0.975,0.01701,-0.05057,0.01532,19.445,-0.01508,-0.0162,0.5125,0.976,0.0519,0.01899,0.03771,0.06368,0.673235,,,,,,,,,,,,,,,0.022747,0.9583,14.899,0.975,0.97463,15,1.261114,-0.02515,0.5125,0.0633,0,0.02463,0.06537,0.12581,0.00026,1,0.95,0.0268,-0.05054,0.022932,15.682,-0.02337,-0.02312,0.5125,1.38,0.0579,0.02393,0.05322,0.09343,1.007741,0.95,0.03745,-0.1117,0.02999,9.569,-0.02996,-0.03614,0.5125,1.69,0.0633,0.02463,0.06537,0.12581,1.261114,,,,,,,,,,,,,,,,,,,,,,,,,,,,,,,,,,,,,,,,,,,WINSOME_data,
MACD_Hist_Negative + OBV_Trend_Bear,MACD_Hist_Negative + OBV_Trend_Bear,combo_2,18,momentum,Bearish,,,,,,,,,,,,,,,0.9444,0.02738,-0.01087,0.02526,49.453,-0.02554,-0.02966,0.5556,0.949,0.1997,0.01544,0.03923,0.05962,0.743754,,,,,,,,,,,,,,,0.03092,0.9444,23.652,1.0,0.910435,15,1.115138,-0.03088,0.4815,0.2869,0,0.04305,0.06444,0.12452,0.24862,0,0.9444,0.03633,-0.08426,0.029629,7.853,-0.02997,-0.02141,0.3333,1.342,0.2869,0.02832,0.06053,0.09411,0.685092,0.9444,0.04428,-0.0711,0.037873,13.651,-0.03837,-0.04156,0.5556,1.643,0.2076,0.04305,0.06444,0.12452,1.115138,,,,,,,,,,,,,,,,,,,,,,,,,,,,,,,,,,,,,,,,,,,WINSOME_data,
MACD_Bearish_State + OBV_Trend_Bear,MACD_Bearish_State + OBV_Trend_Bear,combo_2,18,momentum,Bearish,,,,,,,,,,,,,,,0.9444,0.02738,-0.01087,0.02526,49.453,-0.02554,-0.02966,0.5556,0.949,0.1997,0.01544,0.03923,0.05962,0.743754,,,,,,,,,,,,,,,0.03092,0.9444,23.652,1.0,0.910435,15,1.115138,-0.03088,0.4815,0.2869,0,0.04305,0.06444,0.12452,0.24862,0,0.9444,0.03633,-0.08426,0.029629,7.853,-0.02997,-0.02141,0.3333,1.342,0.2869,0.02832,0.06053,0.09411,0.685092,0.9444,0.04428,-0.0711,0.037873,13.651,-0.03837,-0.04156,0.5556,1.643,0.2076,0.04305,0.06444,0.12452,1.115138,,,,,,,,,,,,,,,,,,,,,,,,,,,,,,,,,,,,,,,,,,,WINSOME_data,
Price_Below_SMA20 + OBV_Trend_Bear,Price_Below_SMA20 + OBV_Trend_Bear,combo_2,22,momentum,Bearish,,,,,,,,,,,,,,,0.9545,0.02476,-0.01087,0.023139,57.826,-0.02281,-0.02966,0.5455,0.902,0.1707,0.0151,0.03541,0.05503,0.725524,,,,,,,,,,,,,,,0.03024,0.9848,57.826,0.9545,0.90507,5,0.725524,-0.02611,0.4697,0.2138,0,0.0151,0.03541,0.05503,0.04124,1,1.0,0.03123,0.0,0.031234,,-0.03085,-0.01994,0.3636,1.276,0.2138,0.02267,0.05038,0.095,0.097934,1.0,0.03635,0.0,0.036347,,-0.03642,-0.02873,0.5,1.563,0.2053,0.02897,0.05986,0.1275,0.113965,,,,,,,,,,,,,,,,,,,,,,,,,,,,,,,,,,,,,,,,,,,WINSOME_data,
OBV_Trend_Bear,OBV_Trend_Bear,single,22,momentum,Bearish,,,,,,,,,,,,,,,0.9545,0.01877,-0.01087,0.017422,51.806,-0.01733,-0.00557,0.4545,0.91,0.1902,0.0151,0.03025,0.05211,0.546276,,,,,,,,,,,,,,,0.028115,0.9697,111.172,0.9545,0.841465,10,0.843921,-0.0186,0.4394,0.2366,0,0.02316,0.0433,0.095,0.05232,1,0.9545,0.02843,-0.00488,0.026915,170.539,-0.02626,-0.01477,0.3636,1.287,0.2366,0.02316,0.0433,0.095,0.843921,1.0,0.04001,0.0,0.040007,,-0.03992,-0.03547,0.5,1.576,0.1986,0.02949,0.05448,0.1275,0.125441,,,,,,,,,,,,,,,,,,,,,,,,,,,,,,,,,,,,,,,,,,,WINSOME_data,
OBV_Trend_Bear + VWAP_Bear,OBV_Trend_Bear + VWAP_Bear,combo_2,22,momentum,Bearish,,,,,,,,,,,,,,,0.9545,0.02134,-0.01087,0.019876,54.762,-0.01978,-0.01315,0.5,0.917,0.1801,0.0151,0.0309,0.05258,0.623204,,,,,,,,,,,,,,,0.027995,0.9697,118.316,0.9545,0.837876,10,0.929624,-0.02075,0.4242,0.2221,0,0.02316,0.04762,0.09176,0.05232,1,0.9545,0.03129,-0.00488,0.029648,181.871,-0.029,-0.02449,0.3636,1.297,0.2221,0.02316,0.04762,0.09176,0.929624,1.0,0.03446,0.0,0.03446,,-0.03438,-0.0246,0.4091,1.588,0.2189,0.02949,0.05986,0.10015,0.10805,,,,,,,,,,,,,,,,,,,,,,,,,,,,,,,,,,,,,,,,,,,WINSOME_data,
OBV_Falling + CDL_GravestoneDoji,OBV_Falling + CDL_GravestoneDoji,combo_2,17,momentum,Bearish,,,,,,,,,,,,,,,0.9412,0.0177,-0.01316,0.015889,34.895,-0.01603,-0.00855,0.4706,0.965,0.1872,0.0206,0.0411,0.05674,0.459251,,,,,,,,,,,,,,,0.030278,0.9608,40.829,0.9412,0.823672,15,1.032335,-0.01958,0.4706,0.1872,0,0.02285,0.0615,0.14364,0.08601,1,1.0,0.03923,0.0,0.039229,,-0.03916,-0.03704,0.4706,1.365,0.1676,0.02151,0.04274,0.10589,0.113387,0.9412,0.03915,-0.01923,0.035716,46.763,-0.03549,-0.01316,0.4706,1.672,0.1871,0.02285,0.0615,0.14364,1.032335,,,,,,,,,,,,,,,,,,,,,,,,,,,,,,,,,,,,,,,,,,,WINSOME_data,
MACD_Hist_Negative + OBV_Falling,MACD_Hist_Negative + OBV_Falling,combo_2,59,momentum,Bearish,,,,,,,,,,,,,,,0.9661,0.01969,-0.0666,0.016765,11.747,-0.01681,-0.01923,0.5254,0.961,0.0722,0.01654,0.04035,0.06453,0.686408,,,,,,,,,,,,,,,0.026033,0.9266,8.089,0.9322,0.803767,15,0.838841,-0.03142,0.5367,0.0747,0,0.02715,0.06944,0.13447,0.0052,1,0.9153,0.03733,-0.08092,0.027309,6.499,-0.02802,-0.0355,0.5763,1.359,0.0745,0.02439,0.05325,0.09752,0.726689,0.8983,0.04835,-0.0925,0.034024,6.021,-0.03427,-0.03953,0.5085,1.665,0.0747,0.02715,0.06944,0.13447,0.838841,,,,,,,,,,,,,,,,,,,,,,,,,,,,,,,,,,,,,,,,,,,WINSOME_data,
MACD_Bearish_State + OBV_Falling,MACD_Bearish_State + OBV_Falling,combo_2,59,momentum,Bearish,,,,,,,,,,,,,,,0.9661,0.01969,-0.0666,0.016765,11.747,-0.01681,-0.01923,0.5254,0.961,0.0722,0.01654,0.04035,0.06453,0.686408,,,,,,,,,,,,,,,0.026033,0.9266,8.089,0.9322,0.803767,15,0.838841,-0.03142,0.5367,0.0747,0,0.02715,0.06944,0.13447,0.0052,1,0.9153,0.03733,-0.08092,0.027309,6.499,-0.02802,-0.0355,0.5763,1.359,0.0745,0.02439,0.05325,0.09752,0.726689,0.8983,0.04835,-0.0925,0.034024,6.021,-0.03427,-0.03953,0.5085,1.665,0.0747,0.02715,0.06944,0.13447,0.838841,,,,,,,,,,,,,,,,,,,,,,,,,,,,,,,,,,,,,,,,,,,WINSOME_data,
Price_Below_SMA20 + VWAP_Bear,Price_Below_SMA20 + VWAP_Bear,combo_2,23,momentum,Bearish,,,,,,,,,,,,,,,0.9565,0.02249,-0.05294,0.019209,12.338,-0.01883,-0.02105,0.5652,0.939,0.1557,0.02139,0.03947,0.05476,0.610469,,,,,,,,,,,,,,,0.025926,0.971,12.338,0.9565,0.788113,5,0.610469,-0.03017,0.5217,0.2323,0,0.02139,0.03947,0.05476,0.04563,1,0.9565,0.03114,0.0,0.029784,,-0.03079,-0.02778,0.4783,1.328,0.1738,0.02444,0.05556,0.09091,0.094654,1.0,0.02878,0.0,0.028785,,-0.02984,-0.04167,0.5217,1.627,0.2323,0.03811,0.06944,0.10084,0.09148,,,,,,,,,,,,,,,,,,,,,,,,,,,,,,,,,,,,,,,,,,,WINSOME_data,
Price_Below_SMA20 + CDL_GravestoneDoji,Price_Below_SMA20 + CDL_GravestoneDoji,combo_2,19,momentum,Bearish,,,,,,,,,,,,,,,0.9474,0.01588,-0.07211,0.011253,6.547,-0.01128,-0.00855,0.4737,0.962,0.1818,0.021,0.03704,0.05646,0.220697,,,,,,,,,,,,,,,0.027565,0.9298,11.399,0.9474,0.782313,10,1.081622,-0.02889,0.5088,0.1818,0,0.02174,0.04324,0.10089,0.22153,0,0.9474,0.04059,-0.04465,0.036105,17.92,-0.03619,-0.03704,0.5263,1.361,0.1572,0.02174,0.04324,0.10089,1.081622,0.8947,0.04566,-0.0524,0.035337,9.729,-0.03521,-0.0411,0.5263,1.666,0.1651,0.03101,0.06944,0.1435,1.029915,,,,,,,,,,,,,,,,,,,,,,,,,,,,,,,,,,,,,,,,,,,WINSOME_data,
Price_Below_SMA50 + CDL_GravestoneDoji,Price_Below_SMA50 + CDL_GravestoneDoji,combo_2,17,trend,Bearish,,,,,,,,,,,,,,,,,,,,,,,,,,,,,,,,,,,,,,,,,,,0.030381,0.8824,15.153,0.8235,0.723172,20,0.977228,-0.00629,0.3725,0.3484,0,0.02151,0.04819,0.10799,0.17025,0,0.9412,0.02199,-0.04503,0.018049,10.042,-0.01803,-0.01337,0.4118,1.37,0.2303,0.0206,0.03209,0.08322,0.521693,,,,,,,,,,,,,,,0.7647,0.04624,-0.0066,0.03381,20.265,-0.03372,-0.00549,0.3529,1.938,0.2593,0.02151,0.04819,0.10799,0.977228,0.9412,0.04174,0.0,0.039285,,-0.03898,0.0,0.3529,2.373,0.3484,0.04713,0.07692,0.17375,0.113549,,,,,,,,,,,,,,,WINSOME_data,
MACD_Bearish_State + CDL_GravestoneDoji,MACD_Bearish_State + CDL_GravestoneDoji,combo_2,12,momentum,Bearish,,,,,,,,,,,,,,,1.0,0.01683,0.0,0.016828,,-0.017,-0.02749,0.5,0.946,0.2419,0.02072,0.04192,0.05662,0.043162,,,,,,,,,,,,,,,0.0301,0.9722,30.85,0.9167,0.707717,15,0.902822,-0.03188,0.5278,0.275,0,0.03818,0.06944,0.13315,0.15652,0,1.0,0.03827,0.0,0.038274,,-0.03811,-0.04345,0.5833,1.338,0.1989,0.02499,0.05556,0.09517,0.098172,0.9167,0.04015,-0.01923,0.035198,30.85,-0.03481,-0.02471,0.5,1.639,0.275,0.03818,0.06944,0.13315,0.902822,,,,,,,,,,,,,,,,,,,,,,,,,,,,,,,,,,,,,,,,,,,WINSOME_data,
MACD_Hist_Negative + CDL_GravestoneDoji,MACD_Hist_Negative + CDL_GravestoneDoji,combo_2,12,momentum,Bearish,,,,,,,,,,,,,,,1.0,0.01683,0.0,0.016828,,-0.017,-0.02749,0.5,0.946,0.2419,0.02072,0.04192,0.05662,0.043162,,,,,,,,,,,,,,,0.0301,0.9722,30.85,0.9167,0.707717,15,0.902822,-0.03188,0.5278,0.275,0,0.03818,0.06944,0.13315,0.15652,0,1.0,0.03827,0.0,0.038274,,-0.03811,-0.04345,0.5833,1.338,0.1989,0.02499,0.05556,0.09517,0.098172,0.9167,0.04015,-0.01923,0.035198,30.85,-0.03481,-0.02471,0.5,1.639,0.275,0.03818,0.06944,0.13315,0.902822,,,,,,,,,,,,,,,,,,,,,,,,,,,,,,,,,,,,,,,,,,,WINSOME_data,
MACD_Bearish_State + MACD_Hist_Falling,MACD_Bearish_State + MACD_Hist_Falling,combo_2,40,momentum,Bearish,,,,,,,,,,,,,,,0.95,0.02572,-0.04927,0.021968,13.141,-0.02219,-0.03075,0.575,0.968,0.0875,0.01793,0.04588,0.06451,0.815816,,,,,,,,,,,,,,,0.025765,0.9,7.893,0.9,0.679656,5,0.815816,-0.03252,0.5333,0.1168,0,0.01793,0.04588,0.06451,0.05773,1,0.9,0.03445,-0.0838,0.022622,4.949,-0.02372,-0.03494,0.525,1.37,0.1168,0.02217,0.05656,0.09406,0.415747,0.85,0.04966,-0.06336,0.032705,5.588,-0.03325,-0.03188,0.5,1.677,0.1148,0.02217,0.06897,0.14343,0.678671,,,,,,,,,,,,,,,,,,,,,,,,,,,,,,,,,,,,,,,,,,,WINSOME_data,
MACD_Hist_Negative + MACD_Hist_Falling,MACD_Hist_Negative + MACD_Hist_Falling,combo_2,40,momentum,Bearish,,,,,,,,,,,,,,,0.95,0.02572,-0.04927,0.021968,13.141,-0.02219,-0.03075,0.575,0.968,0.0875,0.01793,0.04588,0.06451,0.815816,,,,,,,,,,,,,,,0.025765,0.9,7.893,0.9,0.679656,5,0.815816,-0.03252,0.5333,0.1168,0,0.01793,0.04588,0.06451,0.05773,1,0.9,0.03445,-0.0838,0.022622,4.949,-0.02372,-0.03494,0.525,1.37,0.1168,0.02217,0.05656,0.09406,0.415747,0.85,0.04966,-0.06336,0.032705,5.588,-0.03325,-0.03188,0.5,1.677,0.1148,0.02217,0.06897,0.14343,0.678671,,,,,,,,,,,,,,,,,,,,,,,,,,,,,,,,,,,,,,,,,,,WINSOME_data,
OBV_Falling + OBV_Trend_Bear,OBV_Falling + OBV_Trend_Bear,combo_2,70,momentum,Bearish,,,,,,,,,,,,,,,0.9571,0.01454,-0.02649,0.012781,19.113,-0.01299,-0.00586,0.4571,0.965,0.0705,0.01795,0.03509,0.05748,0.544822,,,,,,,,,,,,,,,0.016173,0.9476,12.418,0.9857,0.679544,10,0.718591,-0.0121,0.4714,0.0847,0,0.02255,0.04105,0.09147,0.00515,1,0.9429,0.02104,-0.05208,0.016858,11.036,-0.01726,-0.01456,0.4714,1.365,0.0847,0.02255,0.04105,0.09147,0.718591,0.9429,0.02669,-0.10996,0.018879,7.106,-0.01949,-0.01587,0.4857,1.671,0.0811,0.02439,0.05754,0.11541,0.571883,,,,,,,,,,,,,,,,,,,,,,,,,,,,,,,,,,,,,,,,,,,WINSOME_data,
OBV_Trend_Bear + CDL_GravestoneDoji,OBV_Trend_Bear + CDL_GravestoneDoji,combo_2,19,momentum,Bearish,,,,,,,,,,,,,,,0.9474,0.01571,-0.07211,0.011085,6.764,-0.01112,-0.01389,0.5263,0.937,0.1761,0.01935,0.0411,0.05646,0.224612,,,,,,,,,,,,,,,0.02386,0.9298,11.056,0.9474,0.677168,10,1.069042,-0.01698,0.4912,0.1943,0,0.021,0.04687,0.10089,0.22153,0,0.9474,0.04015,-0.04465,0.035685,18.139,-0.03577,-0.03704,0.5263,1.325,0.1553,0.021,0.04687,0.10089,1.069042,0.8947,0.03389,-0.0524,0.02481,8.265,-0.02469,0.0,0.4211,1.622,0.1943,0.02174,0.05479,0.1435,0.614302,,,,,,,,,,,,,,,,,,,,,,,,,,,,,,,,,,,,,,,,,,,WINSOME_data,
MACD_Hist_Falling + OBV_Trend_Bear,MACD_Hist_Falling + OBV_Trend_Bear,combo_2,51,momentum,Bearish,,,,,,,,,,,,,,,0.9608,0.01578,-0.00854,0.014823,71.499,-0.01519,-0.0059,0.451,0.968,0.0876,0.01648,0.03141,0.05689,0.585702,,,,,,,,,,,,,,,0.017539,0.9412,30.539,0.9608,0.665822,15,0.735415,-0.01001,0.4771,0.1197,0,0.02439,0.0534,0.11881,0.01491,1,0.9412,0.01933,-0.04534,0.015523,11.761,-0.01614,-0.01579,0.5098,1.369,0.1197,0.02198,0.04242,0.09145,0.613368,0.9216,0.02995,-0.06798,0.02227,8.358,-0.02252,-0.00833,0.4706,1.677,0.0884,0.02439,0.0534,0.11881,0.735415,,,,,,,,,,,,,,,,,,,,,,,,,,,,,,,,,,,,,,,,,,,WINSOME_data,
Price_Below_SMA20,Price_Below_SMA20,single,23,momentum,Bearish,,,,,,,,,,,,,,,0.9565,0.01697,-0.05294,0.01393,11.179,-0.01358,-0.01609,0.5217,0.922,0.1716,0.02139,0.03684,0.05467,0.442697,,,,,,,,,,,,,,,0.020071,0.971,11.179,0.9565,0.610123,5,0.442697,-0.0271,0.5362,0.2304,0,0.02139,0.03684,0.05467,0.04563,1,0.9565,0.02069,0.0,0.019793,,-0.0211,-0.02312,0.5217,1.304,0.1999,0.02227,0.04535,0.08188,0.062902,1.0,0.02649,0.0,0.02649,,-0.02755,-0.04211,0.5652,1.597,0.2304,0.02814,0.05728,0.10084,0.084185,,,,,,,,,,,,,,,,,,,,,,,,,,,,,,,,,,,,,,,,,,,WINSOME_data,
MACD_Bearish_State + VWAP_Bear,MACD_Bearish_State + VWAP_Bear,combo_2,17,momentum,Bearish,,,,,,,,,,,,,,,0.9412,0.03187,-0.09371,0.024479,6.707,-0.02469,-0.03627,0.5882,0.979,0.1805,0.02961,0.05115,0.06206,0.47455,,,,,,,,,,,,,,,0.030838,0.902,6.48,0.9412,0.543561,15,1.014963,-0.03737,0.549,0.2541,0,0.05841,0.07182,0.1161,0.27847,0,0.8824,0.04638,-0.10499,0.028574,3.833,-0.02964,-0.03438,0.5294,1.385,0.2419,0.02992,0.06471,0.09184,0.316522,0.8824,0.05194,-0.05411,0.03946,8.899,-0.03944,-0.04145,0.5294,1.696,0.2541,0.05841,0.07182,0.1161,1.014963,,,,,,,,,,,,,,,,,,,,,,,,,,,,,,,,,,,,,,,,,,,WINSOME_data,
MACD_Hist_Negative + VWAP_Bear,MACD_Hist_Negative + VWAP_Bear,combo_2,17,momentum,Bearish,,,,,,,,,,,,,,,0.9412,0.03187,-0.09371,0.024479,6.707,-0.02469,-0.03627,0.5882,0.979,0.1805,0.02961,0.05115,0.06206,0.47455,,,,,,,,,,,,,,,0.030838,0.902,6.48,0.9412,0.543561,15,1.014963,-0.03737,0.549,0.2541,0,0.05841,0.07182,0.1161,0.27847,0,0.8824,0.04638,-0.10499,0.028574,3.833,-0.02964,-0.03438,0.5294,1.385,0.2419,0.02992,0.06471,0.09184,0.316522,0.8824,0.05194,-0.05411,0.03946,8.899,-0.03944,-0.04145,0.5294,1.696,0.2541,0.05841,0.07182,0.1161,1.014963,,,,,,,,,,,,,,,,,,,,,,,,,,,,,,,,,,,,,,,,,,,WINSOME_data,
